spot_id,log_total_counts_z,log_total_counts_outlier,n_genes_by_counts_z,n_genes_by_counts_outlier,pct_counts_mt_z,pct_counts_mt_outlier
AACACTTGGCAAGGAA-1,-0.4249134063720703,False,-0.6101038385826771,False,-0.8015689849853516,False
AACAGGATTCATAGTT-1,-2.2527503967285156,False,-1.3997879788639367,False,0.2631876468658447,False
AACAGGCCAACGATTA-1,0.0566018782556057,False,0.11313204545454546,False,-0.2381395697593689,False
AACAGGTTATTGCACC-1,0.5435535907745361,False,0.20009888751545116,False,-0.5509973764419556,False
AACAGGTTCACCGAAG-1,0.5080462098121643,False,0.641327868852459,False,0.6086177825927734,False
AACAGTCAGGCTCCGC-1,-1.7390443086624146,False,-1.8010790414878397,False,-0.7133909463882446,False
AACAGTCCACGCGGTG-1,-1.1160376071929932,False,-0.5143372093023256,False,-0.9154524207115173,False
AACATACTCATATGCG-1,-0.038656651973724365,False,0.5346178977272728,False,-0.017375780269503593,False
AACATAGTCTATCTAC-1,-0.3340086340904236,False,0.40796370967741935,False,-0.8766542077064514,False
AACATCTAATGACCGG-1,-2.167868137359619,False,-1.6799788223140495,False,-1.1676136255264282,False
AACATCTTAAGGCTCA-1,-1.3602416515350342,False,-1.192334219858156,False,-1.179150104522705,False
AACATGACGCAGCGTG-1,-1.1533751487731934,False,-1.1302638418079096,False,-0.4674779772758484,False
AACATGACTTGGCTGC-1,0.556373119354248,False,0.7564817902588854,False,1.6633820533752441,False
AACATGCGCAAGTGAG-1,-0.458202987909317,False,-1.089391731112433,False,-0.47020646929740906,False
AACCAAGGTATCAGGC-1,-0.36006587743759155,False,-0.4868130434782609,False,-0.7969617247581482,False
AACCAATCTGGTTGGC-1,-1.2673877477645874,False,-0.9256931034482758,False,-0.16728812456130981,False
AACCACTAACATGATT-1,1.0292835235595703,False,0.6386671875000001,False,0.6115220785140991,False
AACCACTGCCATAGCC-1,1.1333742141723633,False,-0.2636119266055046,False,0.005072642117738724,False
AACCAGAATCAGACGT-1,0.5982881784439087,False,0.5796252747252747,False,0.2902493476867676,False
AACCATAGAATTCGAA-1,-1.1215035915374756,False,-1.744107111111111,False,-0.5259388089179993,False
AACCATCGGAAGCGAC-1,-1.022459626197815,False,-0.7255198717948718,False,0.09446506947278976,False
AACCATGAATTGCCTT-1,-1.3279722929000854,False,-1.1921324786324785,False,-1.1985948085784912,False
AACCGCATGTATGTTA-1,-0.353354275226593,False,-0.088650534895568,False,1.1006841659545898,False
AACCGCCAGACTACTT-1,-0.13694870471954346,False,-0.6586568221070812,False,-0.8918218016624451,False
AACCGCGGTAACTACA-1,0.1532200276851654,False,-0.013341758241758242,False,-0.22265145182609558,False
AACCGTGCTTATGTTG-1,-0.6920112371444702,False,-0.9145697608200456,False,-0.5120040774345398,False
AACCTAAGATACTGAG-1,0.8341134190559387,False,0.6685006353240153,False,0.38771364092826843,False
AACCTACAGAGGTAGT-1,0.5336177349090576,False,0.7160003536067893,False,0.1580432802438736,False
AACCTACCTACCGGTT-1,-2.132349967956543,False,-1.720599537037037,False,-1.2037818431854248,False
AACCTACTGTAACTCA-1,2.0220634937286377,False,2.554517892644135,False,0.4339859187602997,False
AACCTGACAGTGCCGC-1,0.27219778299331665,False,0.24251106870229008,False,-0.35209962725639343,False
AACCTTAGCGTCCGGT-1,0.5920726656913757,False,0.6285567620927937,False,2.906571626663208,False
AACGAAGCGTGGAAGT-1,-0.0932580903172493,False,0.14243669912865198,False,-0.32916539907455444,False
AACGAATTGACCGGTT-1,-0.6818649768829346,False,-0.5837430433251145,False,-0.5593841075897217,False
AACGACCATTCGAATC-1,0.606188952922821,False,0.30133413205537807,False,0.12758533656597137,False
AACGAGCCTCTTCGGC-1,-0.3828941285610199,False,-0.274015625,False,-0.3753715455532074,False
AACGAGCTAATAACTA-1,0.3435651659965515,False,0.1314425541316836,False,-0.07582560181617737,False
AACGCTTCGAGTAACT-1,-4.105875015258789,True,-3.762255988023952,True,-1.85360848903656,False
AACGGCACAGAATATT-1,-0.6427657604217529,False,-0.5145670103092783,False,-1.6614960432052612,False
AACGTCGCGACAAGGT-1,-0.9061970114707947,False,-0.3925084496693607,False,0.42249923944473267,False
AACGTGACGGTCCACC-1,0.1631096452474594,False,-0.06840924401197605,False,-0.571174681186676,False
AACTAGCACTGTTCGA-1,0.11557630449533463,False,0.731171334431631,False,1.2785550355911255,False
AACTAGCATCACGTAC-1,-0.8035597205162048,False,-0.7130711143695014,False,-0.920501708984375,False
AACTAGCCTAATAGCA-1,-1.7305736541748047,False,-1.0524998598261843,False,1.0313265323638916,False
AACTAGCCTTGCAATA-1,0.5385377407073975,False,-0.004864182692307692,False,-0.4725063443183899,False
AACTAGCGCTCCAGTT-1,0.9469242691993713,False,1.2431446173800258,False,0.988585889339447,False
AACTAGGCCTGACACC-1,0.5408312082290649,False,0.2958383095037847,False,0.03327476233243942,False
AACTATCTAGCAGTAT-1,0.13912448287010193,False,0.10914239482200648,False,-0.3473395109176636,False
AACTATGCTGCATTCG-1,0.45432019233703613,False,0.7946729257641921,False,0.35446855425834656,False
AACTATGTGCTTGTTA-1,0.15436847507953644,False,0.27530612244897956,False,-2.112856864929199,False
AACTATTCTGCGGCCT-1,0.4602982699871063,False,0.08323380107304994,False,-0.508978009223938,False
AACTCAACCTTGACCA-1,0.27602532505989075,False,0.1162059925093633,False,-0.011370106600224972,False
AACTCAACTTGACAGC-1,0.15156200528144836,False,-0.5248478089222266,False,-0.6752461791038513,False
AACTCACCGAACTTAT-1,-0.013995625078678131,False,-0.28793088965253916,False,-0.22501054406166077,False
AACTCACCTCGGTGTT-1,-0.17199814319610596,False,0.3267390917186109,False,-0.6586928367614746,False
AACTCAGATCCATGCC-1,1.1138994693756104,False,1.0234397746967072,False,0.9872164726257324,False
AACTGCAACGTCCTGG-1,0.4804154336452484,False,0.5545815879201169,False,0.6377831101417542,False
AACTGCAATACGGATT-1,-0.9029907584190369,False,-0.7526674113376153,False,0.487820565700531,False
AACTGCCGGAGTAACA-1,0.7906917929649353,False,0.7312938368055556,False,0.6710703372955322,False
AACTGCCTCGATAGGT-1,1.1184260845184326,False,0.8431855041263007,False,0.7250227928161621,False
AACTGCGATCGACTAA-1,0.44222038984298706,False,0.46105063291139237,False,-0.6771932244300842,False
AACTGCGATGAATAGG-1,1.0636718273162842,False,1.3119464618249534,False,0.3649321496486664,False
AACTGCTACCTCGATA-1,0.3728659451007843,False,1.018576923076923,False,-0.05781964585185051,False
AACTGGATACTTCACT-1,0.900731086730957,False,0.9331225714285715,False,1.1208958625793457,False
AACTTAACAGTGAGGA-1,0.5292831659317017,False,0.4638134831460674,False,0.5695123076438904,False
AACTTATGATACGTAC-1,0.10335826128721237,False,-0.30417826876513315,False,-0.20371776819229126,False
AACTTCAAGGATAATC-1,0.14997979998588562,False,0.38968716719914803,False,-0.30884304642677307,False
AACTTCACAATAACTG-1,1.7512104511260986,False,1.0413983516483516,False,1.0016906261444092,False
AACTTCAGATACTACC-1,0.37985414266586304,False,0.3550402722631878,False,0.41029953956604004,False
AACTTCAGCATGGCCG-1,-0.7660799026489258,False,-0.8366333333333333,False,2.5283334255218506,False
AACTTCATCTTCTGGT-1,0.6388642191886902,False,0.5740599273607748,False,0.22635281085968018,False
AACTTCGCTTAGTCAG-1,-0.15879252552986145,False,-0.32163180661577606,False,-0.26591113209724426,False
AACTTGCAACTTGGAC-1,0.19042663276195526,False,0.09070117395944503,False,-0.33747202157974243,False
AACTTGGTTAATACTA-1,-0.3876686990261078,False,-0.5320431491294474,False,-0.09146363288164139,False
AAGAATTCTGGCTGCA-1,0.10531803965568542,False,-0.2973970775095299,False,-0.72471684217453,False
AAGACAATCTCCTGCA-1,-1.15860915184021,False,-0.7379344262295081,False,-2.0119903087615967,False
AAGACTAAGGAGATCC-1,0.7644984722137451,False,0.6387310606060606,False,0.21963301301002502,False
AAGACTCAAGGCTCCA-1,0.04194669798016548,False,-0.1271553338762215,False,-0.6690941452980042,False
AAGACTGCTACTTCCT-1,0.8664495348930359,False,0.5150251937984496,False,-0.3845745921134949,False
AAGACTGTCATAGTGC-1,0.6806240677833557,False,0.5240008143322475,False,0.764774739742279,False
AAGAGCAGATGTGCCA-1,0.10273022204637527,False,0.33009187386294725,False,0.8104292750358582,False
AAGATACAGGCGAACG-1,-0.4654715061187744,False,-0.38943952007835453,False,0.29738369584083557,False
AAGATAGTCGACCTTG-1,1.2244057655334473,False,1.2789886075949366,False,1.515905499458313,False
AAGATGAAGGTCATCG-1,-0.7365584373474121,False,-0.68549570999571,False,-0.5331736207008362,False
AAGATGCACTATACTT-1,-1.7846810817718506,False,-1.0502686400446801,False,1.1957906484603882,False
AAGATGGCCGCTAGTT-1,0.7716894745826721,False,0.6999665587918016,False,0.31950750946998596,False
AAGATTAGGCTGTCTA-1,-0.8584157824516296,False,-0.6011710402999062,False,-0.2805279493331909,False
AAGATTATCTAGCATA-1,-0.7416455745697021,False,0.4297447257383966,False,1.2510253190994263,False
AAGATTGACACTCGAT-1,-0.7593328952789307,False,-0.18319753086419752,False,1.4663236141204834,False
AAGCAAGAGCGTGATC-1,-0.37896549701690674,False,-0.3526213478768991,False,-0.33926117420196533,False
AAGCAGCCTACTAAGC-1,-0.12218695133924484,False,-0.2660177570093458,False,-0.7385998368263245,False
AAGCAGCGGACACGTG-1,0.6309675574302673,False,0.020652748782185107,False,0.13228990137577057,False
AAGCAGTATCAGAATC-1,0.2652369737625122,False,0.3901271567891973,False,-0.5955766439437866,False
AAGCAGTGAGTGCGAC-1,-0.4517206847667694,False,0.44698208955223884,False,-0.19573524594306946,False
AAGCAGTGGCATCACT-1,0.7223940491676331,False,-0.11108471563981043,False,-0.467902272939682,False
AAGCAGTGTACACCGC-1,-0.30823835730552673,False,-0.4047,False,0.3108004629611969,False
AAGCAGTGTAGAATCT-1,-0.6544783711433411,False,-0.7086236406619385,False,-0.9931966066360474,False
AAGCATCAAGCGTGAT-1,-0.529469907283783,False,-0.6683336849507735,False,0.22505587339401245,False
AAGCATTGAGTGGTTG-1,0.44544488191604614,False,0.4521587951807229,False,0.4214446246623993,False
AAGCCACCATTCAAGA-1,0.8400071263313293,False,1.3219685114503816,False,-1.5122312307357788,False
AAGCCACGCATAATGA-1,0.3404255211353302,False,0.3530093457943925,False,0.4436282217502594,False
AAGCCACTATGTCTAA-1,0.513608455657959,False,0.38115086531226483,False,0.3805896043777466,False
AAGCCAGATATCAGAA-1,0.46537715196609497,False,0.4720280289330922,False,-0.280788779258728,False
AAGCCAGATCCAACAT-1,0.46290305256843567,False,0.31476666666666664,False,-0.2330808937549591,False
AAGCCAGGCCGACGTG-1,-0.6417831182479858,False,-0.29561891279728203,False,0.19405290484428406,False
AAGCCAGGCTGCTTGA-1,-0.578902542591095,False,-0.5114340659340659,False,-0.6780601143836975,False
AAGCCAGGTTACGAAC-1,0.3572116494178772,False,0.2388456090651558,False,0.38147640228271484,False
AAGCCATCCGTGCTAT-1,3.170567035675049,False,2.144015850144092,False,0.39324888586997986,False
AAGCCATCGCGATATG-1,-0.0669679343700409,False,-0.15119796215429404,False,-0.020099466666579247,False
AAGCCATTATCTGCCA-1,0.8607363104820251,False,1.0783672839506173,False,0.31836816668510437,False
AAGCGACGAACCGCCT-1,0.34518417716026306,False,0.058533804238143285,False,0.24893353879451752,False
AAGCGAGGAAGTGAAC-1,0.6094385385513306,False,0.623651522715926,False,1.2058970928192139,False
AAGCGTTCGTCTGTCC-1,0.11322137713432312,False,0.666886351975372,False,0.6538162231445312,False
AAGGACATAACCGCAC-1,-0.38383764028549194,False,-0.4638395415472779,False,0.406838595867157,False
AAGGACCAACATGGCT-1,-1.1015790700912476,False,-1.2717516576250751,False,0.17891888320446014,False
AAGGACCTGCAAGCAT-1,0.9060627222061157,False,0.673395167895168,False,0.7457438707351685,False
AAGGAGGCACTCAATT-1,0.48531484603881836,False,0.4451654224635222,False,0.9610306620597839,False
AAGGAGTGGCTACCAA-1,0.7808022499084473,False,0.7267950949367089,False,0.8726996183395386,False
AAGGCAGTCTGATCAC-1,-1.1823121309280396,False,-0.8266816443594646,False,-1.4049274921417236,False
AAGGCATGAACAGCTC-1,0.4880128502845764,False,0.9115385714285714,False,0.7698971629142761,False
AAGGCCAATTCAATAA-1,-0.3108493685722351,False,-0.27168904448105435,False,-0.3042236566543579,False
AAGGCCAGTCGCAATT-1,0.7165408730506897,False,0.6604212523719165,False,1.30282461643219,False
AAGGCCGACCTACCTG-1,0.273980051279068,False,0.3006326573722011,False,0.8662053346633911,False
AAGGCCGACTATGTAA-1,0.11299029737710953,False,-0.0843125,False,-0.4389798641204834,False
AAGGCCGATTCTGAGC-1,0.6396899223327637,False,0.6073747993579454,False,0.28197425603866577,False
AAGGCCTCGCGAGGAA-1,-0.7606815695762634,False,-0.9919117647058824,False,-0.7384616732597351,False
AAGGCGAACAGCATAA-1,-0.5718986392021179,False,-0.8777739726027398,False,-0.855417788028717,False
AAGGCGAACTAGTAGA-1,-0.5211978554725647,False,-0.6897075596816976,False,-0.7218522429466248,False
AAGGCGACGGTGTCGG-1,-1.072901964187622,False,-0.6522424677187948,False,0.4499785006046295,False
AAGGCGAGGTTCATGT-1,-1.967994213104248,False,-1.8046776349614395,False,-0.8228781223297119,False
AAGGCGCCGACAATCT-1,-1.8741143941879272,False,-2.0563675847457628,False,-0.8306536674499512,False
AAGGCGCCTAACATAG-1,-0.0006032957462593913,False,-0.12623532668881507,False,1.4537431001663208,False
AAGGTGGATATGATCG-1,-0.9555490016937256,False,-0.8950449591280654,False,-0.6088034510612488,False
AAGGTGTCCATTAAGA-1,-0.08008000254631042,False,-0.229320029563932,False,-0.24040037393569946,False
AAGGTTGCAGAAGCAG-1,1.971362590789795,False,2.0321363636363636,False,1.5307157039642334,False
AAGGTTGCTGAGTTGA-1,-0.590571939945221,False,-0.8405789779326364,False,0.5233578681945801,False
AAGTACTAAGGTTACG-1,0.46752509474754333,False,0.3338927601809955,False,-0.2959408164024353,False
AAGTACTACAGTAGAA-1,0.6515243649482727,False,0.831770351758794,False,0.3609030842781067,False
AAGTACTGGATGCGCA-1,-0.8138367533683777,False,-0.4990483946021405,False,-0.09650172293186188,False
AAGTATTGTAGGTCGC-1,0.07596831768751144,False,0.221456008583691,False,0.07660145312547684,False
AAGTCGCTATCCTGTC-1,-0.5816996097564697,False,-0.17691803278688525,False,2.2179737091064453,False
AAGTCGGACACTTCAG-1,0.6509085297584534,False,0.8574382219989954,False,2.0764451026916504,False
AAGTCTACCGGTTGGA-1,-1.1355786323547363,False,-0.7822724787363305,False,-0.9153941869735718,False
AAGTCTACGCACTCGG-1,0.795644223690033,False,0.8816246261216351,False,-0.6981921792030334,False
AAGTCTGTCAATTCTT-1,0.7029622793197632,False,0.7139304694419841,False,0.1300603747367859,False
AAGTCTTAAGTTGCCA-1,-1.6506052017211914,False,-0.9501811989100817,False,-0.9163659811019897,False
AAGTGAGCCTGTTACA-1,-0.43395060300827026,False,-0.4009481112494811,False,0.24126961827278137,False
AAGTGATCCACGAGCG-1,0.6402598023414612,False,0.5893720986460348,False,1.371861219406128,False
AAGTGGACGAATCTAC-1,0.2650660276412964,False,0.3386190798376184,False,-0.3410830497741699,False
AAGTGGCGAAGTTAAT-1,0.354733943939209,False,0.5119066874027994,False,0.5400035381317139,False
AAGTGGCGAGTGTACA-1,-0.5588635206222534,False,0.08958781558726674,False,0.22032174468040466,False
AAGTGGTTCCTCGCGT-1,-0.37771841883659363,False,-0.3712258282623394,False,0.6064954996109009,False
AAGTTAAGCACTATAA-1,0.471118301153183,False,0.5588611995753715,False,0.3924981355667114,False
AAGTTACTATTACATC-1,-0.7537229061126709,False,-0.9207998324958123,False,-0.733535885810852,False
AAGTTCCTATTGCTGG-1,0.9005253911018372,False,0.6307824074074074,False,0.1202353984117508,False
AATAACATGTGCTATG-1,1.054991602897644,False,1.2463149253731343,False,0.5254542827606201,False
AATAACATGTTACGTC-1,0.6480529308319092,False,0.21976705237515226,False,-0.5145514011383057,False
AATAACGTAACTGTGA-1,1.087464690208435,False,0.8303871402877697,False,0.6697220802307129,False
AATAACGTATTGAACA-1,0.6765552759170532,False,0.8745288461538462,False,-0.9173475503921509,False
AATAACTCTACGATGT-1,-0.072982557117939,False,0.20583879310344827,False,-1.350193977355957,False
AATAACTTCATACGGA-1,-0.5913421511650085,False,-0.8307548262548262,False,-0.034224733710289,False
AATACAATGCGAGCAG-1,0.14985094964504242,False,0.3800421472937001,False,0.2323799878358841,False
AATACGAGAACACTCG-1,-0.27549394965171814,False,-0.33556795511221943,False,0.46035459637641907,False
AATACGCATATCCAGA-1,0.35712525248527527,False,0.06602855200543847,False,-0.288369745016098,False
AATACGGTACGGCCTA-1,-0.45059093832969666,False,-0.3336282375236892,False,1.536712884902954,False
AATACGTAGACAGTTA-1,0.32709774374961853,False,0.3764979094076655,False,0.6570440530776978,False
AATACTAACCACTTAT-1,-1.6207959651947021,False,-0.6983569131832797,False,-1.949457049369812,False
AATAGATAGCCTAACC-1,-0.6052895188331604,False,-0.38230415045395594,False,0.8080183863639832,False
AATAGCACGGAAGCGA-1,-2.2175841331481934,False,-2.114765412329864,False,-0.2892870008945465,False
AATAGTATAGTTGTCG-1,-0.8412883281707764,False,-0.4796518208661417,False,-0.5751652121543884,False
AATAGTCGTTATCTAG-1,-0.2595956027507782,False,-0.1924054487179487,False,0.3133249878883362,False
AATAGTGCTCATAGAA-1,-0.4706212282180786,False,-0.1777721108490566,False,2.3971974849700928,False
AATAGTGGAAGAGCAT-1,0.09991027414798737,False,0.12666666666666668,False,-0.09838271141052246,False
AATAGTTGGTGCTCAG-1,-0.5813156366348267,False,-0.48805637886597936,False,-0.16450324654579163,False
AATATTAGGCTTCTGG-1,-0.40582406520843506,False,-0.08355815554026153,False,0.014988101087510586,False
AATCCGCCGACCTGAG-1,-0.6602547764778137,False,-0.8112906018136851,False,-1.015124797821045,False
AATCCGCCTGGTCAAT-1,1.1203832626342773,False,1.0508,False,1.0955512523651123,False
AATCCGGAGCTTGTCT-1,-1.2827097177505493,False,-1.3836975837879968,False,-1.121580719947815,False
AATCGAACGGACGGAG-1,-1.2505967617034912,False,-0.2274116972477064,False,-0.44033515453338623,False
AATCGAATGTAACAGT-1,0.9306942820549011,False,0.8313847343991748,False,0.3986451327800751,False
AATCGACTATCGCTAG-1,-1.7143187522888184,False,-1.4925497953615279,False,-0.4923151135444641,False
AATCGGCGCCAACGGT-1,0.8333212733268738,False,1.1441518518518516,False,2.7817442417144775,False
AATCTATCTAACCGAG-1,-0.40712401270866394,False,-0.5205272459499264,False,-0.18979938328266144,False
AATCTGCGAGACGTTC-1,-0.8208640813827515,False,-1.0323830536004333,False,-0.734820544719696,False
AATCTTAGCCTCTGTC-1,-0.8580694794654846,False,-0.7327901234567901,False,-1.3678672313690186,False
AATGAACTACGTCCAG-1,0.49837279319763184,False,0.4736488888888889,False,0.4526531994342804,False
AATGAAGACGGTTCAG-1,-0.9078081250190735,False,-0.42736697782963823,False,-0.5685077905654907,False
AATGAAGAGGATGTAT-1,-2.0109846591949463,False,-1.635413932477413,False,0.550786018371582,False
AATGAATCGGAAGGCA-1,-0.03770647197961807,False,0.10911029411764706,False,1.5064390897750854,False
AATGATTACAACCTAA-1,0.402651309967041,False,0.7029157427937915,False,0.24398328363895416,False
AATGCAATCACTGTCG-1,0.5305613875389099,False,-0.2529375,False,-0.9457847476005554,False
AATGGACATCCTACTC-1,-1.0817837715148926,False,-0.9150876880443389,False,-0.5066064596176147,False
AATGGAGGACCTGGTG-1,-0.6554912328720093,False,-0.06687867463876433,False,-0.7538133263587952,False
AATGGCATAGTATCAT-1,1.4762415885925293,False,1.362641573033708,False,1.1450921297073364,False
AATGGTCGAACGTGAA-1,-0.4427938163280487,False,-0.23924187805963507,False,-0.7823748588562012,False
AATGGTCGATACTCGG-1,-0.032417453825473785,False,-0.01330454273759713,False,-0.3987794518470764,False
AATGGTCTCGAGCGCT-1,0.33680203557014465,False,0.42539488636363637,False,-0.1458098292350769,False
AATGGTGCGTCCTAAC-1,-0.060374919325113297,False,-0.05180942028985507,False,-0.2869109809398651,False
AATGGTTATTCTAGCT-1,0.2501826882362366,False,0.4673535555555555,False,1.1818829774856567,False
AATGGTTGAGTCGGAA-1,-0.5011446475982666,False,-0.7050329218106995,False,-0.3557768762111664,False
AATGTACTTAACATCA-1,-0.9531643986701965,False,-0.9788582574772431,False,-0.560214102268219,False
AATGTAGTCTTACGAG-1,1.0779879093170166,False,1.0691855895196507,False,0.06146747246384621,False
AATGTCAGGTCATTAC-1,-0.13493612408638,False,0.13649302200751476,False,0.687045156955719,False
AATTACCAACTCCGTA-1,-0.6327743530273438,False,-0.9651970858895705,False,-1.5451409816741943,False
AATTAGCAACCGTTCC-1,-1.477312445640564,False,-1.7269988076311604,False,0.45438632369041443,False
AATTAGCTTAGGTGTA-1,1.4172775745391846,False,1.398570451089711,False,1.64173424243927,False
AATTATACCTCAATGA-1,-0.8984395265579224,False,-0.7956857416879795,False,-0.9421614408493042,False
AATTCTAACATCGTGC-1,-0.3057679533958435,False,-0.1735228215767635,False,-1.0598922967910767,False
AATTCTCAGACGCAAC-1,0.4215199649333954,False,0.3338213955637708,False,0.6315332651138306,False
AATTCTCGCACCAGTA-1,1.0691078901290894,False,0.8869675,False,0.6150984168052673,False
AATTCTTGCATTGGTC-1,0.7757685780525208,False,1.036067836812144,False,1.261236310005188,False
AATTCTTGGATACGGA-1,-0.9948292970657349,False,-1.1253885869565217,False,-0.18625430762767792,False
AATTGCATTGAAGAAT-1,-0.41034290194511414,False,-1.362636858475894,False,-1.514747142791748,False
AATTGCGGTGCTAATA-1,-0.39252227544784546,False,-0.9047728494623656,False,-0.31248605251312256,False
AATTGCGTCAGACACT-1,-0.10727104544639587,False,-0.19127611940298506,False,0.19256135821342468,False
AATTGGACGGCATCGT-1,-0.7832455635070801,False,-0.6183890814558058,False,-0.7764419913291931,False
AATTGGAGACATGGAG-1,0.4712003469467163,False,0.794721761658031,False,0.32488712668418884,False
AATTGGCTTGAGTTGC-1,0.06375684589147568,False,-0.36630538461538464,False,0.29701128602027893,False
AATTGGTTATGATACA-1,-0.5405383110046387,False,-0.5934657055482744,False,-0.7275124788284302,False
AATTGTAGAATCCTAG-1,-0.9806649684906006,False,-0.7836002034587995,False,-1.1538761854171753,False
ACAACCTTGGTGTCAA-1,0.29980936646461487,False,0.2746849582172702,False,-0.17561602592468262,False
ACAACGAGCGATCTGA-1,-0.739570677280426,False,-0.861552443712246,False,-0.78731369972229,False
ACAACGCCGATAGTAT-1,0.7116718888282776,False,0.6729026050917702,False,0.02586839534342289,False
ACAACGTGAATTCACG-1,0.7040048837661743,False,0.5683446601941747,False,1.0850926637649536,False
ACAACTAACCAGTGGA-1,0.7673670053482056,False,0.7102088235294117,False,-1.318153738975525,False
ACAACTAAGGTGTTAT-1,0.6202907562255859,False,0.7317453874538745,False,0.46582692861557007,False
ACAACTAAGTGGCGCT-1,0.05296633765101433,False,0.01882986568343429,False,-0.21692460775375366,False
ACAACTGAATCCAGTC-1,-1.234316110610962,False,-0.9001113033448673,False,-0.022124208509922028,False
ACAACTGTCGTGGATA-1,-0.43608739972114563,False,-0.33747603887399463,False,0.0008033646736294031,False
ACAAGTAGTTCCGGTA-1,0.7008652687072754,False,0.5971763668430335,False,1.4500253200531006,False
ACAATACAATCCTTAA-1,0.34568268060684204,False,0.2255375880971026,False,0.5477953553199768,False
ACAATACACTTCCATC-1,-0.050751347094774246,False,-0.17680392156862745,False,-0.6224142909049988,False
ACAATACAGGCGCCGT-1,-0.3500922918319702,False,-0.09331841302136318,False,0.22641168534755707,False
ACAATACGCCTTATTC-1,-0.4285057485103607,False,-0.055623506743737956,False,0.17323438823223114,False
ACAATAGGATCCAACC-1,0.09480805695056915,False,-0.32444303797468355,False,-0.5669824481010437,False
ACAATATCATCCGGTA-1,0.6419481039047241,False,0.5532151972157773,False,1.4148048162460327,False
ACAATTGGTCGCGTAA-1,0.29298150539398193,False,0.7038260869565217,False,-1.0859217643737793,False
ACAGAAGTGATCAATC-1,0.09370802342891693,False,0.010714853057982527,False,0.15505428612232208,False
ACAGAATAAGAACCAT-1,0.7635108828544617,False,0.6996968390804597,False,-0.1304948925971985,False
ACAGAATAAGATAGTG-1,0.2931629717350006,False,0.6696574358974359,False,0.27639085054397583,False
ACAGAATCCGTTGCTT-1,1.3379589319229126,False,0.9445278716216216,False,0.11442074924707413,False
ACAGAATCTTGATAAG-1,-0.40083199739456177,False,-0.2390632911392405,False,0.3977746069431305,False
ACAGAATGTCTTATTG-1,0.646776020526886,False,0.5912615445859872,False,0.561065137386322,False
ACAGAATGTTGAGTCC-1,0.22080092132091522,False,0.26134472934472935,False,1.2343809604644775,False
ACAGCCAGGCATAAGC-1,-0.2716735303401947,False,0.24473428170003514,False,-0.637667179107666,False
ACAGGAACTACAGAAC-1,0.6650320291519165,False,0.9385350427350427,False,-0.10908592492341995,False
ACAGGACTGAGCCGAT-1,-0.22706006467342377,False,0.47214999999999996,False,1.63813316822052,False
ACAGGAGTCATAATGT-1,0.9439757466316223,False,0.9208120184899845,False,0.30066803097724915,False
ACAGGATACCGGATTC-1,-0.04578788951039314,False,0.15575538160469665,False,-0.6795915961265564,False
ACAGGCACGCGAGGAT-1,0.9223617911338806,False,0.9830397275822929,False,-0.1106882318854332,False
ACAGGCCTTCTAATGC-1,-0.12076897919178009,False,-0.330004851004851,False,-0.45990025997161865,False
ACAGGTACCAAGGAAG-1,-0.5681267380714417,False,-0.286498786407767,False,0.8448043465614319,False
ACAGGTGGACGACCTC-1,0.9519985914230347,False,0.8647573705179283,False,1.8496904373168945,False
ACAGGTTCAGTGAACG-1,0.2852509021759033,False,0.5588906327852516,False,1.5060441493988037,False
ACAGTACGCACTACCT-1,0.30133774876594543,False,-0.06142987249544627,False,0.27728161215782166,False
ACAGTCACAATATTAG-1,-0.11470666527748108,False,0.23593428372739916,False,-0.15161682665348053,False
ACAGTTGAGGCTAATG-1,-0.28020724654197693,False,-0.8440364864864864,False,-0.9897802472114563,False
ACATAACCTCTGCCTT-1,-0.11302101612091064,False,-0.03306372549019608,False,1.037779688835144,False
ACATAAGACGCATATG-1,0.2598969638347626,False,0.4266617647058823,False,0.3622438907623291,False
ACATAAGCAATGCGGT-1,-0.3734211325645447,False,-0.019,False,-0.027743348851799965,False
ACATCACTGGCGTTCG-1,-1.7757000923156738,False,-2.955723799126637,False,0.8777000904083252,False
ACATCGAAGTGATTAA-1,-0.38769224286079407,False,-0.4807209944751381,False,0.7973402142524719,False
ACATCGCCACAAGAGG-1,-0.7493883967399597,False,-0.9773774002954209,False,0.1248607411980629,False
ACATCGCCTAGTATGT-1,0.07316575199365616,False,0.2909732142857143,False,0.19109806418418884,False
ACATCGGCTTACAAGG-1,-0.3792524039745331,False,-0.7396297525648762,False,-0.7725086808204651,False
ACATCGTAGACAGGTT-1,0.3653378486633301,False,0.4375375,False,0.22664722800254822,False
ACATCGTCGGTCTACC-1,-0.311408132314682,False,-0.2299561181434599,False,0.3693358600139618,False
ACATCTACCTGTTCTA-1,-1.8161247968673706,False,-1.9938452586206894,False,-0.6327272653579712,False
ACATCTATCCGAACCA-1,-1.0299079418182373,False,-0.5419423835832675,False,0.2692379653453827,False
ACATCTCAGTATTGCA-1,0.9808858036994934,False,0.6826612099644128,False,2.065277099609375,False
ACATCTCGACAACCAC-1,0.0006988269742578268,False,-0.05188461538461538,False,-0.6965836882591248,False
ACATCTCGCATAGAAT-1,-1.0813374519348145,False,-0.787025703200776,False,1.843442440032959,False
ACATGGATGCGTAAGC-1,-0.39702388644218445,False,-0.17687719298245613,False,-1.182598352432251,False
ACATGTTCACCGGCAG-1,-0.19335602223873138,False,-0.0946051948051948,False,0.06456216424703598,False
ACATGTTCCAGGACGT-1,0.8291512131690979,False,1.0999658564814814,False,0.6033372282981873,False
ACATGTTGCTTGATCT-1,0.8576260805130005,False,1.089576923076923,False,0.5027032494544983,False
ACATTCCTGAGTTCCG-1,0.2092355638742447,False,0.07634596456692913,False,0.716275155544281,False
ACATTGAACTAAGCTA-1,-0.543226420879364,False,-0.230859793814433,False,-0.2537897527217865,False
ACATTGAAGGCGGTGC-1,-0.12219389528036118,False,0.5614380022962112,False,-0.25290167331695557,False
ACATTGAATACGCATA-1,0.21583214402198792,False,-0.08145884615384616,False,-0.7736876606941223,False
ACATTGCAGTTCGGCA-1,-0.5051807761192322,False,-0.22629804560260586,False,-0.498900830745697,False
ACATTGGTTCACAGTG-1,-0.28102391958236694,False,-0.4640215482841181,False,-0.5286783576011658,False
ACATTGGTTCTGCCGT-1,0.5837993025779724,False,0.7412202472952086,False,-0.51734459400177,False
ACATTGTACATTCTTG-1,1.4493992328643799,False,0.5894369436201781,False,0.2391330450773239,False
ACCAAGCACTTGCGCA-1,-0.4255514442920685,False,-0.30951562499999996,False,0.3998427093029022,False
ACCAAGGCTTCGCTAG-1,0.09789873659610748,False,0.07584990706319703,False,0.09742872416973114,False
ACCAAGTGATGGTGAG-1,0.6026080250740051,False,-0.05932504780114723,False,-1.1621153354644775,False
ACCAAGTGGCTGTATG-1,0.20611572265625,False,-0.39345833333333335,False,-0.6667531132698059,False
ACCAATCATGGTTCAT-1,0.6089317798614502,False,0.7824038346315159,False,1.1497001647949219,False
ACCAATGAGCCTCATC-1,-0.237877756357193,False,0.06173082099596231,False,-0.1653205305337906,False
ACCAATGATCGCGGCC-1,-0.3477417826652527,False,-0.3506344326439351,False,-0.3188454806804657,False
ACCACGGAAGTTAATT-1,0.6339095234870911,False,0.49856617647058826,False,2.1550214290618896,False
ACCACGGATCCGGATA-1,-0.9570324420928955,False,-0.6856028806584361,False,-1.0383621454238892,False
ACCACGGCCTCGCACC-1,0.00360666261985898,False,0.09763257899231426,False,0.7050269246101379,False
ACCAGCACTCCAATAC-1,1.4656224250793457,False,1.1014156746031747,False,1.4416877031326294,False
ACCAGTATGAAGTTCC-1,-0.22489437460899353,False,-0.4429375,False,-0.4140741527080536,False
ACCATAACTCCTCGTA-1,-1.964877963066101,False,-0.8628456980937661,False,0.07981625199317932,False
ACCATCCGTTCGAGTG-1,-1.2746139764785767,False,-1.0814329337899542,False,-0.7128692865371704,False
ACCATTAGATCGTGGC-1,-0.24218463897705078,False,-0.3054094412331406,False,0.15989750623703003,False
ACCGAAGATGTCGGCA-1,-1.0941834449768066,False,-0.9895805700988947,False,0.622881293296814,False
ACCGAAGCCGAATTAA-1,1.4755477905273438,False,1.772917597765363,False,1.3575726747512817,False
ACCGAGAACGTGTTGG-1,0.6592785120010376,False,0.771478801843318,False,0.491312712430954,False
ACCGAGGTGATACCGA-1,-0.1988385170698166,False,0.27834170305676853,False,-0.9068971276283264,False
ACCGATTCCGGATACT-1,-0.10549810528755188,False,-0.4875767946577629,False,-0.012325282208621502,False
ACCGATTGAGGATCTG-1,-1.4833139181137085,False,-1.5093954545454547,False,-1.2240095138549805,False
ACCGCAGGTCGAGTTG-1,-0.4016934633255005,False,-0.41982331838565023,False,-0.2610732913017273,False
ACCGCTTGCTAAGCAG-1,0.41817837953567505,False,0.5856124031007751,False,1.0505712032318115,False
ACCGGACGCCAAGCGT-1,0.7122226357460022,False,0.6823293673824724,False,1.6130461692810059,False
ACCGGCACCATACTGC-1,1.6654666662216187,False,1.3374810246679316,False,0.7141017913818359,False
ACCGGCACGTACGAAC-1,-0.2290308028459549,False,-0.14988888888888888,False,-0.6010973453521729,False
ACCGGCCGACCTGCAC-1,-1.054245948791504,False,-0.8447226528854436,False,-0.7916213870048523,False
ACCGGCCTCAGGAGTT-1,-0.6529879570007324,False,-0.32338079125455493,False,0.08426294475793839,False
ACCGGCTATCGTGCGG-1,0.20829558372497559,False,0.3635621782178218,False,0.3140091300010681,False
ACCGTACACGACCGTC-1,-0.22344332933425903,False,-0.33084651898734174,False,-0.7929313778877258,False
ACCGTACTATCGGAGG-1,0.9570508003234863,False,0.8097536041939711,False,0.9696424007415771,False
ACCGTAGGCGGAGGTT-1,-0.20141556859016418,False,-0.1950105665467626,False,-0.12749920785427094,False
ACCGTCGAGTATACTC-1,0.10476530343294144,False,0.2277681611804767,False,0.15725013613700867,False
ACCGTGTTATAAGTCG-1,-0.7734055519104004,False,-0.845090724784592,False,-0.48803576827049255,False
ACCTAACAATCTTCAA-1,1.347357153892517,False,1.4954510703363912,False,0.6180081367492676,False
ACCTAAGTGATAATCA-1,1.681092619895935,False,1.2054089635854341,False,-0.17872706055641174,False
ACCTAATGTTACCAAT-1,-1.067497968673706,False,-1.0221429121725734,False,2.2697277069091797,False
ACCTAATTGTCGCTGA-1,0.4010024964809418,False,-0.2427266435986159,False,0.810644268989563,False
ACCTATAACGAACTAC-1,1.5491838455200195,False,1.012392380952381,False,-0.3667363226413727,False
ACCTATGCTACCGGAT-1,0.17396190762519836,False,0.9089518716577539,False,-0.17331688106060028,False
ACCTCCGATTATAAGA-1,-1.0163285732269287,False,-0.8989782866166601,False,-0.7543186545372009,False
ACCTCCTAGAGGCATG-1,-1.9235849380493164,False,-1.4800378323108383,False,-1.218156099319458,False
ACCTCGCACTAAGAGC-1,0.5138423442840576,False,0.48593903940886696,False,1.706455945968628,False
ACCTGCCACTATCAAT-1,0.2734132707118988,False,0.4774895359417652,False,-0.002385928761214018,False
ACCTGCCAGAGGATCT-1,-0.12941011786460876,False,-0.3047740740740741,False,0.026851216331124306,False
ACCTGCTTATAGTTCG-1,-1.3485054969787598,False,-1.5747623966942148,False,0.22252345085144043,False
ACCTGCTTGAGCCTGG-1,0.528579831123352,False,0.8167268370607028,False,0.20805223286151886,False
ACCTGCTTGCTACGAC-1,-0.5715838670730591,False,-0.9664868114817688,False,-0.8039777874946594,False
ACCTGTAACCGAATAA-1,-0.7247113585472107,False,-0.8461508972267537,False,-0.1550612896680832,False
ACCTGTCTGCGGTTGT-1,-0.04209956154227257,False,0.0038522845275181725,False,0.28607603907585144,False
ACCTGTGGCGCTGCAA-1,-0.42445534467697144,False,-0.6026097178683385,False,-0.5920048356056213,False
ACCTGTGGTCACCTCG-1,-0.9521390795707703,False,-1.3219444962686566,False,-1.485109567642212,False
ACCTTCAGACCTCGGT-1,-0.31605657935142517,False,-0.4858439524838013,False,-0.8209550976753235,False
ACCTTGGCTCTGTAAG-1,-1.7736937999725342,False,-1.4574548458149779,False,0.2432347536087036,False
ACGAACATAGGATCGG-1,0.276252418756485,False,0.23531996268656716,False,-0.5764497518539429,False
ACGAACGCACGAGCAC-1,0.36298874020576477,False,0.42513939393939393,False,0.7329827547073364,False
ACGAAGCCACCTGAGG-1,0.12484201043844223,False,0.15100746268656717,False,-0.32456332445144653,False
ACGACAAGCACTTCAC-1,0.9091539978981018,False,0.6948026755852843,False,-0.27393174171447754,False
ACGACTGAAGACTTAC-1,0.11542722582817078,False,-0.026908244680851064,False,0.5896812677383423,False
ACGAGGACAACTCACC-1,0.12440243363380432,False,-0.06423809523809523,False,-0.015186290256679058,False
ACGAGGACCTGCTAGT-1,-0.183555006980896,False,-0.09694551432597463,False,-0.6748873591423035,False
ACGAGTGCGTGCGTTC-1,-0.11929377913475037,False,0.3398990936555891,False,0.249573215842247,False
ACGATGACTATTAGAT-1,0.06607615202665329,False,-0.34314185883997206,False,-0.4235033690929413,False
ACGATGCGAAGGAGCA-1,0.5104305148124695,False,0.36367630597014927,False,1.5796306133270264,False
ACGATGCTCCAATACA-1,0.4861517548561096,False,0.7381776286353467,False,2.711513042449951,False
ACGATGTCGCACAATC-1,0.16384245455265045,False,-0.13148240675580578,False,0.7827615737915039,False
ACGATGTCGTTGCCAA-1,-1.052476167678833,False,-1.039632874015748,False,-3.652164936065674,False
ACGATGTTACCTCATT-1,-1.1288540363311768,False,-1.7680075757575757,False,-0.9607180953025818,False
ACGCAACGAAGAGTAT-1,-0.0017991793574765325,False,-0.0818825327510917,False,-0.8765848278999329,False
ACGCAAGGCATAAGTC-1,-1.095093011856079,False,-1.608423076923077,False,-0.6397098898887634,False
ACGCAATAGTATACGA-1,0.17955876886844635,False,0.6249831349206348,False,-0.22000186145305634,False
ACGCACATTGTAAGTA-1,-0.517026424407959,False,-0.7585736543909348,False,-1.545967936515808,False
ACGCCGGCATCACTGG-1,1.2830547094345093,False,1.1821946942446042,False,0.9532935619354248,False
ACGCCTCCGATGTTCC-1,-3.856661558151245,True,-3.291708825847124,True,-1.0176726579666138,False
ACGCGGAAGAGTTCCG-1,-3.1262435913085938,True,-3.2446208178438662,True,-0.10475949198007584,False
ACGCGGCTCAAGTTCA-1,0.15906700491905212,False,0.08013607895236287,False,-0.10105383396148682,False
ACGCGTAGACTCAACT-1,0.5031028389930725,False,0.3933347985347985,False,0.462777704000473,False
ACGCGTCGGTGAGGTT-1,-0.3161957859992981,False,-0.26178750640040965,False,2.633021116256714,False
ACGCGTTCCAGCCTTC-1,-0.12460322678089142,False,-0.42328316326530613,False,-0.2903973162174225,False
ACGCGTTCGCGATCAT-1,-0.7324158549308777,False,-0.8916517739816032,False,-0.6289831399917603,False
ACGCTCAGTGCTATTC-1,0.09666518867015839,False,0.3977820512820513,False,0.11145106703042984,False
ACGCTGCGATTAACGA-1,0.7247970104217529,False,0.6516113467656416,False,0.4664359986782074,False
ACGGCCGTCAACGTAT-1,-1.4800091981887817,False,-0.86792,False,-0.720354437828064,False
ACGGCCGTGACATTAA-1,-0.06584697961807251,False,-0.020572984749455337,False,1.323679804801941,False
ACGGCCTTGCCAGAAC-1,-0.18639080226421356,False,-0.12931590413943356,False,1.313766598701477,False
ACGGCTATGGCATACC-1,0.27083370089530945,False,0.5613053633217993,False,0.32498595118522644,False
ACGGCTTAACGATAGT-1,-0.23036350309848785,False,-0.1139527950310559,False,-0.23871438205242157,False
ACGGCTTACGTATGCC-1,0.5464957356452942,False,0.34349887703537335,False,-0.9464293718338013,False
ACGGCTTATTGGTATG-1,0.5785731673240662,False,1.0891277056277056,False,0.3664969205856323,False
ACGGCTTCAGGTACCG-1,0.005793542135506868,False,-0.22224904214559385,False,-0.3621779978275299,False
ACGGCTTCCATCGGAA-1,-0.7000543475151062,False,0.06598369565217391,False,0.800732433795929,False
ACGGCTTCGATTAAGC-1,0.18506576120853424,False,0.2788155940594059,False,0.9541159272193909,False
ACGGCTTGTTCAATCG-1,-0.21563202142715454,False,-0.10627367941712204,False,-0.741807758808136,False
ACGGTCGCATCTAGAA-1,0.8675009608268738,False,1.8038795362903226,False,2.2153873443603516,False
ACGGTCGGACAGGCGA-1,0.536206841468811,False,0.8660325471698114,False,1.2178456783294678,False
ACGGTGATAATGTTAC-1,0.8323480486869812,False,0.9425834580838324,False,0.6980175971984863,False
ACGGTGTACGGTGCCA-1,2.3958497047424316,False,2.7241820702402957,False,-0.6286435723304749,False
ACGGTTACATCCGAAG-1,-0.7808663845062256,False,-1.2711405269761604,False,-0.5313584804534912,False
ACGGTTCACCTTCCGG-1,-0.11856568604707718,False,-0.3760456609485368,False,-0.39329805970191956,False
ACGGTTCGCAAGTAAC-1,0.02525588497519493,False,0.45847350230414746,False,2.1609079837799072,False
ACGGTTCGTACAGTTG-1,0.368732213973999,False,0.3142916666666667,False,0.9691652059555054,False
ACGGTTCGTCCGACCG-1,0.1879858672618866,False,-0.21799718468468468,False,-0.29733458161354065,False
ACGTCAGATTACTTCG-1,0.7573326230049133,False,0.730382543470849,False,2.2431938648223877,False
ACGTGCAATTATTCGG-1,0.09871912002563477,False,0.060091818181818184,False,0.7042141556739807,False
ACGTTAATACAATGAC-1,0.7298324108123779,False,0.8388129205921937,False,0.6008139252662659,False
ACGTTACGCAGACAGC-1,0.6111676096916199,False,0.5609516219239373,False,0.5126024484634399,False
ACGTTAGGCTCAAGCC-1,1.0085760354995728,False,1.2281686291000842,False,2.788403272628784,False
ACGTTAGTACTGGACA-1,1.725521206855774,False,1.6637271528998243,False,3.203385829925537,True
ACGTTCACGACTAGGT-1,-1.485470175743103,False,-1.2031621621621622,False,-0.2572818994522095,False
ACGTTCACTAGTTGTA-1,0.850434422492981,False,0.7299713945172824,False,3.079149007797241,True
ACGTTCCATTACCTCA-1,-0.15760938823223114,False,-0.48373232323232324,False,-0.06571744382381439,False
ACGTTCGTCCGCCTAT-1,-0.2838115990161896,False,-0.37127522255192874,False,-0.5369299054145813,False
ACGTTCTATGCACGAC-1,-0.7922064065933228,False,-0.6301493150684931,False,-0.4857466518878937,False
ACGTTCTGCCATAATC-1,0.34965670108795166,False,0.36724004364429896,False,0.8749679923057556,False
ACTAATGCCTTGCATC-1,-0.42535045742988586,False,-0.3915316691505216,False,0.48697271943092346,False
ACTAATTCTATGCGCA-1,0.2982509732246399,False,0.9187265402843602,False,0.2329869419336319,False
ACTACAATGACCGTAA-1,0.22234129905700684,False,0.4409311580535647,False,0.18389661610126495,False
ACTACCAACTGTGGCT-1,0.337391197681427,False,0.31958452380952385,False,0.3455178737640381,False
ACTACGCCTCATGATT-1,0.850804328918457,False,0.7500617792421745,False,0.3597598075866699,False
ACTAGATCTGAAGCGG-1,-0.28464263677597046,False,-0.22747222222222221,False,-0.010649900883436203,False
ACTATCAAGGACGGAA-1,-0.5209028124809265,False,-0.43347193638914877,False,0.10688821226358414,False
ACTATGAGGTTCTGTC-1,-0.27378547191619873,False,-0.25230547226386807,False,-0.07612339407205582,False
ACTATTACCAGGTGCT-1,-0.9900997281074524,False,-0.9224889258028792,False,-0.7671582698822021,False
ACTATTAGACAGGCTG-1,-0.4634284973144531,False,-0.13983979536887453,False,-0.05644601956009865,False
ACTATTAGCCTAATCG-1,2.534142255783081,False,2.7178058727569328,False,4.0406174659729,True
ACTATTGTTCGCACAG-1,0.6728715300559998,False,0.4806821967725143,False,0.83372962474823,False
ACTCAGCGGTAGATTG-1,0.3559392988681793,False,0.3729588235294118,False,1.6620845794677734,False
ACTCAGCTCGAGTGTC-1,-1.7983492612838745,False,-1.0180904207699193,False,-0.17116816341876984,False
ACTCAGCTTCTGAGAC-1,-0.8244966864585876,False,-0.8311092874299439,False,-0.14642766118049622,False
ACTCAGGCCTGCAACT-1,0.704498827457428,False,0.7206257233035245,False,0.3486575484275818,False
ACTCAGTAGATACAAT-1,-0.21941274404525757,False,0.01697250698974837,False,0.8855558037757874,False
ACTCAGTGAGCCTCCA-1,0.37475332617759705,False,0.6299209770114943,False,1.1428004503250122,False
ACTCCAGGCCGAAGAC-1,0.3591913878917694,False,0.48680467356403856,False,0.3485700488090515,False
ACTCCAGTAGCTCCAG-1,0.5211172103881836,False,0.5041293995859213,False,0.01949438825249672,False
ACTCCTATGTTCCTAC-1,-0.9559456706047058,False,-1.0816676829268292,False,-0.26589956879615784,False
ACTCCTGACCACTGAG-1,-0.10821647197008133,False,-0.09186517367458867,False,0.3051265776157379,False
ACTCCTTGTCCAGACC-1,0.7557761669158936,False,0.7211177105831533,False,0.19062739610671997,False
ACTCGAACGTTCGTTA-1,-0.10177195817232132,False,-0.1716969473165928,False,0.5528596639633179,False
ACTCGAGTCCAAGTTG-1,-0.5469155311584473,False,-0.46057712305025994,False,-0.9966295957565308,False
ACTCGATTGATATCCA-1,-0.02746823988854885,False,-0.041103396603396604,False,0.13692283630371094,False
ACTCGTATTGTCAGAA-1,0.6536851525306702,False,0.5377496785255036,False,0.9456647038459778,False
ACTCGTTCCTGATACA-1,0.3603140711784363,False,0.2985491803278688,False,0.021646616980433464,False
ACTCTAAGCTTGCGCC-1,0.2599377930164337,False,0.2223535539215686,False,-0.1781342327594757,False
ACTCTACTTCCGCATT-1,0.6136560440063477,False,0.5622662733930025,False,0.47948917746543884,False
ACTCTGACCTTACTGA-1,-0.1260754019021988,False,0.22133398184176392,False,-0.18077057600021362,False
ACTCTTGCGGAGAACC-1,0.20047493278980255,False,-0.0052152061855670106,False,-0.601580798625946,False
ACTGACGGCCATGTCT-1,0.0685822069644928,False,0.22116143216080403,False,-0.7660811543464661,False
ACTGACGGCGAATAGT-1,0.6256676912307739,False,0.14351063829787233,False,1.1219933032989502,False
ACTGACGTGATATTGG-1,0.7199147939682007,False,0.947810408921933,False,0.13182350993156433,False
ACTGACTCTGCTGGCC-1,-0.7640129923820496,False,-0.2767509541984733,False,1.283595085144043,False
ACTGACTGTCATCTAC-1,-2.007596015930176,False,-2.2863848657445076,False,-0.8839051723480225,False
ACTGAGACCTTAGCAC-1,0.949282169342041,False,0.83673350491343,False,0.6590847373008728,False
ACTGAGCGATTACTAA-1,0.39108774065971375,False,1.4035050505050506,False,0.4010746479034424,False
ACTGAGCGCAACTCAT-1,1.7359614372253418,False,1.7569536178107608,False,5.2831525802612305,True
ACTGATACAGAACGTC-1,-0.07921700924634933,False,-0.20152743902439024,False,-0.4812644124031067,False
ACTGATACCTTCACTA-1,1.1629037857055664,False,1.0389768568353066,False,2.2109506130218506,False
ACTGATACTCCATTAC-1,-0.8312313556671143,False,-0.7165467532467532,False,0.023885522037744522,False
ACTGATAGCACGGTCT-1,0.7773649096488953,False,0.6850131255127153,False,0.3254023492336273,False
ACTGCAAGGCTTCTCG-1,1.1954551935195923,False,0.8401666666666666,False,0.7297853827476501,False
ACTGCATCTTGTTCCA-1,1.1475926637649536,False,0.9660721816707217,False,1.843652367591858,False
ACTGGTAAGGCCTCAG-1,-2.3049156665802,False,-2.1010110350076103,False,-0.862221896648407,False
ACTGGTGATTCCGATC-1,0.14787109196186066,False,-0.10073125000000001,False,-0.31190094351768494,False
ACTGGTTCTGAACGAT-1,-0.47169092297554016,False,0.297506734006734,False,-0.4725986421108246,False
ACTGTACAATTCTACT-1,0.7603338956832886,False,0.464029484029484,False,0.19284717738628387,False
ACTGTACATCCGATAC-1,-0.4179076850414276,False,-0.24060320641282565,False,0.5558827519416809,False
ACTGTAGACAAGGAAT-1,0.3802669942378998,False,0.324129115006413,False,1.2326126098632812,False
ACTGTAGAGTGCCGGC-1,0.25789862871170044,False,-0.02303521878335112,False,-0.18378202617168427,False
ACTGTATTCTAGTCCA-1,-0.14520908892154694,False,-0.12136654394845835,False,-0.15361471474170685,False
ACTTAAGCCAGTAGGA-1,-0.34146562218666077,False,0.14160176282051282,False,0.37725701928138733,False
ACTTCGACGGATCATT-1,-0.274010568857193,False,-0.1602031076581576,False,1.1426628828048706,False
ACTTGAAGCGAGCGGT-1,1.0170872211456299,False,0.9389254980079681,False,0.6500980854034424,False
ACTTGAATTAGCCGGT-1,0.0077844057232141495,False,-0.558121251972646,False,-1.148903727531433,False
ACTTGACTGAGCACGA-1,-1.3510615825653076,False,-0.6509160839160839,False,-0.42701953649520874,False
ACTTGAGCCGTTCTTA-1,0.006684560328722,False,-0.37248507462686564,False,-0.7604169249534607,False
AGAACAGGAGCATGGA-1,0.023697495460510254,False,-0.18703266932270915,False,-0.5160959362983704,False
AGAACATACTGGTCGT-1,2.489896059036255,False,2.3179802494802493,False,0.9064379334449768,False
AGAACTTCGATGCGTA-1,-0.15764157474040985,False,0.083125,False,0.39946362376213074,False
AGAAGCAATGAGGAAC-1,-0.18184538185596466,False,0.0038215297450424927,False,-0.196889728307724,False
AGAAGCAGCCTAAGCT-1,1.1768876314163208,False,1.8158377088305488,False,4.7871785163879395,True
AGAAGCTGGCCTAGTG-1,0.9249057173728943,False,-0.10710242424242424,False,-0.1276959925889969,False
AGAAGGATGGTATGAA-1,-0.3737252354621887,False,-0.26413238208481965,False,-0.3652758300304413,False
AGAAGGCGTAGAATAG-1,0.059998564422130585,False,-0.20471523579201933,False,-0.7680314779281616,False
AGAAGTTAACCAGAGC-1,0.9590712189674377,False,0.8765925572519084,False,2.43876576423645,False
AGAAGTTGAGCGCAAG-1,0.1462954729795456,False,0.11651631477927063,False,0.030006058514118195,False
AGACAAGACGTATCGC-1,0.5063278079032898,False,0.6903607673267327,False,0.14445431530475616,False
AGACATCTTAGCACCT-1,-0.4225444495677948,False,-0.12280918827508455,False,0.10195945203304291,False
AGACCGAAGACTACTC-1,-0.6541458964347839,False,-0.5875150714729646,False,2.7662549018859863,False
AGACCGACCGCAGACA-1,-0.5067169666290283,False,-0.6195988372093023,False,-1.1188160181045532,False
AGACCGCCAAGTTCAA-1,0.9216659069061279,False,0.9268864379084968,False,4.659029006958008,True
AGACCGCCGGCCAATG-1,-0.7229758501052856,False,-0.586915671641791,False,-0.31512513756752014,False
AGACCGGAGCAACGCT-1,0.32950958609580994,False,0.2613397766323024,False,0.07446707040071487,False
AGACCGTCACTGAGCT-1,-1.2845079898834229,False,-0.8724589114194238,False,-0.410503625869751,False
AGACCGTCATTAGTTA-1,-0.14597360789775848,False,0.0407094674556213,False,0.5713578462600708,False
AGACCTATCCTTATAG-1,0.27354636788368225,False,0.147128895184136,False,0.11973582953214645,False
AGACCTCAGCGAGGTG-1,0.1080724224448204,False,0.32720425531914893,False,0.33168596029281616,False
AGACCTTCGCGTGAAC-1,0.7471593618392944,False,0.6200468392993145,False,-0.09264678508043289,False
AGACGATGCTGATAAT-1,-1.420938491821289,False,-1.3245261248185776,False,-0.3891443610191345,False
AGACGCGTGATGCATC-1,0.48040908575057983,False,0.5840759937646142,False,1.4700833559036255,False
AGACGCTTGGCCTCAC-1,0.2905426621437073,False,0.2185428700361011,False,-0.060557156801223755,False
AGACGGCCTTACGGAG-1,-0.6756189465522766,False,-0.47462656587473007,False,-0.15560594201087952,False
AGACGTAGGCGGACCG-1,-1.6834479570388794,False,-1.8156061643835617,False,0.6669329404830933,False
AGACGTGGCGTTGAGT-1,-0.6645388007164001,False,-0.33252535023348895,False,-0.09660918265581131,False
AGACGTTGCACCGCCA-1,-1.1026300191879272,False,-1.0967600661886376,False,-0.42039912939071655,False
AGACTACGTGCTCCAT-1,-0.9855661392211914,False,-1.2219837662337663,False,0.12743017077445984,False
AGACTCAGACAGATAA-1,0.40102213621139526,False,0.6017405247813411,False,0.11465460062026978,False
AGACTCATGACCTGGC-1,-0.8037317991256714,False,-0.899233318505338,False,-0.584084689617157,False
AGACTCATTGCGGACA-1,-0.17377455532550812,False,-0.18281399468556245,False,-0.5592032670974731,False
AGACTCCGCTTCGTAT-1,-2.1902029514312744,False,-1.7074107843137254,False,3.0797276496887207,True
AGACTCCTGTATGGCG-1,1.2010464668273926,False,1.260241412675375,False,0.6808516383171082,False
AGACTCCTTATCATAC-1,-0.9218538403511047,False,-0.8706171277221895,False,-0.10488945990800858,False
AGACTCGACTCCTAAT-1,0.8957728147506714,False,0.7105137225548902,False,1.1825860738754272,False
AGACTCTATTAGCGCT-1,1.004104733467102,False,0.6559406446540881,False,0.5886249542236328,False
AGACTGGAACCGTTGG-1,0.0530710332095623,False,0.2020451904454487,False,0.8672413229942322,False
AGACTGGTAAGGAGGT-1,0.7854471206665039,False,1.2218085714285714,False,-0.013958023861050606,False
AGATAACCAATACGCC-1,-1.087619423866272,False,-0.9899729493891798,False,-0.9439212083816528,False
AGATAAGCCACTCATA-1,-1.0994548797607422,False,-0.890126570497906,False,-0.2561628818511963,False
AGATAAGTGCTACGAC-1,-1.0315684080123901,False,-0.9118776824034335,False,-1.136276125907898,False
AGATACAAGGATGGTG-1,1.3602378368377686,False,1.3197755632582322,False,-0.09035192430019379,False
AGATACATCTACGCAC-1,0.2125200629234314,False,0.2366163833805477,False,0.26879408955574036,False
AGATACTAATCAGGCG-1,1.2560151815414429,False,1.3749423076923077,False,-0.007748796604573727,False
AGATAGGTGAATTGCC-1,0.30323636531829834,False,0.5978147921760391,False,-0.24711114168167114,False
AGATAGGTGACCGCGT-1,-2.9924209117889404,False,-3.1382594142259417,True,-0.9346635341644287,False
AGATCAAGCATCTACT-1,-4.844973087310791,True,-3.322045275590551,True,-1.2501566410064697,False
AGATCAGTCGATAGAA-1,-0.6272445321083069,False,-0.315514553014553,False,-0.1312149316072464,False
AGATCATTCACGCTGT-1,0.30493825674057007,False,0.29032377675840976,False,0.3606831729412079,False
AGATCTAACGAGCTCA-1,-1.7478828430175781,False,-1.7197345035655514,False,-0.6930754780769348,False
AGATCTCCGCCTTATT-1,-1.6821759939193726,False,-1.1846987179487178,False,-1.630493402481079,False
AGATGAGGCGCCTCCA-1,1.1254009008407593,False,0.9026664420485174,False,-0.286796897649765,False
AGATGCACGTAGGTGC-1,0.3070046007633209,False,0.47050251436781604,False,1.3459562063217163,False
AGATGCTCCGTCATCT-1,-1.2476547956466675,False,-1.9496664766248575,False,-0.9666072726249695,False
AGATTGAGTTAGGAAC-1,1.4518940448760986,False,1.3190366972477063,False,0.35455402731895447,False
AGATTGCGCCTCGCTC-1,-0.312195360660553,False,-0.25030072463768116,False,-0.07975205034017563,False
AGCAACAGTATGTCGC-1,1.067335844039917,False,1.004198016634677,False,1.8827615976333618,False
AGCAATAACAATTCCA-1,1.1834630966186523,False,0.8243255912162162,False,0.9494386911392212,False
AGCACCTCCAATCACG-1,0.5764501094818115,False,0.4866587997302765,False,1.0966918468475342,False
AGCACGAGATAACGGT-1,-0.5196676850318909,False,-0.36463235294117646,False,-0.46361225843429565,False
AGCACGATACCTAAGC-1,0.8496600389480591,False,0.7818742304309586,False,-0.625290036201477,False
AGCACGCTCGATCTAA-1,-0.08979509025812149,False,0.0022588747488278636,False,-0.5709717273712158,False
AGCACGGAGGCAGTCA-1,-2.195044755935669,False,-0.9409993203443588,False,0.838268518447876,False
AGCACGTGCACCTCTG-1,-1.0088651180267334,False,-0.7405224867724868,False,-0.5792863965034485,False
AGCACGTGCACTGTAA-1,-0.0033740883227437735,False,-0.1356501390176089,False,0.7938137650489807,False
AGCACTCATACAGAAC-1,0.9760818481445312,False,0.38632352941176473,False,0.23823943734169006,False
AGCACTGCATCCTAGC-1,0.34095093607902527,False,0.624537037037037,False,-0.028211310505867004,False
AGCAGGATAGGTCTCC-1,-0.9104958772659302,False,-0.7658270799347472,False,-0.3676493167877197,False
AGCAGGTAAGTATCTG-1,0.6947764158248901,False,0.8307865853658537,False,0.6616881489753723,False
AGCAGGTATGCCATTG-1,0.03849131613969803,False,0.2211923076923077,False,0.26525387167930603,False
AGCATCCTGACAGCCG-1,-2.109160900115967,False,-1.5745609492988133,False,-0.6301143765449524,False
AGCATGAGCGAATATT-1,1.1948503255844116,False,1.7224936247723133,False,1.5897616147994995,False
AGCATGCACCGCGTCA-1,0.43179449439048767,False,-0.2819943502824859,False,0.8377295136451721,False
AGCATTAGACGGATTG-1,-0.8162402510643005,False,-0.5506271155923659,False,-0.6040583252906799,False
AGCCAGATACTCGAAC-1,-0.6955305933952332,False,-0.45112033045977007,False,0.3819900453090668,False
AGCCAGCGGCAAGCGT-1,0.16976913809776306,False,0.23067742406542055,False,-0.1591508835554123,False
AGCCAGCGTTACAGTC-1,-0.8013367056846619,False,-0.8705622881355932,False,0.44357314705848694,False
AGCCGACCGATGTACA-1,0.37664246559143066,False,0.36231907433380084,False,0.6944094300270081,False
AGCCGATGTTCTACTC-1,0.7262064814567566,False,0.7872852459016393,False,0.9268099069595337,False
AGCCGGCCTATTCCAG-1,0.3600028157234192,False,0.5031080637599625,False,0.11855386942625046,False
AGCCGTAGACTCTGAA-1,0.12330899387598038,False,-0.09249817961165048,False,-0.7059754133224487,False
AGCCGTAGTGGAGTGC-1,-0.4801197052001953,False,-0.6298992878942015,False,-0.42505308985710144,False
AGCCGTATCTTCGTCT-1,-1.2263041734695435,False,-0.9607772407732864,False,0.060861293226480484,False
AGCCGTATTCAACCGT-1,-0.34985387325286865,False,-0.32302754348972057,False,0.5519375801086426,False
AGCCGTTGCATCCTAG-1,-0.40671947598457336,False,-0.008293032786885247,False,0.09938166290521622,False
AGCCTCCGAACTACCA-1,1.1963133811950684,False,1.1417936,False,0.9587699174880981,False
AGCCTCGCATGGTCCT-1,0.10329606384038925,False,0.21495054945054945,False,0.18853019177913666,False
AGCCTCTATGCAGCAA-1,0.49425724148750305,False,0.33843959435626103,False,0.002167658880352974,False
AGCCTCTGTTCCGATG-1,0.268124520778656,False,0.37120758620689653,False,0.6859245896339417,False
AGCGACAGCTACATCG-1,0.026046687737107277,False,0.01682538517975055,False,0.27995923161506653,False
AGCGACATCCTTCTAA-1,-1.084519863128662,False,-1.692500882612533,False,-2.1032204627990723,False
AGCGACCGTTCTATAC-1,0.11944177001714706,False,0.00640855106888361,False,-1.3721808195114136,False
AGCGACTATGTATCTT-1,-0.20177410542964935,False,-0.49010863757791623,False,-0.6108325719833374,False
AGCGAGAACAGATTCT-1,-0.5680031776428223,False,-0.8960347846663511,False,-0.662162721157074,False
AGCGAGGAACTGGTCC-1,0.4418903589248657,False,0.3163423180592992,False,0.6277656555175781,False
AGCGCAGATGAGGTGC-1,-1.115938425064087,False,-0.764087102983638,False,0.5108467936515808,False
AGCGGAATGTCGCTGT-1,-0.5078728795051575,False,-0.1892384769539078,False,-0.28523892164230347,False
AGCGGCGAATAATCTT-1,0.3596632182598114,False,0.10144195250659631,False,-0.4203205406665802,False
AGCGGTACGCCGAGAA-1,-0.60699462890625,False,-0.6366067415730338,False,-0.28699105978012085,False
AGCGGTACGGCGCATC-1,0.7780784368515015,False,0.47134808454425364,False,0.42605191469192505,False
AGCGGTGAGTGACATG-1,0.8406071066856384,False,1.0850395714910361,False,3.0022706985473633,True
AGCGGTGCAGGCATCT-1,0.6430345177650452,False,0.32439655172413795,False,0.2415609359741211,False
AGCGGTTAATCGAAGT-1,0.6611534953117371,False,0.6520928813559322,False,0.7407111525535583,False
AGCGGTTAGACTCGCC-1,0.47741827368736267,False,0.3119274744027304,False,0.2823943793773651,False
AGCGTGCCTGTATGCC-1,0.611186683177948,False,0.4141860179885527,False,2.213226079940796,False
AGCGTGCGCCTGATCG-1,0.028658496215939522,False,0.7275198541329011,False,0.634971559047699,False
AGCGTGCTTCGCTCAT-1,-0.477115273475647,False,-0.9879537712895377,False,-0.9106982946395874,False
AGCGTGGCACCGACAA-1,-0.6989951133728027,False,-0.4928164983164983,False,1.1567165851593018,False
AGCGTGTATGTACGGT-1,0.02115580439567566,False,0.20414435237679895,False,-0.11787941306829453,False
AGCGTTACAGTCCTGG-1,-0.007664627395570278,False,-0.6608971962616823,False,-0.5855620503425598,False
AGCGTTATACCTGTTG-1,0.27148306369781494,False,0.15642789330922244,False,0.40771129727363586,False
AGCGTTATAGCGCACT-1,0.3819934129714966,False,0.8872714592274679,False,0.791429877281189,False
AGCGTTGGCTCACGAT-1,0.7287134528160095,False,0.05876657997399219,False,1.6952321529388428,False
AGCTACCAGCGTTACT-1,-0.41546231508255005,False,-0.3473928571428571,False,0.6073210835456848,False
AGCTAGCGTACAGTAA-1,0.16464416682720184,False,0.22523553965414428,False,0.12251710146665573,False
AGCTATAAGTCCAGCA-1,-0.14106068015098572,False,0.32386706349206346,False,0.06794962286949158,False
AGCTATAGAATAGTCT-1,-1.7092626094818115,False,-0.958793388429752,False,-0.5508095622062683,False
AGCTCAACATCGTCCG-1,-0.5472484230995178,False,-0.2836358974358974,False,0.05187287926673889,False
AGCTCGACAGGCGATA-1,-1.2558026313781738,False,-0.6978660508083141,False,0.5753061175346375,False
AGCTGACGTAACGCTG-1,-0.7698553204536438,False,-0.8657076818490822,False,-1.1906942129135132,False
AGCTGTACGCTGACTC-1,0.2011910080909729,False,0.27160119465917076,False,-0.9107144474983215,False
AGCTGTCCAGATGCTA-1,-0.3150130808353424,False,-0.3564687743950039,False,-0.7306932210922241,False
AGCTGTTCCGGTGATT-1,-0.134463831782341,False,-0.06011404833836858,False,0.027277790009975433,False
AGCTGTTGAAGGCCTT-1,0.14148281514644623,False,0.31880984204131224,False,0.6903820037841797,False
AGCTTCGCTGCGGTCA-1,0.5132767558097839,False,0.423459100204499,False,0.5051378011703491,False
AGCTTGAGTCAGGCCG-1,-0.9854435324668884,False,-1.0242407407407406,False,0.05776000767946243,False
AGCTTGGATGCAAGCC-1,-0.7159554958343506,False,-0.5137958837772397,False,-0.14639925956726074,False
AGGAATTACGGTGACG-1,-0.9511622190475464,False,-0.8696106020942408,False,0.08296303451061249,False
AGGACCAGTAACCTAA-1,0.14000295102596283,False,0.332739970282318,False,0.5590013861656189,False
AGGACCAGTGCGCCAG-1,-0.6042568683624268,False,-0.6770760661998727,False,-0.605082631111145,False
AGGACCGCAATAGTTA-1,-2.4747939109802246,False,-4.6122499999999995,True,-1.7043908834457397,False
AGGACCGTAGATGCTA-1,0.37721946835517883,False,0.4601877703499803,False,0.9286941885948181,False
AGGACCTGTACCATTC-1,0.41273319721221924,False,0.5434269503546099,False,-0.2557357847690582,False
AGGACGAAGCCTCCTT-1,0.47752466797828674,False,0.4415205314009662,False,0.6730758547782898,False
AGGACGAATGCTTCAA-1,-0.08660174161195755,False,-0.1059987722529159,False,0.014188110828399658,False
AGGACGTATCGCCGTA-1,-2.3837051391601562,False,-2.1093454545454544,False,-2.4123268127441406,False
AGGACGTCGGCACGAA-1,0.784792959690094,False,1.1396017618469017,False,1.5661132335662842,False
AGGACTGAAGTGCCTT-1,0.17425043880939484,False,0.13019839142091152,False,0.22199824452400208,False
AGGACTGGATGAAGAC-1,0.24428953230381012,False,-0.26211139896373054,False,-0.1100119948387146,False
AGGAGCAGCGTTAATA-1,-1.843571662902832,False,-2.505285714285714,False,-0.7196649312973022,False
AGGAGCATAATCCACT-1,0.7670857906341553,False,0.732578277886497,False,1.0790901184082031,False
AGGAGCATCACTCAGC-1,-0.38493290543556213,False,0.15268227272727272,False,-0.3496248126029968,False
AGGAGCATCTTAACTC-1,-1.6452232599258423,False,-1.258463087248322,False,0.6408196687698364,False
AGGAGCCGCTGAGTAG-1,-0.4328939914703369,False,-0.410096,False,-0.12640529870986938,False
AGGAGCCTCGAACGTT-1,-0.6314802765846252,False,-0.19982433920704845,False,-0.24566273391246796,False
AGGAGCCTTCGCCTTA-1,-1.2636430263519287,False,-0.9652793024585478,False,-0.6990928649902344,False
AGGAGCGAATGCGTTA-1,0.1353519707918167,False,0.17152676864244742,False,-0.6732953190803528,False
AGGAGCTATGAACACT-1,0.6581626534461975,False,0.9804646808510639,False,1.555091381072998,False
AGGAGCTGCAAGGACT-1,-0.08187727630138397,False,-0.42229565217391307,False,1.2755805253982544,False
AGGATAACCGGTCGGA-1,0.011165500618517399,False,-0.014039366515837105,False,0.5331124067306519,False
AGGATACCTCCGAGCG-1,-1.0037329196929932,False,-0.8884838604499511,False,-0.8957775235176086,False
AGGATAGGCTCAGTTG-1,-0.2294243574142456,False,0.10604079601990049,False,0.9289620518684387,False
AGGATATCGCGAATAC-1,-0.158554345369339,False,0.0745678391959799,False,0.002305619651451707,False
AGGATCAACATTCGTT-1,-0.7929020524024963,False,-0.5217575150300602,False,0.2901381552219391,False
AGGATCCGCTCGGTGC-1,1.7292994260787964,False,2.0270593667546173,False,-0.3638666272163391,False
AGGATCCGTGAGGCGG-1,-0.3326101005077362,False,-0.4420834092980857,False,0.3904497027397156,False
AGGATCGAGCACCGCC-1,-0.03925417363643646,False,0.04486172695449241,False,0.06644660234451294,False
AGGATCTTAATGGTGA-1,0.26846086978912354,False,0.7032360946745563,False,2.7829694747924805,False
AGGATGAGTGCGTGCG-1,-1.2149382829666138,False,-1.3960362622036262,False,-1.0076690912246704,False
AGGATGCTCGACAGTC-1,0.3206894099712372,False,0.6782741806554756,False,1.1685857772827148,False
AGGATTCCTTGCTGCG-1,0.15527565777301788,False,0.12202492877492878,False,0.12880298495292664,False
AGGATTCTACGCCTAG-1,0.46882006525993347,False,0.4627819444444445,False,0.8805057406425476,False
AGGCAACAGCGTTCGC-1,3.054905652999878,False,2.3497441724941726,False,1.0293811559677124,False
AGGCAACAGTCTGGTT-1,1.809509515762329,False,1.5128375394321767,False,0.8255292773246765,False
AGGCAACTAGCGTACC-1,0.07495447248220444,False,-0.22029829325058184,False,-0.08311117440462112,False
AGGCAATGTCAGCTGG-1,0.0015204816590994596,False,0.1425,False,1.906905174255371,False
AGGCATGCATGGAATT-1,0.24341723322868347,False,0.6296756329113924,False,-0.34335872530937195,False
AGGCATTAAGTCTGGC-1,-1.2229517698287964,False,-1.2617801724137931,False,-0.17032146453857422,False
AGGCATTACTATAGTA-1,-0.5994451642036438,False,-0.7733671081677704,False,-0.30913349986076355,False
AGGCCGCAGAATAACG-1,0.5951763391494751,False,0.4789484711211778,False,0.6911441683769226,False
AGGCCTGTCTAGTGGC-1,-0.14240415394306183,False,0.1317789203084833,False,0.3004193902015686,False
AGGCCTTGTCGTTGAT-1,-1.0205203294754028,False,-1.0177278434268833,False,-0.14384613931179047,False
AGGCGATTCCACTTCT-1,-0.027140213176608086,False,0.022873862696443342,False,0.12297998368740082,False
AGGCTGCAGCTCAGGC-1,-0.6149623394012451,False,-0.9602052401746725,False,1.115089774131775,False
AGGCTGCGCAGCAACT-1,-0.8060358166694641,False,-0.9757994923857868,False,-0.20859244465827942,False
AGGCTTAACCGATTGT-1,1.7268153429031372,False,1.3329021479713603,False,0.88972407579422,False
AGGCTTAGCATTAACC-1,-1.6789565086364746,False,-1.1735572776280323,False,-0.09791698306798935,False
AGGTACAGCTATGATA-1,-0.5666849613189697,False,-0.20516600397614312,False,-1.0008362531661987,False
AGGTACCAGACGCCAG-1,0.7386835813522339,False,0.9722901716068642,False,0.7976473569869995,False
AGGTACGGAAGTCAAC-1,-1.820849895477295,False,-1.6290641304347826,False,-0.7843943238258362,False
AGGTACTCTGCCACCG-1,-1.535224437713623,False,-1.005525587248322,False,2.4977824687957764,False
AGGTCACCTCCGCCTC-1,-0.013332344591617584,False,-0.00793529411764706,False,0.4402954578399658,False
AGGTCGAGGTCTAGGC-1,-2.113668441772461,False,-1.0322554980595084,False,-0.43852710723876953,False
AGGTCTCACGCCAATA-1,-1.4662506580352783,False,-0.9033482142857142,False,-3.289837121963501,False
AGGTCTTCCATCGCCG-1,0.5582410097122192,False,0.48533082026538,False,1.017642617225647,False
AGGTGAAGTGACGACT-1,1.9741798639297485,False,1.0138447204968943,False,0.9739408493041992,False
AGGTGAATCCACAACC-1,-0.5188261270523071,False,-0.48018257443082313,False,0.31611934304237366,False
AGGTGAGCAATGTCTT-1,-5.416069030761719,True,-4.3718900523560205,True,-0.6494083404541016,False
AGGTGAGGTAGAATAC-1,0.6495006084442139,False,0.6411263020833333,False,-0.08361499011516571,False
AGGTGATTGGCGGTAT-1,-0.4111396074295044,False,-0.38765362411802434,False,-0.39690718054771423,False
AGGTGGCACTTGTCAG-1,0.8551364541053772,False,0.8506959183673469,False,-0.7007415890693665,False
AGGTGGCTGTCGCCAA-1,0.7787975072860718,False,0.480410820451843,False,-1.2627209424972534,False
AGGTTACATTCCACGC-1,-0.03308491036295891,False,0.25516636280765725,False,4.027105808258057,True
AGGTTAGTGGCCATAG-1,-0.4694071114063263,False,-0.4397253272019809,False,-0.3274477422237396,False
AGGTTCCACGCCGAAG-1,0.513140082359314,False,0.21660000000000001,False,0.9852350354194641,False
AGGTTGAGTAGGAGAT-1,0.40983593463897705,False,1.3298501577287065,False,-1.2296085357666016,False
AGTAACCGCAGGTCAA-1,-0.7235590219497681,False,-0.2875272435897436,False,-0.4522767961025238,False
AGTAAGCTCGGCCAAT-1,-0.2689216136932373,False,-0.25192168674698795,False,0.6948437690734863,False
AGTACCGAACCGCAAT-1,0.3689212203025818,False,0.3847176503972758,False,0.24728837609291077,False
AGTACCGTTGTACGCC-1,0.7316461205482483,False,-0.329141975308642,False,-0.26439428329467773,False
AGTAGACAGATAACGG-1,0.26901522278785706,False,0.1412130541871921,False,-0.04359082132577896,False
AGTAGACAGTAAGGAG-1,0.22186091542243958,False,0.2726863738738739,False,0.2607329189777374,False
AGTAGAGCATGGACGT-1,0.049786392599344254,False,0.16479675675675673,False,0.1510036140680313,False
AGTAGAGTGCCGAATG-1,1.5476617813110352,False,2.1303800856531048,False,0.031587667763233185,False
AGTATTACGGTATTCG-1,0.36350005865097046,False,0.22601047120418846,False,0.9122199416160583,False
AGTATTAGCTGATCGA-1,-0.5483168959617615,False,-0.5678418708240535,False,-1.5974140167236328,False
AGTATTCAGCTGAATG-1,-0.9104250073432922,False,-0.8330338248048569,False,1.843423843383789,False
AGTATTCGTCGGTATC-1,-0.23119086027145386,False,-0.1911968503937008,False,-0.585533618927002,False
AGTATTGATTGAGTCA-1,-0.8021826148033142,False,-0.686418875502008,False,-0.32534605264663696,False
AGTATTGGTATGTCTA-1,0.2001245617866516,False,0.003056646525679758,False,-0.17174118757247925,False
AGTCACCATACCTCCA-1,1.7341206073760986,False,1.0941362038664324,False,-0.6796486973762512,False
AGTCACTTATTCAAGG-1,0.437522828578949,False,0.10264130434782608,False,0.5956478714942932,False
AGTCCGTGATCACTAC-1,-0.18537892401218414,False,-0.7105695187165775,False,0.7976444959640503,False
AGTCGCCACTCGGCGA-1,0.15730664134025574,False,-0.43882728628230616,False,-0.5227298736572266,False
AGTCGGACCGTGCTTA-1,0.4187055826187134,False,1.3342877516778524,False,1.7157878875732422,False
AGTCGGTCTAATCTGT-1,0.5194775462150574,False,0.31445377733598406,False,-0.026965240016579628,False
AGTCGGTTATACATAG-1,0.0886370986700058,False,-0.08835423634336677,False,-0.10054324567317963,False
AGTCGGTTGGTTGGCG-1,-0.23696374893188477,False,-0.7109594594594594,False,0.015464005060493946,False
AGTCGTTGCCGCCAAC-1,0.6705427765846252,False,1.306463963963964,False,-0.7813354730606079,False
AGTCGTTGCCTTACCT-1,0.22968335449695587,False,0.05671471471471472,False,-0.9982997179031372,False
AGTCTAGGATTGTCAC-1,-0.12021437287330627,False,0.20789383561643837,False,0.765058696269989,False
AGTCTGTTACAATAGT-1,0.07901167869567871,False,0.19002649930264992,False,-0.20387668907642365,False
AGTGAGCGCCTGTCCT-1,0.5323552489280701,False,0.7243080608793686,False,0.11327818781137466,False
AGTGAGGTCTGTGCTC-1,0.5516443848609924,False,1.0351701388888888,False,-0.4083807170391083,False
AGTGAGTATTCTAAGT-1,-2.0206987857818604,False,-1.2167217314487633,False,-0.4421130120754242,False
AGTGCAATAACTAACA-1,-1.3447132110595703,False,-0.9996661237785016,False,-0.49034613370895386,False
AGTGCAGCTTCATCGG-1,0.1485135704278946,False,0.20406351039260973,False,0.1927080601453781,False
AGTGCCAGATGCTCTG-1,-1.2673498392105103,False,-1.3668146630236795,False,-0.8983936309814453,False
AGTGCGCAACATGCGT-1,-1.1302011013031006,False,-0.6333091603053436,False,-0.9941777586936951,False
AGTGCTTCGCGGACGC-1,-1.7995818853378296,False,-1.713958919319023,False,-0.4052445590496063,False
AGTGGTATGTCCAAGT-1,-0.23927654325962067,False,0.14159195402298852,False,0.38272351026535034,False
AGTGTAAGCCGAACAA-1,1.9224709272384644,False,1.7616875,False,0.8923099637031555,False
AGTGTAAGCCTGCAAG-1,1.2543927431106567,False,1.9742664233576641,False,1.8695087432861328,False
AGTGTAAGTCCATACA-1,-0.7111305594444275,False,-0.908877680525164,False,-0.3933548629283905,False
AGTGTACCTCTGTATG-1,-0.04978824406862259,False,-0.040817706387747475,False,-0.2945023477077484,False
AGTGTAGCTCTTATCT-1,-0.23285707831382751,False,-1.2435570719602977,False,-0.3488229215145111,False
AGTGTATGCGCTGCCT-1,0.6775597333908081,False,0.9945829228243022,False,0.361899197101593,False
AGTGTCATGGTTGTGG-1,0.017369471490383148,False,0.10855923202614379,False,0.3317502439022064,False
AGTGTCGTGGCATGTT-1,-0.7452828288078308,False,-0.6357727272727273,False,-0.5660740733146667,False
AGTGTCTGAACTGTGG-1,-0.39268338680267334,False,-0.40714233436055464,False,-1.4490922689437866,False
AGTGTCTTAAGCTTGT-1,-0.11554242670536041,False,0.12391064006650042,False,0.051735155284404755,False
AGTTAACGAGCCACTC-1,-1.223151445388794,False,-1.04728,False,-1.2771013975143433,False
AGTTAAGACTGGCTCC-1,-1.705138087272644,False,-1.388204755614267,False,-0.7705365419387817,False
AGTTAAGGTAGATACT-1,-1.985828161239624,False,-2.352071514063435,False,-1.1061482429504395,False
AGTTACCTCACCAGCA-1,-1.553022027015686,False,-1.4196018691588785,False,-0.7383401393890381,False
AGTTAGAAGGACGAAT-1,0.3989020884037018,False,0.5196285126799177,False,1.2778905630111694,False
AGTTATCCTGAACGAA-1,-0.12478801608085632,False,-0.6331391509433961,False,-0.28814223408699036,False
AGTTCAGTTCATACAT-1,1.018417239189148,False,1.0240990201134605,False,0.30082106590270996,False
AGTTCGTCTAGTGCAG-1,0.5335361361503601,False,0.7290254491017963,False,0.4440214931964874,False
AGTTCGTGCAGACCTT-1,-1.9344847202301025,False,-1.5391164215686273,False,-1.8491569757461548,False
AGTTCGTGCATGTCGA-1,-1.0483871698379517,False,-1.039291217257319,False,-0.3210750222206116,False
AGTTGGAAGAGTATTG-1,0.41015732288360596,False,0.4734754366812227,False,1.0967482328414917,False
AGTTGGACGTTGGTAT-1,0.36726894974708557,False,0.4743077606635071,False,0.5016605854034424,False
AGTTGGCAACGTTGTC-1,0.056343648582696915,False,0.05088683431952662,False,0.946641206741333,False
AGTTGGCACCAGTTAC-1,0.6139715909957886,False,0.6347286852589641,False,0.8172988891601562,False
AGTTGTACTTAATGGA-1,1.0076649188995361,False,0.7276940063091483,False,0.7110286355018616,False
AGTTGTCCACAGACCA-1,0.30536216497421265,False,0.14361977186311786,False,0.38735082745552063,False
AGTTGTGAACCTGATG-1,-0.7639199495315552,False,-0.8491814744801512,False,-0.6525656580924988,False
ATAACCTAGAACCTGC-1,-0.5375490784645081,False,-0.442804384017758,False,-0.4478205442428589,False
ATAACGAAGAGCACGC-1,-0.6864905953407288,False,-0.18815,False,-1.0256632566452026,False
ATAACGCCTGTAGGCA-1,0.5781302452087402,False,0.43055191637630663,False,-0.23851566016674042,False
ATAACGGCAAGACTCC-1,0.09851432591676712,False,0.05575346820809249,False,-0.0754333958029747,False
ATAACGGCGTTACACT-1,-0.3390767574310303,False,-0.3481048834628191,False,-0.8268447518348694,False
ATAACTGAACTCCTGG-1,0.22585511207580566,False,0.0976034761519806,False,-0.15345816314220428,False
ATAAGAATCATGCATC-1,-0.7147506475448608,False,-0.5448065020862308,False,-1.1222717761993408,False
ATAAGACCAATCGCGG-1,-0.3654404282569885,False,-0.2593564086090588,False,-0.571752667427063,False
ATAAGGAATAGAACAT-1,-0.4975643455982208,False,-1.037833939945405,False,0.28862592577934265,False
ATAAGGAGCCGTGATG-1,0.7432365417480469,False,1.041434596577017,False,1.712598204612732,False
ATAAGGCGGACAAGTT-1,0.4302191138267517,False,0.13890445269016696,False,-0.2906705141067505,False
ATAAGGTTAGCTCACG-1,0.10020337998867035,False,0.08379996200607903,False,0.40164995193481445,False
ATAAGTACCACGAGTT-1,-0.17042574286460876,False,0.1506070915189267,False,0.3355746269226074,False
ATAATCCGTTCCGTTC-1,0.5009750723838806,False,0.5030293957539467,False,0.5694001913070679,False
ATAATCGTAGTTATTC-1,1.3290221691131592,False,1.6781677559912853,False,1.2906759977340698,False
ATAATTAGTTCTACGG-1,-0.14229297637939453,False,-0.3545942857142857,False,-1.611659288406372,False
ATAATTATCGACCACG-1,-0.3945796489715576,False,-0.32458333333333333,False,0.028724972158670425,False
ATACAAGGTCAGTAGA-1,0.19549232721328735,False,0.5006892895015906,False,0.6717193722724915,False
ATACAATTGCGGTATT-1,0.25732240080833435,False,0.638563524590164,False,0.515600860118866,False
ATACATCAAGGATTGC-1,-0.7537180781364441,False,-0.8031495726495727,False,0.2175404280424118,False
ATACATCACGCCTTCT-1,0.5878040790557861,False,0.467563847429519,False,0.454719215631485,False
ATACATCACTGTCCGG-1,0.0901298001408577,False,0.09333197674418604,False,-0.261222243309021,False
ATACATCATGCACCAA-1,0.9847519993782043,False,0.9485335029686174,False,1.5994017124176025,False
ATACGCTGAGATCAGA-1,-1.1284639835357666,False,-0.5045104046242774,False,-0.5491743087768555,False
ATACGGCGACTGGTCT-1,0.8017408847808838,False,0.5110475460122699,False,0.801135241985321,False
ATACGGTCCTTGTCTT-1,-0.030991073697805405,False,-0.4658325449385052,False,0.23135370016098022,False
ATACTAGCCACTTCGC-1,1.0795989036560059,False,1.2039188679245283,False,0.7705946564674377,False
ATACTAGCCATTAGTT-1,-0.20237313210964203,False,-0.0293984375,False,-0.6145514249801636,False
ATACTAGTAACTGAGT-1,0.03835972398519516,False,-0.02521172555043523,False,0.40648671984672546,False
ATACTATCAACTTGTA-1,0.8285601735115051,False,1.171165725047081,False,-0.48030972480773926,False
ATACTATGAATGTCTT-1,-0.2368810772895813,False,-0.2683357715903728,False,0.6273021697998047,False
ATACTATGCCAGTGAG-1,0.30052173137664795,False,0.3253186296462159,False,0.41925400495529175,False
ATACTATGGTTACATT-1,0.4213246703147888,False,0.5643576589595376,False,-0.726932168006897,False
ATACTGACTTCGGCAC-1,-1.0573859214782715,False,-0.9361412930135558,False,-1.0410305261611938,False
ATACTGGACCACAGCC-1,-0.6593940258026123,False,-0.6781459459459459,False,-0.7742171287536621,False
ATACTGGAGGATAACG-1,0.482103556394577,False,0.0016384615384615383,False,-0.10183124989271164,False
ATACTGTCCACTACCG-1,-1.0527442693710327,False,0.0547176287051482,False,-0.8176265358924866,False
ATAGAACCTCTACCGA-1,1.3335636854171753,False,1.2729458997722096,False,0.9496482014656067,False
ATAGAACGTTCGATCT-1,-0.924506664276123,False,-0.6879396014943959,False,-0.2599920332431793,False
ATAGAATTCTACTTGA-1,-1.3095778226852417,False,-0.6745,False,0.49585872888565063,False
ATAGAATTCTAGGCCG-1,-1.413133978843689,False,-1.7061426611796982,False,-0.7514525651931763,False
ATAGACATGGCTATGG-1,-0.08505614101886749,False,0.2550676446617767,False,-0.15652687847614288,False
ATAGATCGGCATCCGA-1,0.9441540837287903,False,0.7812166666666666,False,0.5879011750221252,False
ATAGATGCCTAAGCAC-1,-0.06363571435213089,False,-0.22617964071856286,False,0.5425992012023926,False
ATAGATTGAGTTCGAG-1,0.13209278881549835,False,-0.06645808823529412,False,-0.6474096179008484,False
ATAGCACCTGCTGTCT-1,0.5186464786529541,False,0.6356501225490196,False,1.3023347854614258,False
ATAGCTATTCGCACTC-1,1.1401034593582153,False,1.5232583518930958,False,0.7773230075836182,False
ATAGCTTCACAACCGT-1,-0.9700208902359009,False,-1.5867988204456094,False,-1.003523826599121,False
ATAGCTTCGTGGAACG-1,-0.9543667435646057,False,-0.23125714285714286,False,-0.2562132477760315,False
ATAGGCCGGTAATTCT-1,0.5260025858879089,False,0.5433095238095238,False,0.9441430568695068,False
ATAGTACTATGGTTCT-1,-1.9649301767349243,False,-0.9932197802197803,False,0.3352399468421936,False
ATAGTCCGCCGTTGGC-1,-0.5270183086395264,False,-0.8756556383970177,False,-0.8907390236854553,False
ATAGTCGAAGGAAGCT-1,-0.3354719281196594,False,-0.4255152480655439,False,-0.3784719407558441,False
ATAGTCGAGTTGTCTG-1,0.4723128378391266,False,0.12852363367799113,False,-0.07561840862035751,False
ATAGTCGCTAAGGTAT-1,-0.9843502640724182,False,-0.8867434183033848,False,-0.722434937953949,False
ATAGTGACGAATAGAT-1,-0.3034183382987976,False,-0.40767193486590036,False,-0.44710302352905273,False
ATAGTGAGTGAGGATT-1,-0.1913868933916092,False,0.1637135922330097,False,0.21962061524391174,False
ATAGTGTCAGATGTAG-1,-0.2390325367450714,False,-0.17981291093843396,False,0.895683765411377,False
ATAGTTAAGCCTGCCG-1,-0.20136892795562744,False,0.03911677115987461,False,0.16652964055538177,False
ATAGTTAAGGCACGAG-1,0.7936693429946899,False,0.7134602888086642,False,-0.10071834176778793,False
ATAGTTAGTCCTTAAT-1,-0.3345201015472412,False,-0.0826159230096238,False,-0.46215665340423584,False
ATAGTTCATCGGATCT-1,0.16353251039981842,False,0.2978884220354809,False,0.41822534799575806,False
ATAGTTCGCAGCCGTG-1,-0.49899619817733765,False,-0.978758152173913,False,-0.32173189520835876,False
ATAGTTCGGTTCCAGA-1,-0.49039241671562195,False,-1.4558080260303687,False,0.20635509490966797,False
ATCAACATAAGCGTAG-1,0.7030306458473206,False,1.1074513089005236,False,0.6103613376617432,False
ATCAAGGAGCTTACAT-1,-0.17640608549118042,False,-0.451647577092511,False,-0.16018491983413696,False
ATCAAGTGGTGATGGC-1,-1.2283906936645508,False,-1.0526878612716764,False,-0.8497802019119263,False
ATCACCAGTTCGGCGA-1,-0.1482490599155426,False,-0.12137927107061504,False,0.6102902889251709,False
ATCACGTTCAATGATA-1,0.734185516834259,False,1.2428287037037038,False,-0.08759943395853043,False
ATCACTTAGGCCTTGT-1,0.6721596717834473,False,0.7538942708333333,False,0.5848625898361206,False
ATCAGATACCAGCTGT-1,-0.6962117552757263,False,-0.19024358974358976,False,-0.7942038774490356,False
ATCAGTAAGCTCGCCG-1,-1.1745352745056152,False,-0.579492607003891,False,0.16158026456832886,False
ATCATTCACCAGATTG-1,-0.4624996483325958,False,0.23120747422680413,False,-0.04130537807941437,False
ATCATTCCAACTTCGC-1,-1.2095850706100464,False,-1.3132122328666176,False,-0.5854683518409729,False
ATCATTCCACTTAGCA-1,-2.637432813644409,False,-2.119304777070064,False,-0.6205678582191467,False
ATCATTGTCCATGCCA-1,-0.3643661439418793,False,-0.610508145663632,False,-0.6039906740188599,False
ATCCAACGCATGGTAC-1,0.5654329657554626,False,1.5313848,False,1.0206291675567627,False
ATCCAACGCCACATCG-1,1.1918703317642212,False,1.831592050209205,False,-0.5837535858154297,False
ATCCACATCACTGCCG-1,0.4407738447189331,False,-0.013979274611398963,False,-0.9382901191711426,False
ATCCACATGTTGGACC-1,0.7305721640586853,False,-0.10998216560509554,False,-0.6980409622192383,False
ATCCACGAACGTTCGG-1,-0.42822355031967163,False,-0.7954448275862069,False,-0.09325355291366577,False
ATCCACGACACGAATG-1,0.5449026226997375,False,-0.2027555110220441,False,0.8617501854896545,False
ATCCACTCGTACTCGG-1,0.619015634059906,False,0.3216365740740741,False,1.1046534776687622,False
ATCCGAACGCAACCTT-1,-0.15588103234767914,False,-0.05363747401247401,False,0.1845611184835434,False
ATCCGAGTACAGGAAT-1,-0.2658124268054962,False,-0.3928406593406593,False,-0.831951916217804,False
ATCCGAGTACCACGTG-1,-2.441596746444702,False,-1.0479663132694939,False,-0.4488207995891571,False
ATCCGAGTCACTTGTA-1,-1.1288472414016724,False,-0.8264661086717893,False,-0.38154733180999756,False
ATCCGATGACCTCGGA-1,-0.325726717710495,False,-0.30737583205325136,False,0.13297371566295624,False
ATCCGATGTCTGTCAC-1,0.3872353732585907,False,0.30299209932279914,False,0.6524240970611572,False
ATCCGATTATCTACGT-1,-3.568671464920044,True,-3.715555555555555,True,-0.9151011109352112,False
ATCCGGATCGCCGTAT-1,-1.4329160451889038,False,-1.211167391304348,False,0.32793906331062317,False
ATCCGGATGACGTAAC-1,-0.06283184885978699,False,0.21867351598173515,False,2.125528573989868,False
ATCCGGCGTAGTCTGA-1,1.2073734998703003,False,1.4108744959677417,False,0.7227672934532166,False
ATCCGGTACCGTCCTT-1,-0.3587750494480133,False,-0.25023435114503817,False,-0.7256221771240234,False
ATCCGGTATCACAAGT-1,0.1637454479932785,False,0.2698,False,0.19762703776359558,False
ATCCGTAGCTTCAGTA-1,-0.7032734751701355,False,-0.32335996705107084,False,0.049362972378730774,False
ATCCGTAGTGTCGCTC-1,-0.34554317593574524,False,-0.42756075139888094,False,-0.6593384742736816,False
ATCCGTGGAACTTCAA-1,-0.49776366353034973,False,-0.5535471900471901,False,-0.2253233939409256,False
ATCCGTTATCGAAGGC-1,-0.9395963549613953,False,-0.4599670879410216,False,-0.8565980195999146,False
ATCCTCCAGCCATTGT-1,0.33624300360679626,False,0.43964089184060723,False,-0.37766364216804504,False
ATCCTCGTTCCAGGCC-1,-0.28299978375434875,False,-0.575178021978022,False,-0.12603053450584412,False
ATCGAACTCGTCCGGC-1,-0.9080670475959778,False,-0.7743543457497613,False,-0.5590861439704895,False
ATCGACAGCGGCAACA-1,-0.3223186731338501,False,-0.25037619642114023,False,0.2998463809490204,False
ATCGACCGGAGTATCG-1,-0.43615594506263733,False,-0.65009375,False,1.633278727531433,False
ATCGACTAAGTACTGC-1,0.07579607516527176,False,0.09846226415094339,False,-0.19240319728851318,False
ATCGATGTCAGATAGA-1,-0.5943172574043274,False,-0.3520608351331893,False,0.2719671428203583,False
ATCGCAATGCACTAAC-1,-0.3843894898891449,False,-0.7415491626148029,False,-0.8374794721603394,False
ATCGCAGTAACTTATT-1,0.14100991189479828,False,-0.6197396565183451,False,-0.7674511075019836,False
ATCGCAGTAATATCAG-1,-0.9362499713897705,False,-0.7464582262210797,False,-0.014157605357468128,False
ATCGCAGTCTATGGCA-1,0.4563386142253876,False,0.31200883575883576,False,0.12494014203548431,False
ATCGCATCACGCATCT-1,-0.3805948495864868,False,-0.21026444833625219,False,-0.018477225676178932,False
ATCGGCTCTATGCCTC-1,-1.393011450767517,False,-0.8334797830374754,False,-0.9339748024940491,False
ATCGTAACTACCTCTT-1,0.7452619671821594,False,0.894445652173913,False,0.614614725112915,False
ATCGTAATCCACATGC-1,-1.0768218040466309,False,-0.5888492063492063,False,-0.024135928601026535,False
ATCGTACAACTGGCTA-1,0.8818104267120361,False,0.8347205726405089,False,1.3487187623977661,False
ATCGTACACCTATGCC-1,-0.003297734772786498,False,-0.408915625,False,-0.40130746364593506,False
ATCGTAGCATGTAGAT-1,-1.4084742069244385,False,-1.412728620689655,False,-0.15317566692829132,False
ATCGTATTACTCGGAG-1,-0.9395023584365845,False,-0.9392354948805461,False,-0.6691396832466125,False
ATCGTATTGGAATCCT-1,0.22394652664661407,False,0.23655745269958467,False,-0.3380157947540283,False
ATCGTCACCATGTCAC-1,0.685616672039032,False,0.6948047977422389,False,0.5860211253166199,False
ATCGTCAGTTAGTCCA-1,-0.34360140562057495,False,0.07807717041800644,False,0.10327435284852982,False
ATCGTCCTAGTACGAA-1,-1.3478819131851196,False,-1.1572113352545628,False,-0.4247981309890747,False
ATCGTCTATGATGCCG-1,0.7401067614555359,False,0.118564453125,False,-0.41405972838401794,False
ATCGTCTTAACGAAGG-1,1.3347994089126587,False,1.1192656675749317,False,0.9034010171890259,False
ATCTACAGGAGTGCAC-1,0.04573323577642441,False,0.24164837153196625,False,0.8566868901252747,False
ATCTACCATATTCCAG-1,-0.34191635251045227,False,-0.2945601265822785,False,0.016988400369882584,False
ATCTACGACAGCTCTT-1,0.09944014996290207,False,-0.30587790697674416,False,0.07367077469825745,False
ATCTACTCACATCTCC-1,-0.4499245584011078,False,0.27113259878419455,False,0.13797645270824432,False
ATCTCCTTGCGATACA-1,-2.811743974685669,False,-1.6086044124071646,False,3.6589057445526123,True
ATCTGAAGTATGCACG-1,0.17093989253044128,False,0.10904307841239108,False,-0.6220634579658508,False
ATCTGAGGAACGGTTG-1,0.5783390402793884,False,0.7449907786885246,False,1.1703922748565674,False
ATCTGATACTTCATTA-1,0.1952386498451233,False,0.36435865122615807,False,1.8056360483169556,False
ATCTGCCGTCTACAGC-1,0.08573239296674728,False,-0.5225,False,-1.2577804327011108,False
ATCTGGATCCTCAGAC-1,0.8035866022109985,False,1.3397178899082567,False,0.3112633526325226,False
ATCTGTACGCGTCTCC-1,0.22587424516677856,False,0.7911270287141072,False,3.8844897747039795,True
ATCTTAAGCTCCTTGA-1,-2.080636739730835,False,-1.800244870410367,False,-0.383757621049881,False
ATCTTAGACGCCTACT-1,0.03688623011112213,False,0.19405696721311474,False,-0.22868576645851135,False
ATCTTAGACTTGATCT-1,0.5487130880355835,False,0.44873180873180873,False,1.837267279624939,False
ATCTTAGATAGGTTCA-1,-0.7148090600967407,False,-1.1260965665236051,False,-0.7027552723884583,False
ATCTTAGTGGCATGGA-1,-2.2613365650177,False,-2.48788303030303,False,0.9065513014793396,False
ATCTTCGGACATACTA-1,-0.9931283593177795,False,-0.9664710648148147,False,1.9320363998413086,False
ATCTTGGCTTCGTCCT-1,-0.037331391125917435,False,-0.3221981882456916,False,-0.6090847849845886,False
ATGAACAATCGATGCG-1,-0.34042757749557495,False,0.06474258289703315,False,-1.5631448030471802,False
ATGAAGCTGAATCCAG-1,-0.27245286107063293,False,-0.1005264423076923,False,0.15123088657855988,False
ATGAATGTATCGTGGT-1,0.9812981486320496,False,0.8336947867298579,False,-0.22786173224449158,False
ATGACACTAATCGCAC-1,-0.5328376293182373,False,-0.17199942824471126,False,0.7570028901100159,False
ATGACCAGACGGCCGG-1,-0.16250494122505188,False,-0.1618139534883721,False,0.4125733971595764,False
ATGACCTCACTTAACC-1,0.17481060326099396,False,0.9339667508417508,False,1.1586010456085205,False
ATGACGAGATCATTAA-1,0.32756754755973816,False,0.14988888888888888,False,0.08660707622766495,False
ATGAGCTACATGGAAG-1,-0.6864526867866516,False,-0.5592218181818182,False,0.24397408962249756,False
ATGAGCTACTGGACAT-1,-0.5646061301231384,False,-0.4653779116465863,False,1.3173154592514038,False
ATGAGCTATTCGAAGA-1,-1.002567172050476,False,-2.5791331967213114,False,1.3405247926712036,False
ATGAGGAACGACCAGC-1,0.11968515068292618,False,0.007175531914893617,False,0.5359664559364319,False
ATGAGTACGCTTCCTA-1,-1.5626943111419678,False,-3.153334733893557,True,-1.0357049703598022,False
ATGAGTATCAGATCTG-1,0.40876510739326477,False,1.046349492671928,False,3.3458359241485596,True
ATGAGTCCTGAAGTGG-1,-1.0886996984481812,False,-1.005750103434009,False,-0.9551911354064941,False
ATGAGTCTAGATACTC-1,-1.9414669275283813,False,-1.4877420886075947,False,-0.9266042709350586,False
ATGAGTCTTAGGAAGG-1,-0.2715035676956177,False,-0.1833135888501742,False,-0.6529111862182617,False
ATGAGTTACAGATAGA-1,-0.22696872055530548,False,-0.06436068702290076,False,0.16694417595863342,False
ATGATAATTCCTTGCG-1,-0.7274129986763,False,-0.6011847826086957,False,-3.544752836227417,False
ATGATATCTAGTCTTA-1,-1.3005093336105347,False,-1.0707756778964668,False,-0.6081424355506897,False
ATGATTGATTCCGAAT-1,-0.12697207927703857,False,-0.08071593053982634,False,-0.9669098854064941,False
ATGCATCCTGACTCAC-1,-0.09670102596282959,False,-0.07741622691292877,False,-0.14784766733646393,False
ATGCATGCCTGCGATG-1,-0.560684084892273,False,-0.9817997898055701,False,-0.9337571263313293,False
ATGCATGGTTCCGCCT-1,-1.699108600616455,False,-1.301523058252427,False,-0.32295891642570496,False
ATGCATGGTTGCTGTA-1,0.7446722984313965,False,0.8213135593220339,False,0.252454936504364,False
ATGCATGTATGTGAGT-1,0.780572772026062,False,0.8177059447983015,False,0.6182078719139099,False
ATGCATGTCACTCGTG-1,-2.599403142929077,False,-3.0245167504187607,True,-1.877417802810669,False
ATGCATGTCGATGTGG-1,0.34884098172187805,False,0.6041096433289299,False,-0.35914337635040283,False
ATGCATTAGATATCCA-1,-1.4166501760482788,False,-0.9300088282504013,False,-0.8217803835868835,False
ATGCCAGCTGCCATCT-1,0.3233889639377594,False,0.018881804043545877,False,0.8726741075515747,False
ATGCCGTCGATAAGAC-1,-2.404695749282837,False,-2.0551323953823957,False,-0.24653494358062744,False
ATGCCGTTGTGAAGCG-1,-0.7629424333572388,False,-0.4973966480446927,False,-0.27120962738990784,False
ATGCCTTCGTAAGTTA-1,-0.5433638691902161,False,-0.4071843462246777,False,1.0663000345230103,False
ATGCTACTGAATAGTA-1,0.8008807897567749,False,0.8069783526927138,False,0.6840517520904541,False
ATGCTCCAACCTGGCC-1,-0.8488972783088684,False,-1.1031909620991254,False,0.9397129416465759,False
ATGCTCCGTTCTACTG-1,0.7493269443511963,False,0.7727776632302406,False,0.8487809300422668,False
ATGCTCGCCTCCAATT-1,1.1610280275344849,False,1.3537209098862641,False,1.3443117141723633,False
ATGCTGAATGCAATAG-1,-0.44110456109046936,False,-0.6033988603988604,False,-2.0644030570983887,False
ATGCTGACAGTTACAT-1,0.307893842458725,False,0.9657986618004866,False,1.8617147207260132,False
ATGCTGACGACTCGCT-1,-0.2661866843700409,False,-0.6132560532687651,False,-0.8347108960151672,False
ATGCTGCCGGCATACT-1,0.10179459303617477,False,0.03923684210526315,False,-0.22292517125606537,False
ATGCTGCCTACTGCAT-1,0.41439753770828247,False,0.4280531457600625,False,1.1668049097061157,False
ATGCTGCGCTGTTGCA-1,-0.022680271416902542,False,0.028411962931760744,False,0.49500423669815063,False
ATGCTGCGGAACTACC-1,0.8591011166572571,False,0.9893661504424778,False,2.533280849456787,False
ATGCTGCGGATGGTTG-1,0.5152323842048645,False,0.5357972533429707,False,1.2801084518432617,False
ATGCTGGCTTACTACA-1,-0.5753446817398071,False,-0.7415210651828299,False,-0.0030181356705725193,False
ATGCTTACTCTAGGAA-1,-0.306809663772583,False,-0.34852351274787535,False,-0.2832987606525421,False
ATGCTTGGACGAACTT-1,0.2995791733264923,False,0.3935587053571429,False,0.467237651348114,False
ATGGAACGATAGTGAT-1,0.27771487832069397,False,0.5352820088300221,False,2.42875075340271,False
ATGGAGCGGACCGATT-1,0.30349424481391907,False,0.3652527075812274,False,0.46755850315093994,False
ATGGAGGCCACGGCTT-1,-0.27920544147491455,False,-0.20512682602921647,False,-0.6343038082122803,False
ATGGAGGCCGCTATCC-1,0.7190925478935242,False,0.3639898867313916,False,-0.2354939728975296,False
ATGGAGGTTCACCGGT-1,0.6665623784065247,False,1.1603005952380954,False,0.29172012209892273,False
ATGGAGTAATCGGACC-1,1.743442177772522,False,1.3260551319648093,False,1.0889856815338135,False
ATGGCATTATGGCTCG-1,0.4398357570171356,False,0.4993173611111111,False,0.30722200870513916,False
ATGGTAACGGACCGGA-1,0.4348848760128021,False,0.4114874213836478,False,0.13734126091003418,False
ATGTAAGAGCCACCTC-1,-1.20004141330719,False,-0.9295746116107931,False,0.12340321391820908,False
ATGTAATTGTCGTTCG-1,0.295571506023407,False,0.2649690721649484,False,0.294773668050766,False
ATGTACAGTGCCTATG-1,1.4292964935302734,False,1.508503091190108,False,0.10058553516864777,False
ATGTACATCGTGGTTA-1,-0.21967442333698273,False,-0.03982442510876321,False,0.1386813074350357,False
ATGTACATGAACTCCG-1,0.36193811893463135,False,0.5167563880467735,False,0.5436155200004578,False
ATGTACCATTATTGTC-1,-0.7609489560127258,False,-0.583057133634603,False,-1.3442091941833496,False
ATGTACCTTCACATTA-1,-0.1926732212305069,False,-0.14746832298136647,False,-0.2348465621471405,False
ATGTACGGTGGCGTAT-1,-0.5351719260215759,False,-0.3959711764705882,False,-0.7581470608711243,False
ATGTACTACCGACTTC-1,-1.1624152660369873,False,-0.9927705627705627,False,-0.6236429214477539,False
ATGTACTAGAGGAATT-1,0.08062288910150528,False,0.10663688946015423,False,0.6360953450202942,False
ATGTACTCTGCAGCAC-1,-0.9774777293205261,False,-0.908388923851479,False,-0.927472710609436,False
ATGTACTGGTCGAAGC-1,-1.3963727951049805,False,-1.0037744932432433,False,-0.6738115549087524,False
ATGTAGAAGCGAATAG-1,-0.7211295962333679,False,-0.772348162475822,False,-0.013785683549940586,False
ATGTAGCCGACCAAGG-1,0.5082371234893799,False,0.578793918918919,False,1.4191545248031616,False
ATGTAGGTAACCGTAC-1,-0.039811693131923676,False,0.12962458100558658,False,0.5412042140960693,False
ATGTAGGTGGTCTAAC-1,-2.0216639041900635,False,-1.3596220472440945,False,-0.7603567242622375,False
ATGTAGGTTGGCGAGG-1,-0.64332515001297,False,-0.4895669729206963,False,0.35437896847724915,False
ATGTAGTCCAGAACAT-1,0.39416250586509705,False,-0.3186099715099715,False,-0.4456358253955841,False
ATGTATCCAAGGTGGC-1,0.8298730850219727,False,0.4098271700051361,False,0.10188277810811996,False
ATGTATCCATAAGTTG-1,-0.9081780910491943,False,-1.0049632352941176,False,-0.845253586769104,False
ATGTATCGGAATACGG-1,0.3164743483066559,False,0.3649976440739398,False,1.071705937385559,False
ATGTATGAGTACCGGA-1,-0.20501428842544556,False,-0.10573765211166786,False,-0.5011083483695984,False
ATGTATGTACTATCTT-1,-1.0707871913909912,False,-1.1363141592920354,False,-0.5475281476974487,False
ATGTCATACTTAGACC-1,0.40944942831993103,False,0.28142931034482754,False,-0.21311350166797638,False
ATGTCATCAGGTTATG-1,-1.2320504188537598,False,-1.0002059902200489,False,-0.6226335763931274,False
ATGTCGCATGCCATAC-1,1.196226954460144,False,1.5043125,False,0.18201707303524017,False
ATGTCGCATTGATTGC-1,-0.45016562938690186,False,-0.4285598639455782,False,-0.4113752543926239,False
ATGTCGGACTGAAGTA-1,-0.11742855608463287,False,-0.28221757322175733,False,0.004661922808736563,False
ATGTCGGATAAGCCGA-1,-4.0086541175842285,True,-3.6590132743362833,True,-0.7945927977561951,False
ATGTCGGCTGTCGTAA-1,0.502037525177002,False,0.33495578231292517,False,0.6483222842216492,False
ATGTCGTTACCAGACG-1,-0.40127450227737427,False,-0.31699879903923134,False,-0.09592084586620331,False
ATGTCTAACTGGCGAA-1,0.6192074418067932,False,0.4026648706896552,False,1.1061705350875854,False
ATGTCTGCGTTGCAGC-1,0.14611122012138367,False,0.23859033309196234,False,0.0247578676789999,False
ATGTGAATCCATACGA-1,-0.266861230134964,False,-0.3009487847222222,False,-0.42873048782348633,False
ATGTGAATTGCTGACC-1,0.8115574717521667,False,0.8414043367346938,False,0.7711843848228455,False
ATGTGACATAGAGTCC-1,0.23554079234600067,False,-0.09537690742624619,False,0.7887475490570068,False
ATGTGATCCGTCTAAC-1,0.9918897151947021,False,0.9828428571428571,False,0.509870171546936,False
ATGTGCGTCTGAACAG-1,-0.33061400055885315,False,-0.3896617243272927,False,-0.4387449622154236,False
ATGTGCTAACATCGAA-1,-1.5764821767807007,False,-1.1100128133704734,False,-0.9123799204826355,False
ATGTGCTTGTGCTACC-1,-0.3569375276565552,False,-0.7095925784238715,False,-0.14573165774345398,False
ATGTTAAGATTACTGA-1,-1.493972659111023,False,-1.2394906609195402,False,-0.5541741251945496,False
ATGTTACTGGAGGCGG-1,1.1457281112670898,False,1.0520654974946313,False,1.7998310327529907,False
ATGTTAGACTATCTCA-1,-1.0712352991104126,False,-0.8928684771033014,False,-0.6560704112052917,False
ATGTTCTGCCTTATCT-1,-0.20897646248340607,False,-0.1887913486005089,False,0.0071437484584748745,False
ATTAACGGAGTGAATT-1,0.1945042610168457,False,0.03533095238095238,False,-0.001351253129541874,False
ATTAAGAACAGCTCCG-1,0.530223548412323,False,0.5662363057324841,False,0.28289997577667236,False
ATTAAGAATAACGCTT-1,-0.2115362584590912,False,0.04869171597633136,False,-0.08397581428289413,False
ATTAAGCGTCCTGCCG-1,-0.20245064795017242,False,0.11441222879684418,False,-0.4599088132381439,False
ATTAAGTGGCCTAAGG-1,-0.2900161147117615,False,0.3134441176470588,False,0.0151063846424222,False
ATTACATGTTATTGAC-1,-0.8931997418403625,False,-0.567130612244898,False,-1.3486177921295166,False
ATTACATTGAAGTATG-1,0.9156520962715149,False,0.9553076602830973,False,1.632043719291687,False
ATTACCTTCGCAGAAG-1,-2.750370979309082,False,-2.113857547169811,False,0.02692280150949955,False
ATTACTCAGTTAACGA-1,-0.4418273866176605,False,-0.8349171287738756,False,-0.6713692545890808,False
ATTACTCCGTGAAGCG-1,-1.2996957302093506,False,-1.1159132911392404,False,-0.301773339509964,False
ATTACTGAGTGCCTCC-1,3.294717788696289,False,2.2003245243128964,False,0.9312916398048401,False
ATTACTGATATTCGCC-1,0.25028982758522034,False,0.170486635676932,False,-0.012597152031958103,False
ATTACTGTACGCGGTG-1,0.10459592938423157,False,-0.6433909853249475,False,1.2217081785202026,False
ATTACTGTCGCATATT-1,-0.4152694642543793,False,0.035651628403630536,False,-0.14522770047187805,False
ATTAGAACAGTGGTAG-1,0.6231551170349121,False,0.392580078125,False,0.23900379240512848,False
ATTAGATAAGACGGCG-1,0.4715220332145691,False,-0.29373387096774195,False,-0.3829106390476227,False
ATTAGATTCGTACTCA-1,0.29055970907211304,False,0.2290177031320926,False,-0.25847047567367554,False
ATTAGCAGGATGTATT-1,-0.46303245425224304,False,-0.3784634584664537,False,-0.15273171663284302,False
ATTAGCATTCCGATCG-1,-1.7856500148773193,False,-1.6724195583596215,False,-1.5296742916107178,False
ATTAGCCTCACTTCTA-1,-0.34023991227149963,False,0.019041259500542886,False,1.3345482349395752,False
ATTAGCCTCAGTAGAT-1,0.4351617395877838,False,0.4227238292011019,False,0.683563768863678,False
ATTAGCGAGCATGCTG-1,-1.0354156494140625,False,-0.85207189145403,False,0.3421168923377991,False
ATTAGCTAGATGCGCA-1,0.6112996339797974,False,0.7013336347197107,False,0.5632880926132202,False
ATTAGTCGTGTTATGC-1,0.7118943929672241,False,0.6089475703324808,False,0.3494572341442108,False
ATTAGTGAGGTATCGC-1,-0.20633617043495178,False,-0.23006380431063975,False,0.012847927398979664,False
ATTAGTGCTTGGTCAT-1,-0.3842812180519104,False,-0.7847231707317073,False,-0.4038400948047638,False
ATTAGTTCACAGACTC-1,-0.7187782526016235,False,-0.5597123636363637,False,-1.0799392461776733,False
ATTAGTTGGACGTGAT-1,-0.8621982932090759,False,-0.7655615292712067,False,-0.5405257940292358,False
ATTATCACAACTCGGC-1,0.5468168258666992,False,0.5337177325581396,False,1.0989564657211304,False
ATTATCAGTTCGATGC-1,0.8873714804649353,False,0.5943510802469136,False,0.605766236782074,False
ATTATCCAGGTGAAGT-1,0.9190022349357605,False,1.1868379790940766,False,0.2034689486026764,False
ATTATCGAGTGCAGAT-1,-0.3250880539417267,False,-0.11329721496953872,False,-0.26974552869796753,False
ATTATCTAGATTAACG-1,-0.09942266345024109,False,0.02453196784073507,False,-0.4751558303833008,False
ATTATCTTATTGAGAC-1,-0.15190844237804413,False,-0.006941680960548885,False,-0.38695985078811646,False
ATTATGCCATCGTTAA-1,-0.19493769109249115,False,-0.19314767616191905,False,-0.20171712338924408,False
ATTATGTTAAGGTAGT-1,0.34267351031303406,False,0.3216365740740741,False,0.09555734694004059,False
ATTCAAGATTAGTTGC-1,0.04878497123718262,False,0.05114036885245901,False,0.12122783809900284,False
ATTCACATAGGATGAG-1,-0.10892496258020401,False,0.3407268041237113,False,0.17945678532123566,False
ATTCACATCGTCACAG-1,-0.28192371129989624,False,-0.44038956310679606,False,-0.4821295738220215,False
ATTCACATCTTATTCT-1,1.3376470804214478,False,0.8411897475133894,False,0.40529924631118774,False
ATTCACCTGACCAGTT-1,-0.3604377806186676,False,-0.7032021276595745,False,-0.1257672905921936,False
ATTCACGCTGTTATCG-1,0.4144335985183716,False,0.22120831806522537,False,0.17544333636760712,False
ATTCACGTCGCAGGCT-1,0.8317083120346069,False,0.78456351094196,False,0.06804735213518143,False
ATTCACTCACGTGCAC-1,1.0059579610824585,False,0.9853806584362139,False,0.9613717198371887,False
ATTCAGCTCCTACTAA-1,-1.6014645099639893,False,-1.1007952182952183,False,-0.8005726933479309,False
ATTCAGTCACCGCCAT-1,-0.20370498299598694,False,0.0058417721518987335,False,0.42635881900787354,False
ATTCATAGCGAAGCGT-1,-0.9925553202629089,False,-0.9197053816584294,False,-0.860571563243866,False
ATTCATAGTTCTAACT-1,-0.28456324338912964,False,-0.06122912127814088,False,-0.4545423984527588,False
ATTCCATTGTGAACGC-1,-0.063138447701931,False,-0.20792586666666665,False,0.20944160223007202,False
ATTCCGCAACGCCGCT-1,-0.46959373354911804,False,-0.4569529320987654,False,-0.7594269514083862,False
ATTCCGCTCCATCAGC-1,0.34610864520072937,False,0.2666627906976744,False,0.547942578792572,False
ATTCCGGACCGGTCTT-1,0.45910707116127014,False,0.046761554621848736,False,1.3163810968399048,False
ATTCCGGTTACATACC-1,0.35243773460388184,False,-0.2843325526932084,False,-1.1310982704162598,False
ATTCCGTAAGGATTCC-1,0.42988812923431396,False,0.32051872568093387,False,0.2809980809688568,False
ATTCCTGCCTTAACAG-1,0.09134747833013535,False,0.13679815623483743,False,0.5470476150512695,False
ATTCCTTCGAAGGTGC-1,-0.05214475840330124,False,-0.17680075757575758,False,0.2581661343574524,False
ATTCGCTCGCGGAGGC-1,0.21511223912239075,False,0.4535668367346939,False,0.8639419078826904,False
ATTCGGAAGCTATTAC-1,-0.8113135695457458,False,-0.9125140924464487,False,0.07261160761117935,False
ATTCGTGCCGACATGT-1,-1.725562334060669,False,-1.5302221494102228,False,-0.8632354736328125,False
ATTCGTTAGAATTCGG-1,0.9244805574417114,False,0.3522564402810304,False,0.9685360193252563,False
ATTCTAACGCCTGTTA-1,0.4871748387813568,False,0.6533896946564884,False,2.71142315864563,False
ATTCTACAGCCAGCAC-1,0.1091955155134201,False,0.05100297366185216,False,-0.12503473460674286,False
ATTCTACGTGGCAGAT-1,0.4790102541446686,False,0.46952826855123675,False,-0.41531914472579956,False
ATTCTACTGGTCGTTC-1,-0.4149300158023834,False,-0.3149096449390567,False,0.1494811773300171,False
ATTCTAGGACATCAGT-1,0.2305404543876648,False,0.45261275862068967,False,0.8509382009506226,False
ATTCTAGTCCACAAGA-1,0.7714655995368958,False,0.5238350591715977,False,-0.8529173731803894,False
ATTCTTGGAGTGATAG-1,-2.0478503704071045,False,-1.082898092967819,False,-0.6737937927246094,False
ATTGACCTTCGGCGTC-1,0.04574241116642952,False,0.48076063829787236,False,-0.13692918419837952,False
ATTGACGAGCAGCGAC-1,-0.47972920536994934,False,-0.416247859922179,False,0.0834466964006424,False
ATTGACGCATCTCAAC-1,0.10460276156663895,False,0.3529360465116279,False,-0.08257908374071121,False
ATTGACGCCACCTTCT-1,-0.03248952329158783,False,0.21760806553245116,False,-0.8426074385643005,False
ATTGACGCCAGCCAAG-1,1.039533019065857,False,0.7450294550810015,False,0.40423089265823364,False
ATTGACTGAATACTAT-1,1.596085786819458,False,1.9875030621172352,False,2.8377389907836914,False
ATTGACTTATGTGGTA-1,0.3598906695842743,False,0.5211334106728538,False,0.4430181384086609,False
ATTGATAACACTAAGA-1,-0.5990371704101562,False,-0.17212990762124714,False,-1.2119606733322144,False
ATTGCAAGGCAATGGA-1,0.5401886105537415,False,-0.14948657975460122,False,-0.14442476630210876,False
ATTGCACGACCACTTG-1,0.7916354537010193,False,0.49495683453237405,False,0.5968586206436157,False
ATTGCACGCATAACAG-1,0.45929720997810364,False,0.10537805605247465,False,-0.36519861221313477,False
ATTGCAGTTCTTCATT-1,-0.06728886812925339,False,-0.3634364705882353,False,-1.0661462545394897,False
ATTGCATATTGTTATC-1,0.3763802945613861,False,0.17159755608974359,False,-0.6090919375419617,False
ATTGCATCACTGACTG-1,0.6485631465911865,False,0.6371574394463667,False,0.6294037699699402,False
ATTGCCTTGTCTAAGT-1,-0.8908775448799133,False,-0.8757163865546218,False,-0.11368903517723083,False
ATTGCGTAGTTAGGAG-1,0.8827802538871765,False,0.5547345406360423,False,1.3876363039016724,False
ATTGGCACCACGCCAT-1,0.037337299436330795,False,0.32061434977578473,False,-0.04153846576809883,False
ATTGGCCTAGGAATCG-1,0.3677182197570801,False,0.6617228315054835,False,2.2145700454711914,False
ATTGGCCTTCCGTGCA-1,-2.2580060958862305,False,-1.4012675276752766,False,1.2037967443466187,False
ATTGGCGAATTGCACT-1,-0.828059732913971,False,-0.728090410958904,False,-0.6474171876907349,False
ATTGGCTAACAGACAA-1,-0.1500953733921051,False,0.3195808656036446,False,0.923268735408783,False
ATTGTTAAGTAGACTA-1,-3.0415537357330322,True,-2.280575536809816,False,-0.462510347366333,False
ATTGTTATACTTCACG-1,0.42573320865631104,False,0.49280811808118075,False,0.8953808546066284,False
CAACAGCCAGACCTTC-1,-0.5022733211517334,False,-0.6949030249110321,False,-0.4918068051338196,False
CAACAGCCGCCTTGAG-1,-0.29912394285202026,False,-0.1793433303491495,False,-0.5679131150245667,False
CAACAGGTCAGAGGAC-1,0.9167035818099976,False,0.8549800629590766,False,0.2254844605922699,False
CAACAGTACGGCAATG-1,-0.47259029746055603,False,-0.6358260447035957,False,-0.4660561680793762,False
CAACCGTACTGATCTT-1,1.32091224193573,False,0.7019659357870007,False,0.8819686770439148,False
CAACCGTATTACTGTA-1,-0.07830940186977386,False,0.24204545454545454,False,0.30833718180656433,False
CAACGCTTGCTCCTAC-1,-0.0006127150263637304,False,-0.5602479591836734,False,-0.5732077956199646,False
CAACGGCACTCAGTCC-1,0.7805410027503967,False,1.0130521235521235,False,0.03563378006219864,False
CAACTGACAAGACAAG-1,-0.060909856110811234,False,-0.17602249718785154,False,-0.17027951776981354,False
CAACTGCAGTGCAATA-1,0.1307295858860016,False,-0.223633422281521,False,-0.5167238712310791,False
CAACTGCATTCGACTC-1,-0.8958835601806641,False,-0.7839352574102965,False,-0.29954227805137634,False
CAACTGCTGGAGTTAT-1,0.6268768906593323,False,0.13525244937949052,False,-0.552406907081604,False
CAACTTGGACATAGAT-1,0.7263055443763733,False,0.4504674977738201,False,-0.9050517678260803,False
CAACTTGGTACGATGT-1,0.0069650765508413315,False,-0.08135190839694656,False,-0.8227222561836243,False
CAAGACCACTATCGAA-1,0.2543224096298218,False,0.47268110236220473,False,0.47528690099716187,False
CAAGATAAGTGCAATG-1,-0.11846573650836945,False,0.018215250198570294,False,-0.11521022766828537,False
CAAGATAATGAGACCG-1,-0.266150563955307,False,-0.3000375505488157,False,0.49569952487945557,False
CAAGATTACCGATCAT-1,0.45307454466819763,False,0.4395080283793876,False,2.131112575531006,False
CAAGATTAGATGAGTT-1,-0.24851571023464203,False,-0.3182211371527778,False,-0.4449494481086731,False
CAAGCATGCCTGACTT-1,1.395713448524475,False,1.3228942394239425,False,2.804647445678711,False
CAAGCCGCCATAGAGG-1,0.7244727611541748,False,-0.4297806859205776,False,-0.9477986097335815,False
CAAGCCTCCACTATCT-1,-0.19648630917072296,False,-0.9269270776004402,False,-1.1407947540283203,False
CAAGGCAAGATTAGCA-1,-0.8252964615821838,False,-0.5851796494644597,False,-0.3957701325416565,False
CAAGGCAAGCATCTCG-1,1.8057678937911987,False,1.4786379432624113,False,0.8303511142730713,False
CAAGGTCAGCGATGTC-1,0.05987453833222389,False,-0.0013063266623628146,False,-0.0845755785703659,False
CAAGGTCTCAATACAG-1,0.15798789262771606,False,-0.010557391304347826,False,0.0595998540520668,False
CAAGTACTCCGCATCG-1,0.6465475559234619,False,0.9544129852744311,False,0.47669869661331177,False
CAAGTACTTATTAAGC-1,0.25366300344467163,False,0.21536001872659177,False,0.06581692397594452,False
CAAGTACTTCAATAGT-1,0.3204469680786133,False,0.40628550440744365,False,1.4453628063201904,False
CAAGTAGCCTCGATCC-1,0.8144702911376953,False,0.36682098121085593,False,-0.20977188646793365,False
CAAGTATCGGCAACCA-1,0.5025287866592407,False,-0.09923347547974413,False,-0.3085319399833679,False
CAAGTCCATCGGCGGT-1,0.44140201807022095,False,0.33089406053683607,False,1.4108649492263794,False
CAAGTCCGCTACCGTT-1,0.380523681640625,False,0.450029886914378,False,0.5592939853668213,False
CAAGTCGCAGTCACTC-1,-0.27626627683639526,False,-0.36133928571428575,False,-0.7814577221870422,False
CAAGTCGTAGGACTCG-1,0.5406745672225952,False,0.1911216056670602,False,1.5311692953109741,False
CAAGTGAATTGGATGC-1,1.5598382949829102,False,1.5086,False,1.0723810195922852,False
CAAGTGGATCATCCAG-1,-2.154207944869995,False,-2.23237084592145,False,-0.8591820001602173,False
CAAGTGTTCGCCACGC-1,0.12287589907646179,False,0.17281444099378881,False,-1.5497459173202515,False
CAAGTGTTGACGGCCA-1,-0.07917864620685577,False,0.4307731092436975,False,-0.47407782077789307,False
CAATAACTACATTAAC-1,1.3433523178100586,False,0.9415388888888889,False,0.5560355186462402,False
CAATAACTCAAGGCAA-1,0.2003912329673767,False,0.33921386977236634,False,0.804000735282898,False
CAATAACTCAGATGAG-1,0.7115482091903687,False,1.3236110414052695,False,1.3788766860961914,False
CAATAAGAACCGACTT-1,-0.5716458559036255,False,-0.6758027522935779,False,-0.5433067679405212,False
CAATAAGCGGCCAGAT-1,0.17841748893260956,False,0.17055178768890528,False,-0.13421975076198578,False
CAATAAGGTAACTCGT-1,1.0521787405014038,False,0.856544982698962,False,0.24955058097839355,False
CAATAAGGTAGCGATG-1,0.5651835799217224,False,0.3165581673306773,False,-0.3911263048648834,False
CAATAATCGTAGGATA-1,0.5599704384803772,False,0.6765240060015004,False,0.0715377926826477,False
CAATCCATGCCGATGC-1,1.497239112854004,False,1.693056880733945,False,1.0120619535446167,False
CAATCCGAGGTGCTAG-1,0.556344211101532,False,0.6902675324675325,False,0.6977084279060364,False
CAATCGTCGGAGCATG-1,-0.4559335708618164,False,-0.4557741935483871,False,0.2642034590244293,False
CAATCGTGAAGTGATA-1,-0.38474252820014954,False,-0.8556970414201183,False,-0.1301986426115036,False
CAATCTATGAGGTCAG-1,0.2684374451637268,False,0.5495607893061745,False,-0.23906628787517548,False
CAATCTGAGTCGACTC-1,-1.1677166223526,False,-1.4192192082111437,False,-0.5722566843032837,False
CAATGCATCATTATGC-1,-0.29719170928001404,False,-0.32525296442687746,False,-0.22482553124427795,False
CAATGCATTGACGGCA-1,-1.289581298828125,False,-1.619905737704918,False,-2.2365450859069824,False
CAATGCGGATGCTGGT-1,-0.4738985300064087,False,-0.8299282608695652,False,-0.5590315461158752,False
CAATGGCTGAGCGATT-1,0.26325809955596924,False,0.4154414519906323,False,0.020301325246691704,False
CAATGTCCGTTGCGTG-1,0.4182741940021515,False,0.7008219512195122,False,0.7615759968757629,False
CAATTACAGGTGTCAT-1,2.0392115116119385,False,1.9773013698630135,False,3.438084840774536,True
CAATTGAACCGGCTCG-1,0.08116821199655533,False,-0.3352465346534654,False,-0.1158667653799057,False
CAATTGTTGACGTGAG-1,-0.5141411423683167,False,-0.7729748822605965,False,-0.114421546459198,False
CACCAGGCACGCTATC-1,-0.8978668451309204,False,-0.692921218487395,False,-0.07865822315216064,False
CACCATAAGCTGGCTG-1,0.77752286195755,False,0.8564336513443191,False,0.9186976552009583,False
CACCATTCTTACGAGC-1,-1.6144123077392578,False,-1.0641865793780687,False,-1.0624072551727295,False
CACCGACAAGGCGTAT-1,-0.8132782578468323,False,-0.3311624548736462,False,-0.3318067193031311,False
CACCGAGTCTTGGACA-1,0.5923620462417603,False,0.8979121365360304,False,1.7278317213058472,False
CACCTACATGATTGAT-1,-0.7803313732147217,False,-0.9431092938733125,False,0.205433189868927,False
CACCTACCGCTACCTT-1,-0.28196242451667786,False,-0.44979150471960017,False,-0.41462981700897217,False
CACCTAGAATACTTCT-1,0.526894211769104,False,0.36747523584905656,False,0.20566609501838684,False
CACCTAGACGAGCCGG-1,0.34185731410980225,False,0.2179856175972927,False,0.7197696566581726,False
CACCTCGAAGCGCTAG-1,-0.3182205557823181,False,0.15681652661064427,False,-0.2027074694633484,False
CACCTCGAGCGATGCT-1,-1.1617189645767212,False,-0.9558996815286624,False,-0.9185669422149658,False
CACCTTAGCTATTGTC-1,0.8323982954025269,False,0.700165905631659,False,0.029320115223526955,False
CACCTTGCGAGTTATG-1,0.9314239621162415,False,0.9145718435321456,False,1.2104218006134033,False
CACGAGGCCATCCACT-1,-0.18771757185459137,False,-2.1528683862433864,False,-2.4483110904693604,False
CACGAGGTATAGGTAT-1,0.4416275918483734,False,0.4569721144519883,False,0.3354877233505249,False
CACGATCATACAATTA-1,-0.8391400575637817,False,-0.3010686515748031,False,0.6455549597740173,False
CACGATCTTCGCCGAC-1,0.46138033270835876,False,0.46563843351548273,False,0.16542185842990875,False
CACGATGGTGCTAATA-1,0.8086695671081543,False,0.7361613805970149,False,0.397792786359787,False
CACGCCACAATCGCAC-1,1.3820313215255737,False,1.0802017326732674,False,0.4666263163089752,False
CACGCCACTCCTTCAT-1,1.4080880880355835,False,1.5553827667057445,False,1.5905247926712036,False
CACGCCTGGCGAATGT-1,-0.12007734924554825,False,-0.1386490177287973,False,0.4516467750072479,False
CACGGATTCTCATCAC-1,0.09776977449655533,False,0.25475719424460436,False,0.6305973529815674,False
CACGGCGACGGTGCCT-1,0.05293756723403931,False,0.03434512022630835,False,-1.1613391637802124,False
CACGGCGATACATACG-1,-0.6156244874000549,False,-0.3608654602675059,False,-0.001225436688400805,False
CACGGCGTCAGCCTGC-1,0.2146957516670227,False,0.24901598837209304,False,0.6842666864395142,False
CACGGCTGCGCTTGGC-1,-0.753117561340332,False,-0.7642158403869407,False,-0.4552655816078186,False
CACGGCTTACTCCGTT-1,1.726491093635559,False,1.5677292609351432,False,4.985100746154785,True
CACGGTCTTGGTTAAT-1,1.1894032955169678,False,0.9520374064837905,False,1.0514355897903442,False
CACGTACACTCGCACC-1,-0.6341192722320557,False,-0.1780312925170068,False,-0.8030051589012146,False
CACGTACGTAGCTCAT-1,0.7678868174552917,False,0.1383479233226837,False,-0.6677284240722656,False
CACGTAGGTAGGCTGA-1,0.47227010130882263,False,-0.17840195439739412,False,0.3310784101486206,False
CACGTCAAGTGCGATC-1,-0.7402524352073669,False,-0.5525526046986721,False,-0.049825120717287064,False
CACGTCCAATTCGACT-1,-0.3876296281814575,False,-0.6347368995633188,False,0.6368304491043091,False
CACGTCCACGACCTAT-1,0.1453738808631897,False,-0.05589361702127659,False,-0.07321323454380035,False
CACGTCCATCTACTGA-1,0.014945189468562603,False,0.5188461538461538,False,-0.8551251888275146,False
CACGTGCCAGAATTCT-1,0.016116153448820114,False,0.017667950693374422,False,-0.5226927399635315,False
CACGTTGCACATACCG-1,0.996703565120697,False,1.00491200324412,False,2.979578971862793,False
CACTACAATATTGCGG-1,-0.18342362344264984,False,-0.20283376024590163,False,0.05686628073453903,False
CACTACCTTCGCTTCA-1,1.023722529411316,False,1.1362143396226414,False,1.4259774684906006,False
CACTACTGCGGAATTG-1,0.9037673473358154,False,0.8601239882266373,False,0.5683032870292664,False
CACTAGTCGACATCTA-1,-1.325974702835083,False,-0.953940704298291,False,-0.9795809388160706,False
CACTCAACGCAACGAC-1,0.8272451162338257,False,1.1400746855345911,False,-0.26162955164909363,False
CACTCAAGACCATGCA-1,0.39079350233078003,False,0.5624229607250755,False,4.651397705078125,True
CACTCAAGACGGACTA-1,1.10546875,False,1.0712647058823528,False,-0.07888372987508774,False
CACTCAATAAGCCGAA-1,-0.08270200341939926,False,-0.32251577669902914,False,-0.45926836133003235,False
CACTCAATAGTGATGC-1,1.5097662210464478,False,1.5475837563451775,False,2.852473258972168,False
CACTCAGTACTCCGCT-1,0.15262369811534882,False,0.39559831325301203,False,0.6302974820137024,False
CACTCAGTGGTCCTTC-1,0.8915280699729919,False,0.2605040064102564,False,1.26786470413208,False
CACTCATCACGTTACG-1,0.12847186625003815,False,0.41754761904761906,False,-0.24670158326625824,False
CACTCGGCGTATCGGC-1,-1.1206432580947876,False,-1.044444887118194,False,-0.7412123680114746,False
CACTCGTAGGCCACGG-1,-0.40394601225852966,False,-0.3699806511056511,False,0.008938197046518326,False
CACTGGATCGATACGA-1,0.026436734944581985,False,0.1875326086956522,False,0.1528216451406479,False
CACTGGCCAGCCAGAT-1,-0.8167252540588379,False,-0.8731709090909091,False,-0.6231143474578857,False
CACTGGCGGTAACACC-1,0.031342241913080215,False,0.2233003787878788,False,1.9316368103027344,False
CACTGGTGAGACGCTT-1,-0.974784791469574,False,-0.42604548366431777,False,-0.10227418690919876,False
CACTGGTGAGTTATCG-1,-0.665297269821167,False,-0.5105160550458716,False,-0.3351542055606842,False
CACTGGTGGCGTCGTT-1,-0.7725309133529663,False,-0.862239618406285,False,0.42219722270965576,False
CACTTGACATTCAGAA-1,0.557921826839447,False,0.6841664012738854,False,-0.5812848806381226,False
CAGAACATGATAGGAC-1,-0.5826163291931152,False,-0.5433780889621087,False,-0.4529915153980255,False
CAGAACATGCCTAGTG-1,-0.1406518965959549,False,-0.08955426765015806,False,-0.9369940161705017,False
CAGAACGTATCGACTT-1,-0.052695948630571365,False,0.3277589118198874,False,-0.13295219838619232,False
CAGAAGATTAGAATGG-1,-0.9569195508956909,False,-1.1386474576271186,False,-1.5228439569473267,False
CAGAAGTCGCGGTTAT-1,-0.8760915398597717,False,-0.878909945184025,False,-0.11985473334789276,False
CAGAATTCTTGAACCA-1,0.2768389880657196,False,0.613563862928349,False,-0.9057967662811279,False
CAGACACTTACAAGAC-1,-0.45831429958343506,False,-0.41028649015614393,False,-0.268359899520874,False
CAGACAGTCGGATCTG-1,-1.6558706760406494,False,-0.7411936799184505,False,-0.7530531883239746,False
CAGACGAATGAGGAAC-1,0.020873134955763817,False,0.17290877598152427,False,-0.2044781595468521,False
CAGACGATACAGATCG-1,0.10763201862573624,False,-0.30710083160083157,False,1.4369152784347534,False
CAGACGCAGTAGGTCT-1,-0.021406713873147964,False,0.030895333904109586,False,0.4334369897842407,False
CAGAGCAATGGCTTCT-1,0.26532796025276184,False,0.7781579699785561,False,1.0272458791732788,False
CAGAGGCACTTAAGTC-1,-0.7390544414520264,False,-0.7189882978723404,False,-0.7260615229606628,False
CAGAGGCAGCACATGG-1,0.23099571466445923,False,0.186606852248394,False,0.03518905118107796,False
CAGAGGCGAATTGCCA-1,0.8775324821472168,False,0.7823047008547009,False,1.1408753395080566,False
CAGATATGTCCTTAAG-1,-0.44413238763809204,False,-0.3561833333333333,False,-0.7411184310913086,False
CAGATTATCATAACGC-1,-0.27986931800842285,False,-0.23279653353428786,False,-0.41577309370040894,False
CAGATTCCGTATGCGA-1,0.05014105886220932,False,0.19795633500357912,False,0.28145450353622437,False
CAGATTCGAACAGGTG-1,-0.013625472784042358,False,0.06757398897058824,False,0.2426658719778061,False
CAGATTGCCTGTAAGT-1,-0.5933089852333069,False,-0.2744362527716186,False,-0.773460865020752,False
CAGCACCGCACGACTA-1,0.5073950886726379,False,0.530397676161919,False,0.7407104969024658,False
CAGCACGCTAATCAGA-1,0.5823455452919006,False,1.2859319975713417,False,1.316693663597107,False
CAGCATAGACTAGGCA-1,-1.0771262645721436,False,-0.33473945409429284,False,0.004202747717499733,False
CAGCATCCTCGCCACT-1,-0.10388942062854767,False,-0.04923063116960814,False,-1.2070300579071045,False
CAGCCAACGATAGCTT-1,0.9650042653083801,False,0.8277734767025089,False,1.1431773900985718,False
CAGCCACGGCTCTACG-1,2.453064441680908,False,3.1613389639639635,False,-0.17185668647289276,False
CAGCCAGTCCTGTCGG-1,-0.5541921854019165,False,-0.7681920712968654,False,-0.4356865882873535,False
CAGCCATGTCTGCCGT-1,-1.2712312936782837,False,-0.7137516294227189,False,-0.6595451831817627,False
CAGCCTCGTGGCTCAC-1,-1.8291246891021729,False,-3.1681777777777778,True,-1.3980448246002197,False
CAGCCTGGTTGAACTA-1,-1.0682114362716675,False,-0.9167237569060773,False,-0.12886741757392883,False
CAGCGATAACTGAACC-1,-0.6376793384552002,False,-0.71896,False,-0.789116382598877,False
CAGCTCCTCGGATTCT-1,1.0190621614456177,False,1.0408042529989094,False,0.7308889627456665,False
CAGCTGGATGCGGCTA-1,0.23549556732177734,False,0.9135106237148731,False,3.21075177192688,True
CAGCTGGCGATAAGTG-1,-0.621237576007843,False,-0.5449800590841949,False,-0.46010759472846985,False
CAGCTTCACTACCGTG-1,-0.11252687126398087,False,-0.4730553691275168,False,0.05378486216068268,False
CAGCTTCTAGCTGGCA-1,-0.07028239220380783,False,-0.07633791430881165,False,-0.5307061672210693,False
CAGCTTCTCCGCTCTT-1,-0.16858923435211182,False,0.2151176608736496,False,0.8146975040435791,False
CAGCTTGACGCCATTA-1,-0.026892203837633133,False,-0.08065944540727903,False,0.617392361164093,False
CAGCTTGGTTCGGTCG-1,-0.34731632471084595,False,-0.5173349514563107,False,-0.1173970177769661,False
CAGGACAGAAGGCTGG-1,0.09104298055171967,False,0.058438461538461536,False,0.025657562538981438,False
CAGGACATGGTAATGC-1,0.29078590869903564,False,0.375308871493803,False,0.7249053120613098,False
CAGGACCTACATAGTC-1,0.59880131483078,False,0.4010540540540541,False,1.4596328735351562,False
CAGGAGCGTATCGCAT-1,-0.7266315221786499,False,-0.6356380794701987,False,0.0591864287853241,False
CAGGCCAACAGCGAGT-1,1.7245107889175415,False,1.349,False,2.0804238319396973,False
CAGGCCAACGGTCGTA-1,-0.9726402163505554,False,-1.1550134902411022,False,-0.16064101457595825,False
CAGGCCGTATCTGTTA-1,0.3754112422466278,False,0.4771683480453972,False,0.9050160646438599,False
CAGGCGAGGTCTTGGA-1,-0.556771457195282,False,-0.26346178120617114,False,-0.5337286591529846,False
CAGGTACCACTCGCGG-1,0.1680787205696106,False,0.023708260105448156,False,-0.4513985812664032,False
CAGGTTCCACTAATCC-1,1.2634198665618896,False,1.1342392,False,3.535399913787842,True
CAGTAATATCACTACG-1,-0.720710039138794,False,-1.307413429054054,False,-1.3298168182373047,False
CAGTACAGTTGTGGAA-1,-0.48196232318878174,False,-0.5310885911840968,False,0.28915080428123474,False
CAGTAGATTGACGGAT-1,0.04554429277777672,False,0.11146666666666667,False,0.4701390862464905,False
CAGTAGCACTACATTG-1,1.1753424406051636,False,0.9460294871794871,False,1.3746949434280396,False
CAGTATCTTACACTAA-1,0.19888556003570557,False,0.1725753330271015,False,0.20999926328659058,False
CAGTATGCGTGGCGCT-1,0.555968165397644,False,0.32989989863152563,False,-0.260627418756485,False
CAGTCAGCCGATCCGG-1,-1.3885904550552368,False,-0.9143087308730873,False,-1.0089532136917114,False
CAGTCTCACTTAAGCA-1,0.3699323832988739,False,0.4384074074074074,False,-0.5229640007019043,False
CAGTCTGGTAATCTAC-1,-0.45729494094848633,False,-0.5231698717948718,False,0.00642707385122776,False
CAGTCTGTGGCGCTGC-1,-0.4879221022129059,False,-0.17051217906517444,False,-0.2112823873758316,False
CAGTGAACAGCAACGA-1,0.48201191425323486,False,0.37761191787681525,False,1.2819205522537231,False
CAGTGAAGATACATAA-1,0.09571283310651779,False,0.34887931034482755,False,-0.7219868898391724,False
CAGTGCCTTGCGGTCT-1,0.5043309926986694,False,0.5977218085106383,False,-0.40839165449142456,False
CAGTTGCAACCGAGAT-1,-0.7681173086166382,False,-1.036569264069264,False,-0.11876910924911499,False
CAGTTGCACGGACAGG-1,-0.8068978190422058,False,-0.46792459396751734,False,-0.11854905635118484,False
CAGTTGCGACTTCTCG-1,-0.1578730344772339,False,-0.46474695121951215,False,-1.820257544517517,False
CAGTTGCTCACGTGTC-1,0.034476522356271744,False,-0.31525892432175157,False,0.5917370915412903,False
CATAAGTCTTCGAGTT-1,1.0782618522644043,False,1.0892263513513514,False,-0.32154056429862976,False
CATACAATGAGTAGCT-1,-0.08063015341758728,False,-0.21187463976945245,False,0.831067681312561,False
CATACCAGGTTCCTAA-1,-2.1359479427337646,False,-3.0371740016299915,True,-0.6499847769737244,False
CATACCTCGATTGTTC-1,-1.6408982276916504,False,-1.1049597989949749,False,-0.4674871265888214,False
CATAGAACATTGAACA-1,0.6677746772766113,False,0.7133512,False,0.5183979272842407,False
CATAGACGAGGTATTA-1,-1.1753246784210205,False,-1.2352289156626506,False,-0.7656577825546265,False
CATATCAGACTATCCA-1,-1.7526206970214844,False,-1.55407568954458,False,-0.7757731080055237,False
CATATCCGTTCACCTC-1,1.0672084093093872,False,0.6910067510548523,False,0.7292791604995728,False
CATATGTTGACTGGCG-1,-1.206645131111145,False,-1.0524697097181321,False,-0.9096006155014038,False
CATATTCTTGTCGTAA-1,-1.8181737661361694,False,-2.063854700854701,False,-1.3200486898422241,False
CATCAACATAACCGAT-1,-0.2501610219478607,False,-0.67166,False,-0.44694986939430237,False
CATCAGAAGGCTTCGG-1,-0.28038927912712097,False,0.05730714285714285,False,1.1320139169692993,False
CATCAGATACTAATCG-1,-0.7889513969421387,False,-0.7221794637416209,False,-0.9298878312110901,False
CATCAGGTAGGACCGT-1,1.2629705667495728,False,0.8934244415243101,False,1.3179028034210205,False
CATCCGAAGCGTATGG-1,-1.5973777770996094,False,-1.52934,False,-0.23638591170310974,False
CATCCGCCTAAGGAAC-1,0.9785295724868774,False,1.2925751238304897,False,1.3889174461364746,False
CATCCGGTACCAACGA-1,1.6648873090744019,False,1.789456626506024,False,2.689459800720215,False
CATCCGTGGTCGTAAG-1,-0.6210163831710815,False,-0.5772084848484849,False,-0.12388083338737488,False
CATCCGTTAAGCGTGC-1,-0.905616819858551,False,-0.874603226925746,False,-0.15385296940803528,False
CATCCTAGAATTATTG-1,-0.7556639909744263,False,-0.8423398861872736,False,-0.317558616399765,False
CATCGCGGATGATATG-1,-1.2232286930084229,False,-1.1395998439937596,False,-0.32115429639816284,False
CATCGCGGTCGGTGCG-1,0.7510771751403809,False,1.2250835073068893,False,-0.3335884213447571,False
CATCGGATCCTACCTG-1,0.08070554584264755,False,0.3804200930954228,False,0.4902350604534149,False
CATCGGCATGTCGAAG-1,-0.8353379368782043,False,-0.8587162162162162,False,0.5728824138641357,False
CATCGGCCTGCATATC-1,0.8035919070243835,False,-0.006612745098039215,False,0.9233850240707397,False
CATCGGTAGCGTCCGA-1,-0.7395372986793518,False,-0.4656525229357798,False,-0.40134620666503906,False
CATCTGGCCATACTAG-1,-0.144966259598732,False,-0.23831108083560398,False,1.8537236452102661,False
CATCTGGCGAATGTCG-1,0.9716619253158569,False,0.5364312080536913,False,-0.5145992636680603,False
CATCTGTACCACGCGA-1,0.2579212784767151,False,0.16028085916258838,False,0.9718388319015503,False
CATGATACTCAGGATT-1,-0.5876246094703674,False,-0.7412652284263959,False,-0.7002519369125366,False
CATGATAGGCCATGAG-1,-1.3853847980499268,False,-1.9622591424968474,False,-0.8626675605773926,False
CATGATGCATGTGCTA-1,0.32667529582977295,False,-0.23189246467817895,False,0.6682835817337036,False
CATGCAGAAGTCAGGA-1,0.24674519896507263,False,0.29057882069795427,False,0.7379359006881714,False
CATGCAGGTAGTTGTA-1,0.09155263006687164,False,0.059633213859020304,False,-0.9060637950897217,False
CATGCATATTCTGCCT-1,-0.11084959656000137,False,-0.02009683426443203,False,0.3541562557220459,False
CATGCGAGTGAGCTAA-1,1.4650368690490723,False,1.409705,False,2.2168502807617188,False
CATGCGCTACTGGAGG-1,0.0024853518698364496,False,0.06143413173652695,False,-0.27501380443573,False
CATGCGGCCGGAATTC-1,2.418095350265503,False,2.3900321856287428,False,-0.5844067931175232,False
CATGCTCATCTGAACG-1,1.6141828298568726,False,0.8476475095785441,False,0.061615027487277985,False
CATGGCTACTGTACGT-1,-0.027330515906214714,False,-0.5570711252653927,False,-0.24452611804008484,False
CATGGTGAGGCAGCAT-1,0.30648258328437805,False,0.24646029696578436,False,0.4482286274433136,False
CATGTCCACCTGCGTC-1,-2.01598858833313,False,-1.4540695331695332,False,-0.9068038463592529,False
CATGTTACCGAAGGCG-1,0.0021178440656512976,False,-0.13227362831858408,False,-0.6472349166870117,False
CATGTTATTGATGCAG-1,0.2161584496498108,False,0.23106485587583148,False,0.4032169580459595,False
CATTAACTAATCGCGT-1,0.6141633987426758,False,1.4135379229871645,False,1.0198289155960083,False
CATTAACTATTGTTCC-1,-0.5970454216003418,False,-0.8969171380090497,False,-0.35826823115348816,False
CATTAAGTAGCTTACC-1,0.5566968321800232,False,0.5802150537634408,False,0.8106116056442261,False
CATTAGGATAGTGAAT-1,-0.14870566129684448,False,-0.687031693989071,False,-0.699573814868927,False
CATTAGGCAATGGTTA-1,-0.38992980122566223,False,-0.3729178847807395,False,-0.7646138072013855,False
CATTCTCCAGTCACCA-1,0.7977973818778992,False,-0.18456467661691542,False,0.9489580392837524,False
CATTCTGTGCATGCTC-1,0.7008180618286133,False,0.4988905325443787,False,0.5164687037467957,False
CATTGCGTGCCACCTT-1,0.6129982471466064,False,0.5605367583834909,False,1.1813024282455444,False
CATTGCTATGTTAGCT-1,0.2660159170627594,False,0.15475274223034735,False,0.41307440400123596,False
CATTGGCGGTTGAGTC-1,-0.1704101413488388,False,-0.18761652061019152,False,0.7355343699455261,False
CATTGTGGCCTCAGGC-1,-0.006822332739830017,False,-0.13881014492753624,False,-0.34007763862609863,False
CCAACAGGAACACGGT-1,-0.784835159778595,False,-0.9965926966292133,False,-0.10492128133773804,False
CCAACTGGAGATTCAT-1,0.36062586307525635,False,-0.09690649942987456,False,-0.44814231991767883,False
CCAACTTGCCACCGTA-1,0.8125547766685486,False,0.8109336807200378,False,1.7847458124160767,False
CCAACTTGCGTTAACC-1,-0.9227815270423889,False,-0.7503894277400581,False,1.3936817646026611,False
CCAAGCTGGCCATTGC-1,0.26442158222198486,False,0.506641975308642,False,0.15497460961341858,False
CCAATACCAACACGCC-1,1.1054835319519043,False,0.4917391736193881,False,-0.18049751222133636,False
CCAATAGAAGACTTGG-1,-1.3543000221252441,False,-0.9515199999999999,False,-1.1079037189483643,False
CCAATAGCGGTACGTG-1,1.2631350755691528,False,0.9102611168562564,False,0.518864631652832,False
CCAATCTAACGTGACG-1,0.42306971549987793,False,0.5055410891089109,False,0.028920605778694153,False
CCAATCTTGCCTATGG-1,-0.9727856516838074,False,-0.6995588235294117,False,2.702126979827881,False
CCAATTATGACACTGG-1,-1.9500294923782349,False,-0.9758391203703703,False,-0.508114755153656,False
CCACAACCAGCAGGTG-1,0.5278032422065735,False,0.40932514285714283,False,-0.8797683119773865,False
CCACAGGAAGATGTGC-1,-1.0267537832260132,False,-1.0402044582933845,False,0.03223055601119995,False
CCACATGGCGACGTCT-1,-0.11286962777376175,False,0.2089328147100424,False,-0.5175047516822815,False
CCACGAACGCTGCCGC-1,0.3929676413536072,False,0.41380368098159503,False,0.6419751048088074,False
CCACGATCCTAATCCG-1,0.8094810247421265,False,0.8483672279792746,False,-0.3467298150062561,False
CCACGGCTGGCAACCT-1,-2.2607359886169434,False,-1.6254842342342344,False,-0.7198730111122131,False
CCACGGTACACCAACC-1,0.6698285341262817,False,0.6651804835924007,False,0.2748750150203705,False
CCACGTCGGTCGCTTC-1,-0.6272849440574646,False,-0.9290379650721335,False,-0.7674721479415894,False
CCACGTGCCACCTCAA-1,1.1486352682113647,False,0.7421755852842808,False,0.7276040315628052,False
CCACGTGGACTGCGGT-1,0.008383747190237045,False,0.04697189981673794,False,0.34611204266548157,False
CCACTCCAGCACCTAC-1,-1.9945694208145142,False,-1.668859576427256,False,0.22329983115196228,False
CCACTCTGTAGTCGGA-1,-0.9977436661720276,False,-1.1571241633199465,False,-0.457704097032547,False
CCAGAACCGTGCATCC-1,1.319562315940857,False,1.5533091286307052,False,0.27379855513572693,False
CCAGACAATATCGTTA-1,1.727098822593689,False,1.7105876288659794,False,0.3661770224571228,False
CCAGACAGAACCTAAG-1,0.5326318144798279,False,0.7787924369747898,False,0.41167303919792175,False
CCAGACATCCGGTTCT-1,-0.06727804243564606,False,-0.048532825630252095,False,-1.3963886499404907,False
CCAGACATCGGCACGC-1,-1.4124705791473389,False,-0.9578633152173913,False,-0.4430534243583679,False
CCAGATAGACGAGGTG-1,0.6815223097801208,False,-0.5382643564356435,False,-0.5275953412055969,False
CCAGATAGCGTAGTGA-1,-2.3402135372161865,False,-2.2895378486055775,False,0.7295635938644409,False
CCAGATGATATGTAGG-1,-0.40725570917129517,False,-0.3276774017467249,False,-0.5472472310066223,False
CCAGATTGTAGCCTAC-1,0.39668720960617065,False,0.07248358208955225,False,-0.32814890146255493,False
CCAGCACTCGACTGAC-1,-2.0514087677001953,False,-1.0248896103896104,False,-0.7158390283584595,False
CCAGCAGGTCTTGTTC-1,-0.5742954015731812,False,0.07130264279624894,False,0.16154935956001282,False
CCAGCGGATTCCGCTG-1,-1.95016348361969,False,-1.6534501246882793,False,0.18250982463359833,False
CCAGGATACCGTTAGT-1,0.040007900446653366,False,-0.01568604651162791,False,0.16709448397159576,False
CCAGGTCCACATCCAT-1,0.46599113941192627,False,0.8547099236641221,False,0.6883973479270935,False
CCAGGTTACGAGACTG-1,-0.06270484626293182,False,0.02153932584269663,False,-0.49218565225601196,False
CCAGTGTCACAGCGCC-1,-0.8234114050865173,False,-0.5267548981191222,False,-0.71666020154953,False
CCAGTGTCTAGCTACG-1,-0.01987970434129238,False,-0.01587750653879686,False,-1.4077842235565186,False
CCATACGGAGCCAAGG-1,0.9873335957527161,False,0.9264992050874404,False,0.4926069378852844,False
CCATAGCCGTACGCAC-1,0.5243561863899231,False,0.49389918367346936,False,-0.2509628236293793,False
CCATAGTAGGTGCTTG-1,0.5084421038627625,False,0.482763959390863,False,0.9881333708763123,False
CCATAGTATTGTCTGC-1,0.7173521518707275,False,0.64402977412731,False,0.8130265474319458,False
CCATCGGACAACCGTG-1,0.05462324246764183,False,-0.05097572572572572,False,-0.07516025751829147,False
CCATCTGTGGCATCGT-1,-1.7460099458694458,False,-1.8525613397901532,False,-1.0971096754074097,False
CCATGAACAATGCTCC-1,-0.8910412192344666,False,-0.7566591355599214,False,-0.04535152390599251,False
CCATGAACATCGTTGG-1,-0.13884791731834412,False,0.00471843301853795,False,0.21285659074783325,False
CCATGACAGGAGAACA-1,0.5367888808250427,False,0.627616311399444,False,0.15027368068695068,False
CCATGGTTCCAATGTC-1,-0.08366379886865616,False,-0.1961470588235294,False,-0.15889859199523926,False
CCATTCCGGTTCTTCC-1,1.3081289529800415,False,1.35990101010101,False,3.06880784034729,True
CCATTCGTCTGCTCTA-1,-0.36452817916870117,False,-0.2198176527643065,False,0.11059447377920151,False
CCATTCTTACGCGTTA-1,-1.7147825956344604,False,-2.6774180470793376,False,-0.675614595413208,False
CCATTGGCAATTCTCA-1,1.5787382125854492,False,1.37598,False,0.054319094866514206,False
CCGAAGCCAGGTTCAG-1,0.7053264379501343,False,0.3836375464684014,False,-0.21624206006526947,False
CCGACAACGTCATCGG-1,-0.5140768885612488,False,-0.6638227046585256,False,-0.5881333351135254,False
CCGACAAGACTGTACT-1,0.42248499393463135,False,0.39982409638554217,False,1.164726734161377,False
CCGACAAGGCACGGTT-1,0.49734026193618774,False,0.5317914171656687,False,1.1501580476760864,False
CCGACAAGTATTCATC-1,-0.46948111057281494,False,-0.5760870612525808,False,-0.8747555613517761,False
CCGACAGACTGTGCCT-1,-0.5336439609527588,False,-0.6770517023959648,False,-0.5088359117507935,False
CCGAGGATGACTCGTC-1,-0.06316608190536499,False,0.9363274009402283,False,1.1181178092956543,False
CCGATAATGGAGCCTT-1,0.8279701471328735,False,0.8357557840616967,False,0.9148612022399902,False
CCGATGGAACATCAGC-1,0.5976530909538269,False,0.4072654516640253,False,0.6144372224807739,False
CCGATGGATCCGGCAG-1,0.2913511395454407,False,0.26458104799216453,False,0.3347941040992737,False
CCGATTCCATAAGAGT-1,0.247558131814003,False,-0.06260233222275108,False,0.16514408588409424,False
CCGATTCCTCACTACA-1,0.3302382230758667,False,0.42348001378359756,False,-0.004012507852166891,False
CCGCAAGGAAGGAGGC-1,-1.3560962677001953,False,-1.3060989399293286,False,-0.6723612546920776,False
CCGCAAGGTACCGTTG-1,-1.2980010509490967,False,-0.8776312741312742,False,-1.6347984075546265,False
CCGCAGTGATCACTGT-1,-2.5748393535614014,False,-2.513796446700508,False,-1.0156350135803223,False
CCGCATAGTACAGGTT-1,0.9443365335464478,False,0.9690906921241049,False,0.7771352529525757,False
CCGCATGTAGTTAGAC-1,0.5753167271614075,False,0.3205176405733186,False,0.5105059146881104,False
CCGCCACTGCGTTGGC-1,-0.5086595416069031,False,-0.40595967741935485,False,-0.6409822702407837,False
CCGCCATACTTCACCA-1,-0.27881884574890137,False,-0.2823488372093023,False,-0.5936616063117981,False
CCGCGAGGTGCGATGG-1,0.01582295075058937,False,-0.09862384686346863,False,-0.49105581641197205,False
CCGCGGCCACAATCGG-1,0.7999715805053711,False,0.4434558011049724,False,0.22125841677188873,False
CCGCGTAAGATTCCTT-1,-1.4946547746658325,False,-0.8077230662983425,False,-0.7706265449523926,False
CCGCGTATCGTTGCAG-1,0.04556932672858238,False,-0.2803337531486146,False,0.5077294707298279,False
CCGCGTCGTTGGTCTG-1,-4.829078197479248,True,-2.0262708333333332,False,-0.4451303482055664,False
CCGCGTGCTGATTAGT-1,0.2064886838197708,False,0.017022082018927444,False,0.23046262562274933,False
CCGCGTTACCTTGGCG-1,0.3840503990650177,False,0.6758463073852295,False,2.272742748260498,False
CCGCGTTGACGGAACG-1,0.04857947304844856,False,0.019607558139534884,False,0.5441619157791138,False
CCGCGTTGCTACAACT-1,0.6268208026885986,False,0.1962547169811321,False,0.1749657392501831,False
CCGCTCATACAAGTCA-1,-0.7887579798698425,False,-0.8420591024020228,False,-0.23306314647197723,False
CCGCTCGCTAGTCTAA-1,-0.12768638134002686,False,-0.505875,False,0.29179754853248596,False
CCGCTCTGCTGAATTC-1,0.5787087678909302,False,0.2076031152647975,False,-0.5748146772384644,False
CCGCTCTGGATATCGG-1,-0.27386221289634705,False,-0.05941868344627299,False,-0.3272380828857422,False
CCGCTGGCACCAAGAC-1,-0.91317218542099,False,-0.9598757491010786,False,-0.690869927406311,False
CCGCTGTCACCTGCAA-1,1.6366095542907715,False,1.4679879958246347,False,1.117908000946045,False
CCGCTGTTGCCATACG-1,0.2816920280456543,False,0.36355199306759095,False,1.0176218748092651,False
CCGGAGAAGCTAACCA-1,-0.2791745066642761,False,0.19722924080664295,False,0.35360559821128845,False
CCGGAGACAAGAATAA-1,-0.23676779866218567,False,-0.19595358755644757,False,-0.10848017036914825,False
CCGGATCAGCCGACTA-1,-0.10196302086114883,False,-0.0705384397964952,False,-0.7338997721672058,False
CCGGATCTCCGAAGCG-1,1.0104126930236816,False,0.749885294117647,False,-1.148411750793457,False
CCGGCAATGAAGTGAA-1,0.06924492865800858,False,-0.19555528255528254,False,-1.610001564025879,False
CCGGCATAGGCAAGTG-1,-0.11693605035543442,False,-0.16777870138017567,False,-0.21434983611106873,False
CCGGCATGAGCCGTCT-1,-0.39243537187576294,False,-0.12680173775671408,False,-0.6045892834663391,False
CCGGCGAACATCACGT-1,0.5326513051986694,False,-0.21900383028874484,False,-0.3968107998371124,False
CCGGCGAACCGTGCAC-1,-0.4241829514503479,False,-0.717496015936255,False,-0.6744590997695923,False
CCGGCGAATGTACAGG-1,-0.23807591199874878,False,-0.15550616698292222,False,1.1957734823226929,False
CCGGCGAGAATATTGA-1,0.6509418487548828,False,0.6707308408728047,False,0.14832353591918945,False
CCGGCGCAGCATGCGA-1,0.39770251512527466,False,0.4241174242424242,False,1.013350486755371,False
CCGGCGCTAAGGATGA-1,0.2725916802883148,False,0.5013902925531915,False,-0.4690721035003662,False
CCGGCGTCCTCATTGT-1,0.3280596137046814,False,0.6958510791366906,False,0.354463130235672,False
CCGGCGTCTTAATAAG-1,1.0443438291549683,False,1.0186514324693043,False,0.6221859455108643,False
CCGGTGGAGCTGGCTC-1,-0.5016258955001831,False,0.09937774294670847,False,1.4155542850494385,False
CCGGTGGCTTCTGAGC-1,1.316428542137146,False,1.4157686868686867,False,2.1654367446899414,False
CCGTATAATCTGGCCG-1,1.0320371389389038,False,0.9053151376146789,False,2.047142267227173,False
CCGTCTTATGGACGAG-1,0.10239631682634354,False,-0.0029882911392405064,False,-0.0872744768857956,False
CCGTGAAGGATAACAG-1,0.66733717918396,False,-0.9283440860215053,False,-1.0315148830413818,False
CCGTGCACATCTGGCA-1,-0.42705604434013367,False,0.12082879818594104,False,-0.9027631878852844,False
CCGTGCACTACCAGAA-1,0.3334413468837738,False,0.27654500000000004,False,-0.2596140205860138,False
CCGTGCTGGCAATATG-1,1.4503363370895386,False,1.9434745762711865,False,0.5835087895393372,False
CCGTGGCGTCGGTGCT-1,-0.7840794920921326,False,-0.7182917656373713,False,-1.4696969985961914,False
CCTAACGCGATTGCAT-1,-0.21992912888526917,False,0.03455122494432072,False,-0.5281847715377808,False
CCTAACGCTGATGTCT-1,-0.05045377090573311,False,-0.0580956204379562,False,-0.005747382994741201,False
CCTAACTACGAATATG-1,-0.05594519525766373,False,0.0865127706829539,False,-0.5651420950889587,False
CCTAACTTATGTTGGA-1,-2.240903615951538,False,-1.5151524926686217,False,-1.357063889503479,False
CCTAAGCATGCCTTGT-1,0.4134097993373871,False,0.12131989503816794,False,-0.39403069019317627,False
CCTAAGGTTACAGTAA-1,1.2028236389160156,False,1.0029214659685863,False,1.7764158248901367,False
CCTAATAGCGGACAGA-1,-0.5126426219940186,False,-0.6185371179039302,False,-0.6303215622901917,False
CCTAATCCACAAGGAT-1,0.5338706374168396,False,0.654404792746114,False,1.3505408763885498,False
CCTAATCGCTCACCAT-1,0.028978241607546806,False,-0.4061988888888889,False,-0.8540855050086975,False
CCTAATCGGCAGTCAC-1,-0.5261519551277161,False,-0.6374464618249533,False,0.01343408040702343,False
CCTAATGGCACTGTTC-1,-1.875541090965271,False,-1.5101456653225807,False,0.5785475373268127,False
CCTACACCGACATTAC-1,0.20244430005550385,False,0.06061531407611188,False,0.017811689525842667,False
CCTACCACTCCAGTTA-1,-0.1501835137605667,False,0.10011319340329836,False,0.1423846334218979,False
CCTACCATCGCAGTAT-1,-0.1369929015636444,False,0.2415216150081566,False,0.2914220988750458,False
CCTACCATGTGATCAC-1,-0.6345056295394897,False,-1.6692171717171718,False,1.4711995124816895,False
CCTACGAGCTGGCCGG-1,-0.4958714246749878,False,0.04532022873481058,False,-0.3928905129432678,False
CCTAGCCTAGTACCGG-1,-0.36905133724212646,False,-0.5583287491814014,False,-0.3351733088493347,False
CCTAGCCTTCATCGGC-1,-1.7185200452804565,False,-1.3474517980107115,False,-0.38805320858955383,False
CCTAGTCAGCGAACCA-1,-0.6992655992507935,False,-0.9286594202898552,False,-0.37692153453826904,False
CCTAGTCAGTCCTTAT-1,-1.1663644313812256,False,-1.017987669543773,False,0.49030330777168274,False
CCTAGTGAATGTCTGC-1,-0.3698863089084625,False,-0.45491689560439563,False,-0.302808552980423,False
CCTATGATGGTCAATG-1,1.319018006324768,False,0.9606770963704631,False,0.6157312393188477,False
CCTATGCCAGCAATCC-1,-0.15623988211154938,False,-0.06371155347384855,False,-0.04348767176270485,False
CCTATGCCGTCGGCAC-1,0.5433010458946228,False,0.5497175,False,1.2706228494644165,False
CCTATGCCTTCTTGTT-1,-1.742955207824707,False,-2.069947604790419,False,-0.9522274732589722,False
CCTATGTCGAATAGAA-1,0.43969982862472534,False,0.5453579268292683,False,-0.08706077933311462,False
CCTATGTCTTACCGGC-1,-0.21660101413726807,False,-0.42009127516778527,False,-1.0871758460998535,False
CCTCACATGTACCTGG-1,-1.6977490186691284,False,-1.3204400900900901,False,-0.31549331545829773,False
CCTCACATGTCTTACT-1,0.15790662169456482,False,-0.08067942050520059,False,-0.8875567317008972,False
CCTCACCTAGTGGCAA-1,-0.05932158604264259,False,-0.9922443419949706,False,-2.3205909729003906,False
CCTCACGTTACTCGCA-1,0.3100484311580658,False,0.0733943345323741,False,-0.7188695669174194,False
CCTCACTTCCTTCCGA-1,0.7369963526725769,False,1.065558426966292,False,-0.3239297568798065,False
CCTCATGATTATCTGA-1,-1.1574712991714478,False,-0.48004954954954954,False,-0.1288367360830307,False
CCTCCGAAGCTGTACC-1,-1.3177772760391235,False,-1.3413980532786887,False,-0.8260272145271301,False
CCTCGATAGAATAGGA-1,0.9157061576843262,False,-0.3049235214140041,False,-1.2427090406417847,False
CCTCGCCAACTACAAG-1,0.30877265334129333,False,0.4111034810126582,False,-0.7107723951339722,False
CCTCGGATCTTGCGGT-1,-0.31401076912879944,False,-0.5849244186046512,False,-0.9157342910766602,False
CCTCGGTATGACAGTA-1,1.1859397888183594,False,1.1315685871056242,False,0.851013720035553,False
CCTCTACCGTGATTGG-1,0.007775986101478338,False,0.7226226798143852,False,1.9699432849884033,False
CCTCTAGCTCTGGCAG-1,0.13939379155635834,False,0.22711204954954956,False,0.273629367351532,False
CCTCTATGTTGCTTAT-1,-1.4174095392227173,False,-1.1015720297029703,False,-0.6769227385520935,False
CCTCTTCGAGCGGTTG-1,0.31538838148117065,False,0.08709469153515065,False,0.10052728652954102,False
CCTGAAGCAATGCACG-1,-0.34342479705810547,False,-0.5933101851851852,False,0.6293362379074097,False
CCTGAAGCGTATAGCA-1,-0.6639957427978516,False,-0.8293997093023255,False,0.8689567446708679,False
CCTGAAGTGCATGCAT-1,-2.192657947540283,False,-1.8174027777777775,False,-0.8522645235061646,False
CCTGCTCGCCGTCCAG-1,-0.19580164551734924,False,0.5182806539509537,False,-0.8602738976478577,False
CCTGGATCTAGAGCCA-1,-0.4280342161655426,False,-0.4832668659265585,False,-0.5363755226135254,False
CCTGGCAACGAACGTC-1,0.5197527408599854,False,0.687131086142322,False,2.7468628883361816,False
CCTGGCATACCTGTCA-1,-0.2182140052318573,False,-0.10934996102883865,False,-0.6103528141975403,False
CCTGGCTTATGGTCTG-1,-0.24549223482608795,False,0.02718387909319899,False,-0.3562869727611542,False
CCTGTCATTGAATTAT-1,-0.34228649735450745,False,-0.06226153846153846,False,-0.4019401967525482,False
CCTGTCCTCAGTTGTA-1,-0.545160710811615,False,-0.24840456989247311,False,0.17649681866168976,False
CCTGTCGAGTGACAGA-1,-3.221175193786621,True,-2.6864700854700856,False,-0.5659611821174622,False
CCTGTCTAAGTAGGCT-1,-0.07784689962863922,False,0.13011022787493376,False,0.8932857513427734,False
CCTGTCTACCGTGGCA-1,2.152757406234741,False,2.3809637223974764,False,0.9594100117683411,False
CCTGTCTGATAGGTGA-1,0.32561638951301575,False,0.45472306485355646,False,1.2577424049377441,False
CCTGTCTGCATAGGTC-1,0.44288668036460876,False,0.16635650224215245,False,0.3653531074523926,False
CCTTAATTGGAATATT-1,-0.3285777270793915,False,-0.3530853426395939,False,0.05048877373337746,False
CCTTAGATGTGCTACG-1,-1.4102908372879028,False,-1.6434802494802494,False,-0.5329276323318481,False
CCTTAGCGTTCGCAGG-1,-0.39433297514915466,False,-0.767923896499239,False,-0.5383514761924744,False
CCTTAGTCTGTCACTG-1,0.21861805021762848,False,0.44082800982800985,False,0.17497411370277405,False
CCTTAGTGGATCCACG-1,-1.7396594285964966,False,-0.8759343891402716,False,-0.7197141647338867,False
CCTTAGTTATACCAGA-1,0.5271787643432617,False,0.4909591454272863,False,1.3311349153518677,False
CCTTATAGGTCTCAAC-1,0.5806882977485657,False,0.5298420050761421,False,0.13321153819561005,False
CCTTCATAGTACTTCA-1,-1.1842275857925415,False,-1.2895958751393533,False,-0.41366878151893616,False
CCTTCCAACCTTCAGA-1,-1.1140400171279907,False,-0.7947982779827798,False,-1.0328031778335571,False
CCTTCCGCTCCGGCAT-1,0.3722371459007263,False,0.43857356828193833,False,1.0537333488464355,False
CCTTGTCTACTTAGAC-1,-0.11242826282978058,False,0.031064674179323862,False,0.3666372299194336,False
CCTTGTCTAGTTCTTG-1,1.122748613357544,False,1.096423736075407,False,1.380615234375,False
CCTTGTCTTACGGTTC-1,0.5288316607475281,False,0.32722473246135547,False,0.07902394235134125,False
CCTTGTGATGGTCTAG-1,-0.22419019043445587,False,-0.3618709677419355,False,-0.8276482820510864,False
CGAACCAGAAGTCTGG-1,0.5482136607170105,False,1.8577330508474577,False,1.843448281288147,False
CGAACGTGAAGTCCAA-1,-2.006812334060669,False,-0.9338155440414507,False,-0.6036478877067566,False
CGAACTACAGATGTAA-1,1.460340976715088,False,1.0807505747126436,False,0.0034214153420180082,False
CGAAGAACGACTCGAT-1,2.5586767196655273,False,2.4719389078498293,False,2.8873331546783447,False
CGAAGACCGCCAGGCG-1,-0.9381948113441467,False,-1.4841047040971167,False,-0.20851415395736694,False
CGAAGAGCAGATGATT-1,-1.6555615663528442,False,-1.3364260985352863,False,-0.4597274959087372,False
CGAAGATCCGAAGGCA-1,-1.3534880876541138,False,-0.9107214182344429,False,-0.3564757704734802,False
CGAAGTCGTTGGCTCG-1,-1.041553258895874,False,-0.6100606891151136,False,-0.43789395689964294,False
CGAATCCTGATAGGTG-1,-0.21027451753616333,False,-0.0862142857142857,False,-0.23514492809772491,False
CGAATGGACCGTCTTG-1,0.38000306487083435,False,0.2488686621869273,False,0.1930888146162033,False
CGAATTAAGTGGACTA-1,0.4171060025691986,False,0.14970283018867925,False,-0.5738540291786194,False
CGAATTACTGCTCCGG-1,0.4864528775215149,False,0.6773182451253482,False,0.6243016719818115,False
CGACAAGCACTCAGCC-1,-1.4946659803390503,False,-1.8913530612244895,False,-0.7368313074111938,False
CGACAAGTACTCCTTA-1,0.2562650144100189,False,-0.19796397188049208,False,-0.6435689330101013,False
CGACAAGTGATGCGCA-1,-2.2416296005249023,False,-2.4443110516934046,False,-1.5940173864364624,False
CGACAATTATTCTGTC-1,-1.1436107158660889,False,-0.7275925720620843,False,0.16309529542922974,False
CGACAATTCGTCATGT-1,-0.10402367264032364,False,0.1593967661691542,False,0.1175808385014534,False
CGACATTGTATGGAGG-1,0.8125457167625427,False,0.6591592076302274,False,0.9480053186416626,False
CGACCAAGGTGAGCCG-1,-0.0664302334189415,False,0.0014607471575527882,False,0.3550536632537842,False
CGACCAGAACTGTCAT-1,0.03219429776072502,False,0.07012759924385634,False,-0.23181140422821045,False
CGACCAGAAGGATCCG-1,-0.10992476344108582,False,0.2796166666666666,False,0.9909518361091614,False
CGACCAGATTCAGTGA-1,0.44762131571769714,False,0.641108910891089,False,-0.07697737962007523,False
CGACCAGCCTTGATTA-1,0.11862222105264664,False,0.3183714581893573,False,0.009588109329342842,False
CGACCTATACTGACGT-1,0.2210579365491867,False,0.13568278529980657,False,-0.2529543936252594,False
CGACCTATCTCGCAAG-1,0.09338633716106415,False,-0.6427248394004282,False,0.624997615814209,False
CGACCTGCATCTGCAT-1,0.328559935092926,False,0.24649909090909092,False,-0.22291606664657593,False
CGACCTTGGCGTTCTA-1,-0.7731690406799316,False,-0.7038733870967742,False,0.09324901551008224,False
CGACGCAGCCTTAGTC-1,0.9035542607307434,False,0.6204897579143389,False,1.0885874032974243,False
CGACGCCAAGGTGCAA-1,2.2166032791137695,False,2.0777465857359636,False,1.0637868642807007,False
CGACGCCGCAAGTAGC-1,-0.5913218855857849,False,-0.5487697967764541,False,-0.004641811363399029,False
CGACGCCGGAGTTGAG-1,-1.9031550884246826,False,-2.2311179173047475,False,-1.017330288887024,False
CGACGCTCCGCACGTG-1,1.1825472116470337,False,0.34108723135271807,False,-0.047410495579242706,False
CGACTAAGCGGCAGAC-1,0.6357972621917725,False,0.8104622047244094,False,0.17288582026958466,False
CGACTAATCGGCTCCT-1,0.6100093722343445,False,0.562207276736494,False,1.2983590364456177,False
CGACTAGGAGATAAGC-1,0.18492580950260162,False,0.3133032544378698,False,-0.18348099291324615,False
CGACTAGGTCCTTAAC-1,0.2508791983127594,False,0.35736666666666667,False,-0.5158242583274841,False
CGACTGAACGAATGCT-1,-0.9631654024124146,False,-0.8805892932712653,False,-0.6790145635604858,False
CGACTTAGCGCTATCT-1,-0.0245806947350502,False,0.10244868637110016,False,0.491860568523407,False
CGACTTCACTCGGCAT-1,1.1283105611801147,False,1.251375,False,0.29772037267684937,False
CGACTTCGCAAGCGGT-1,-1.7019509077072144,False,-1.092759793052476,False,-0.30913567543029785,False
CGACTTGCACGCCTGC-1,0.22855345904827118,False,0.1699010810810811,False,-0.48709994554519653,False
CGAGAACGACAAGACC-1,0.18795092403888702,False,-0.13090238233585125,False,0.37866145372390747,False
CGAGATGCCGCATCTT-1,-0.24040336906909943,False,-0.5103051213834386,False,-0.3253897428512573,False
CGAGATGCGGTATGCG-1,-0.682608425617218,False,-0.190841252699784,False,-1.0908704996109009,False
CGAGCCTGCAAGGTTA-1,0.4672779440879822,False,0.5164559173947577,False,0.011512056924402714,False
CGAGCGAGCCACGCTA-1,-0.6699395179748535,False,-0.47655746791131853,False,0.9599581360816956,False
CGAGCGGCACAGTAGG-1,-0.4652165472507477,False,-0.20192530051516888,False,-0.18652094900608063,False
CGAGCGTAATGGAGTG-1,-0.40399444103240967,False,-0.39565126625598906,False,-0.4795543849468231,False
CGAGCGTATGCCAGCG-1,1.2102450132369995,False,1.1287920393559927,False,1.8303712606430054,False
CGAGCGTGAAGTTAGC-1,-0.2838849723339081,False,-0.31454070351758795,False,-1.1509556770324707,False
CGAGCGTGCATTGTGG-1,0.03876503184437752,False,0.09734163473818645,False,0.8908577561378479,False
CGAGCGTGGACTGGAA-1,-0.9201564192771912,False,-1.1090192093541202,False,-0.18883010745048523,False
CGAGCTAAGGCCTGTA-1,-1.3123997449874878,False,-0.920695170229612,False,-0.5766137838363647,False
CGAGCTATGTCCTCGC-1,0.02791270613670349,False,0.2424359430604982,False,-1.0214006900787354,False
CGAGCTTAGAATACCT-1,0.13003785908222198,False,0.402714351425943,False,-0.3542293310165405,False
CGAGGAACGCTGTCCA-1,-0.7872377634048462,False,-0.5452404181184669,False,-0.8569623231887817,False
CGAGGAAGACTTAGAT-1,-0.7038803696632385,False,-0.5096494252873564,False,-0.5731903314590454,False
CGAGGAAGGCAGAAGG-1,0.16634218394756317,False,0.6315872756933116,False,0.5281760692596436,False
CGAGGACGTAATAGGC-1,0.422504723072052,False,0.5674685628742514,False,1.1729854345321655,False
CGAGGAGCATGCTATG-1,0.8216475248336792,False,1.0233260869565217,False,1.5176173448562622,False
CGAGGAGCGTTCGTTA-1,0.40190958976745605,False,0.2716541024573094,False,-0.08473683148622513,False
CGAGGAGTCTAAGGAT-1,-2.027916669845581,False,-1.3394445833333333,False,-0.6324933171272278,False
CGAGGATTCGATCATA-1,-0.036043163388967514,False,-0.05614910432033719,False,1.0901869535446167,False
CGAGGCATCCAAGTCC-1,0.084800586104393,False,0.14108067729083665,False,-0.5511084198951721,False
CGAGTCACTCATAGAT-1,-0.09763622283935547,False,-0.7967640936686904,False,-0.7174425721168518,False
CGAGTCATCCGCACCA-1,-0.9424667358398438,False,-1.2208603644646925,False,-0.6567730903625488,False
CGAGTCCATGTCAACA-1,-1.440720558166504,False,-1.1422911392405064,False,1.659211277961731,False
CGAGTCCGTTGGAACT-1,0.7986109256744385,False,0.9113975609756098,False,0.32171085476875305,False
CGAGTCGCGTAGACAT-1,-3.4914908409118652,True,-2.5522513986013986,False,-2.1972665786743164,False
CGAGTCTTGTACTGCC-1,-0.07866440713405609,False,0.07602745664739884,False,0.8730085492134094,False
CGAGTGCGGCTCGTGG-1,0.10663270205259323,False,0.25744274809160306,False,0.2267875224351883,False
CGATAACTCCTTATGC-1,-0.9363194704055786,False,-0.6225907363420428,False,-0.7389718294143677,False
CGATAAGAATTCCAGT-1,-0.8066075444221497,False,-0.7579595330739299,False,-0.4341433644294739,False
CGATAAGGATAGGCAA-1,-2.243685245513916,False,-2.5098567362428845,False,-0.8196824789047241,False
CGATAAGGTGCCTGAC-1,-1.2101459503173828,False,-0.6848421178725443,False,0.18596169352531433,False
CGATGACCAGATCTGT-1,-0.5888793468475342,False,-0.52140625,False,-0.5363534092903137,False
CGATGACCTCATCCTC-1,-0.5669723153114319,False,-0.29474667511082964,False,-0.8270920515060425,False
CGATGAGGCCAACGTA-1,0.6549456119537354,False,0.4607604166666667,False,-0.5103814601898193,False
CGATGATATTAGGCCG-1,0.04755100607872009,False,-0.028074172892209176,False,0.6008478403091431,False
CGATGATCAGCTATAA-1,0.17989762127399445,False,0.4385179063360881,False,0.675265371799469,False
CGATGATCCTGCAGCC-1,0.582886815071106,False,0.673505162241888,False,-0.2356584370136261,False
CGATGCACCAGGCCTC-1,-0.7214753031730652,False,-0.5913706528370958,False,-0.7455978989601135,False
CGATGCCGACCGTGAC-1,1.2706942558288574,False,1.6259357682619646,False,1.0875840187072754,False
CGATGCCTGCTCACCG-1,0.9110786318778992,False,0.9585751322751322,False,0.12445127218961716,False
CGATGTCCGACTACAG-1,0.6781871318817139,False,0.6979080976863753,False,1.144880771636963,False
CGATTAACTAATCTTA-1,-0.19039051234722137,False,-0.21159441624365483,False,0.41708463430404663,False
CGATTGGAACAGGCCA-1,-0.3576889634132385,False,0.013972693032015066,False,-0.3103172183036804,False
CGCAACCATGCACCGA-1,1.2091007232666016,False,0.4456294117647059,False,0.1347445249557495,False
CGCAATGTATCCAATG-1,0.2668159008026123,False,-0.4008365155131265,False,-0.6797547340393066,False
CGCACGCAGCCGTTAT-1,-5.079397201538086,True,-5.2403995880535525,True,-1.0284348726272583,False
CGCACGCAGGTAAGTC-1,0.35397854447364807,False,0.031190751445086703,False,-0.5344105362892151,False
CGCACGCATAATGGTG-1,1.7483795881271362,False,1.3051168674698796,False,1.0195367336273193,False
CGCACGGCTGTCAGGT-1,-1.4519001245498657,False,-0.6108401527550464,False,0.10481563955545425,False
CGCACGTAGCATTGTT-1,-0.8482326865196228,False,-0.7106807038834951,False,0.001380761037580669,False
CGCACGTGACTGTTGG-1,-1.1939904689788818,False,-1.540412162162162,False,1.134116768836975,False
CGCACTAACTACCGGT-1,0.2859688699245453,False,0.4000102249488752,False,0.16617561876773834,False
CGCACTGTGAGCCTGT-1,-0.3009215295314789,False,-0.507664124668435,False,-0.055723484605550766,False
CGCACTTAAGGCATGC-1,-0.10908770561218262,False,-0.14474838709677418,False,-0.03822910785675049,False
CGCAGACACTGGCGTA-1,0.28134027123451233,False,0.05400596252129472,False,0.38316765427589417,False
CGCAGAGCAGTCCGAG-1,-0.43248865008354187,False,-0.3544411544227886,False,0.584222674369812,False
CGCAGATAGATGTTCT-1,-0.7795186042785645,False,-0.8767700513630976,False,-0.7094779014587402,False
CGCAGATATGGACAGT-1,0.4080200791358948,False,0.4204219562955255,False,0.5028267502784729,False
CGCAGATTCGACCGAA-1,0.17998917400836945,False,0.34532784431137725,False,0.7401060461997986,False
CGCATCTTGACTTAGT-1,1.0703957080841064,False,0.9015161812297734,False,0.4152619540691376,False
CGCATGAGGAGCGTCT-1,0.2983315587043762,False,0.2676703864997278,False,0.06455440074205399,False
CGCATGGAATTCACGA-1,0.7625231146812439,False,0.8522519964507541,False,-1.1208243370056152,False
CGCCAACCTGGCGAAT-1,0.7879845499992371,False,0.6563926174496644,False,1.567491054534912,False
CGCCACAATAGCTCAA-1,1.178941011428833,False,1.4528507462686568,False,0.5659318566322327,False
CGCCACCTGGAAGACA-1,0.0975518673658371,False,0.29812389659520805,False,0.4762174189090729,False
CGCCATGAGGCGATGA-1,1.1287550926208496,False,0.9606849128540305,False,0.34406778216362,False
CGCCGATTGTCCTTCG-1,0.029830312356352806,False,0.09339230769230769,False,-0.04851817339658737,False
CGCCGGACTAGGTACA-1,1.6765122413635254,False,1.4772827022375215,False,3.2959578037261963,True
CGCCGGATCATTAGAC-1,-0.5598363280296326,False,-0.5634711934156378,False,0.07345885038375854,False
CGCCGGTATCTAGCAC-1,-0.6731584072113037,False,-0.4416844181459566,False,0.32112744450569153,False
CGCCTAACTTGATGGT-1,-0.3672209680080414,False,-0.4837954808806489,False,-0.2011558711528778,False
CGCCTAGAGCGTGGAG-1,-1.425987958908081,False,-1.6085884462151394,False,0.19721361994743347,False
CGCCTATTGCCTCGCC-1,-0.18464800715446472,False,-0.03339108910891089,False,-0.18059927225112915,False
CGCCTCGAGCCACTCG-1,0.036632291972637177,False,0.03361144781144781,False,0.17750748991966248,False
CGCCTCGATAATGCGG-1,0.0962439551949501,False,-0.11801840317100792,False,-0.38503751158714294,False
CGCCTCGGAACTGTGC-1,0.8524376749992371,False,0.9968881355932204,False,1.9544856548309326,False
CGCCTCGTACGAAGGC-1,-1.6777194738388062,False,-1.380174369747899,False,-0.9910653829574585,False
CGCCTCGTAGTCGTGA-1,0.12982673943042755,False,0.2094401798063624,False,0.03879901021718979,False
CGCCTCTAATTCGCGG-1,0.878905713558197,False,0.695578125,False,-0.18381886184215546,False
CGCCTCTACTCGGAAC-1,-0.08955813199281693,False,-0.07016350574712643,False,0.16946475207805634,False
CGCCTCTGACTATTGT-1,-0.942823052406311,False,-0.8696256256256256,False,-0.6194877624511719,False
CGCCTTAAGGTACGCT-1,-2.8576228618621826,False,-2.714962278106509,False,-0.9401950836181641,False
CGCCTTACGAGTAGCG-1,-1.6604572534561157,False,-0.7892963590177815,False,-0.7535197138786316,False
CGCCTTAGCGGCCTCC-1,-1.697381854057312,False,-1.4893689189189188,False,-1.1389777660369873,False
CGCCTTAGGATCGGCA-1,-0.5929388403892517,False,-0.34224629629629627,False,-0.5807242393493652,False
CGCCTTATCTTGGCGA-1,-0.351467102766037,False,-0.35191304347826086,False,0.31718602776527405,False
CGCCTTGACGTGAATC-1,0.5821071863174438,False,0.8515523120037365,False,2.1347696781158447,False
CGCCTTGTGAAGTCTA-1,-0.4200209975242615,False,-0.33780560131795717,False,-0.3914659321308136,False
CGCTAATTACATTAGG-1,-0.2999703884124756,False,-1.4229425133689837,False,2.0339012145996094,False
CGCTACTCAGCCATAG-1,0.17046059668064117,False,0.24159363636363634,False,-0.26465752720832825,False
CGCTAGACTTCATCAC-1,-0.5871645212173462,False,0.17858190476190475,False,-0.8202007412910461,False
CGCTAGATGTATTCTA-1,-0.20525239408016205,False,-0.05902383826191913,False,-0.4292748272418976,False
CGCTAGCCGCATGCAT-1,0.15253643691539764,False,0.17975591133004926,False,0.1949027180671692,False
CGCTATAGCGATCGCC-1,-0.4208333492279053,False,-0.4629173003802281,False,-0.4229322373867035,False
CGCTATAGTCTTCATC-1,0.4422265887260437,False,0.44417261904761907,False,0.9040760397911072,False
CGCTATGGTTGGTTAA-1,0.5576180219650269,False,0.3588207257072571,False,-0.1644344925880432,False
CGCTATTAATCTATAA-1,-0.7703621983528137,False,-0.6863772011121408,False,-0.8667605519294739,False
CGCTATTATGATACGT-1,-0.6133638620376587,False,-1.2632538461538463,False,-0.7009947299957275,False
CGCTCGCAATTGGCGA-1,-0.5540396571159363,False,-0.15056896551724136,False,0.24707923829555511,False
CGCTCGGCCGGTTGTC-1,-1.225638747215271,False,-0.7421956697693242,False,-1.0233224630355835,False
CGCTCGGTACTGCGAA-1,0.9785300493240356,False,1.1805519412381953,False,1.4040099382400513,False
CGCTGACATTGCGGTC-1,-0.2427523285150528,False,-0.28350262697022766,False,-1.2034395933151245,False
CGCTGACGGCACATGA-1,-0.19161075353622437,False,-0.0798336439888164,False,-0.34743279218673706,False
CGCTGCAATCGCTGTT-1,-0.0833180695772171,False,-0.21258379310344824,False,0.015877529978752136,False
CGCTGCAATTAGGCGT-1,-0.885015070438385,False,-1.281968944099379,False,0.41252344846725464,False
CGCTGCGAGTCCACAT-1,-2.3618674278259277,False,-1.385636649514008,False,-0.0702470988035202,False
CGCTGCGGTTGAGTAG-1,0.13579533994197845,False,0.43721435897435895,False,-1.1295262575149536,False
CGCTGCTATGACAGAC-1,0.10340587049722672,False,0.06291031773146566,False,-0.4248303472995758,False
CGCTGCTTCGCATACT-1,0.17029237747192383,False,-0.2168886925795053,False,-0.556920051574707,False
CGCTGTGACATAGGCA-1,-1.4453306198120117,False,-1.063699417152373,False,-0.4874245822429657,False
CGCTTAGAATTCTTAC-1,-1.1852314472198486,False,-1.1957240611075748,False,-0.5676335692405701,False
CGCTTAGGCTGAGTCC-1,1.9676401615142822,False,1.8659610726643598,False,0.37149277329444885,False
CGCTTATGGTTAGGAT-1,-1.5479698181152344,False,-1.091087332808812,False,0.09561274200677872,False
CGCTTGCGTACGGCAC-1,-0.12096063792705536,False,-0.552351148409894,False,-0.7071293592453003,False
CGCTTGCTTGGTCTGG-1,-0.4574863910675049,False,-0.08541318537859008,False,0.18729586899280548,False
CGCTTGGCTTGGATCT-1,0.631322979927063,False,0.7564994620763852,False,0.9175775647163391,False
CGGAACCGATTGAGTC-1,-1.7197269201278687,False,-1.3778879482071713,False,1.1697583198547363,False
CGGACACTATGTATCA-1,1.263584017753601,False,1.0629972702456778,False,2.5237584114074707,False
CGGACTGTGAGTATAG-1,-0.11987880617380142,False,-0.39523333333333327,False,0.03007001243531704,False
CGGAGCCATCTGGATA-1,-0.3798254728317261,False,-0.4077948717948718,False,-0.36164605617523193,False
CGGAGCCGCAATAGCC-1,0.09913836419582367,False,0.10379847801578354,False,0.9355752468109131,False
CGGAGCGGTAAGACGC-1,-1.63017737865448,False,-1.4037992107706592,False,-1.1607729196548462,False
CGGAGCGTAGAATCTT-1,-0.3193080723285675,False,-0.18305501222493886,False,0.474691778421402,False
CGGAGCTCCGATACCT-1,-1.9294191598892212,False,-1.4351430395913154,False,-0.2160981446504593,False
CGGAGCTCTTCCAACG-1,-2.2567803859710693,False,-1.997272193690389,False,0.2529197037220001,False
CGGAGGCTAGTCGGCA-1,-0.7767247557640076,False,-1.321694659776055,False,0.328029602766037,False
CGGAGTAAGGTGCGGT-1,0.7784161567687988,False,0.6135451851851852,False,0.9383198022842407,False
CGGAGTAAGTGCACAT-1,-2.5572686195373535,False,-1.419221917808219,False,-1.4940755367279053,False
CGGAGTCTTACGTGAA-1,0.32354089617729187,False,-0.16691016949152543,False,0.16358380019664764,False
CGGAGTGGCGACTAAG-1,-0.07464863359928131,False,-0.5068066298342542,False,0.5271819829940796,False
CGGAGTGGTCAAGTAT-1,0.17764700949192047,False,-0.4446744045215987,False,-0.5504215359687805,False
CGGATGTTGAACCACG-1,0.5425174832344055,False,0.7592990519373455,False,0.6129034161567688,False
CGGATTCCAGACGGTT-1,0.13292241096496582,False,-0.15786170212765957,False,0.7946867346763611,False
CGGATTGCGTCTACCT-1,0.38406333327293396,False,0.7900744382022472,False,2.2286970615386963,False
CGGATTGTGCAGGAGC-1,-1.0749609470367432,False,-1.2098843750000001,False,0.2238665223121643,False
CGGCAACCACTAGCAT-1,-0.1572272926568985,False,-0.2343249780123131,False,-0.18314647674560547,False
CGGCAACCTAAGTCCA-1,0.3788994550704956,False,0.5179963603275706,False,0.347318172454834,False
CGGCAAGATGCGTCGG-1,-0.19250158965587616,False,-0.5118325652841782,False,-0.6466624140739441,False
CGGCAATCAACGTGGA-1,1.2308639287948608,False,1.7424155893536122,False,4.64035177230835,True
CGGCAATCGATAGCGA-1,1.567191243171692,False,1.0392866549604916,False,3.5075807571411133,True
CGGCAATTAATTGGAC-1,-0.8981142044067383,False,-0.8947777115613825,False,-0.7739416360855103,False
CGGCACTCCGGTTCGC-1,0.20473137497901917,False,0.2519455882352941,False,-0.575213611125946,False
CGGCATTATCGCGTGG-1,-1.3462207317352295,False,-0.8696920408163266,False,-0.876679539680481,False
CGGCCATCAACCGGCG-1,-0.4974408447742462,False,-0.38319530808366303,False,-0.6569675207138062,False
CGGCCTAACGATAATG-1,1.5677844285964966,False,1.7842946584938704,False,0.75307297706604,False
CGGCCTGCGATCGATG-1,0.03265024349093437,False,0.18624253731343282,False,-0.0032490319572389126,False
CGGCGTAGCGCTAGGA-1,-0.18042699992656708,False,0.0035057172557172557,False,1.716224193572998,False
CGGCGTTGGTTGCAGC-1,0.28113797307014465,False,-0.15490909090909089,False,1.1989909410476685,False
CGGCTCGTGGAGTACT-1,-3.898481845855713,True,-3.974081081081081,True,-2.905879497528076,False
CGGCTGACCGCTCGCA-1,0.7107133865356445,False,0.7755486891385768,False,0.3193729817867279,False
CGGCTGTACATGATGT-1,1.587611436843872,False,1.3392691723614274,False,0.8576278686523438,False
CGGCTGTCGGTATTAC-1,1.2196141481399536,False,0.15300159744408945,False,-1.0687628984451294,False
CGGCTTACGTGCACGA-1,-1.001497745513916,False,-0.8919175412293853,False,-0.8346714377403259,False
CGGCTTATTCGCTAAT-1,0.5710518956184387,False,0.26084038564542045,False,-0.055350787937641144,False
CGGCTTCCAATAGGAA-1,0.8886629939079285,False,0.5481299765807962,False,0.22850219905376434,False
CGGCTTCGATCTCCAA-1,0.4853818416595459,False,0.8694042207792207,False,0.5531288981437683,False
CGGCTTCTACGATATG-1,1.0221588611602783,False,1.4246044835868694,False,3.8535735607147217,True
CGGCTTGTGCCGGCCT-1,-0.610596239566803,False,-0.7145371657754012,False,-0.17104990780353546,False
CGGTAGAACGTGACTT-1,0.5225297212600708,False,0.5437744299674268,False,0.4253280460834503,False
CGGTAGATTCCTATGC-1,-0.7879765629768372,False,-0.6658893617021276,False,-0.9344251751899719,False
CGGTAGGTACTCTACG-1,0.6182124018669128,False,0.865105613701237,False,0.5216137170791626,False
CGGTAGGTTCGATTCA-1,-1.1722403764724731,False,-0.991555389221557,False,2.057037115097046,False
CGGTATAGGATGAGCG-1,-2.920135021209717,False,-3.093495735607676,True,-0.818296492099762,False
CGGTCAACGGCGGATT-1,-2.9281718730926514,False,-3.471375568181818,True,-1.4919044971466064,False
CGGTCAATTGGCCGAT-1,-0.4367537796497345,False,-0.44043995171997585,False,1.0341591835021973,False
CGGTCATGGAGGACTC-1,-2.6528940200805664,False,-2.1656068472535743,False,-0.5285539627075195,False
CGGTCCATACTTGAGC-1,0.4599776268005371,False,0.5194036532951289,False,3.098207473754883,True
CGGTCCATGCGACTCC-1,0.786302924156189,False,0.43749878836833606,False,0.8014208674430847,False
CGGTCCATTACAACTA-1,-0.9995803833007812,False,-0.8405051200564972,False,-0.4771665036678314,False
CGGTCCGGTTCTTAGC-1,-0.7214607000350952,False,-0.3081919060052219,False,-0.496004581451416,False
CGGTCTAGATCGAATG-1,-0.5890418291091919,False,-0.16888088012139607,False,0.4538804888725281,False
CGGTCTGCTTGAATGA-1,0.7626245021820068,False,0.4846407407407407,False,-0.3956248164176941,False
CGGTCTTATCCAAGCT-1,0.7931964993476868,False,-0.21923038176033935,False,-0.4681866765022278,False
CGGTCTTGCTATTCTA-1,-0.053946759551763535,False,0.2993864229765013,False,-2.0818097591400146,False
CGGTGAACGGTTAGAT-1,0.35424864292144775,False,0.627285,False,-1.03358793258667,False
CGGTGAACTCACATTG-1,0.644965410232544,False,0.7440912698412698,False,-0.9028287529945374,False
CGGTGAACTCCACCAG-1,-4.118897914886475,True,-3.5249110576923073,True,0.6899846196174622,False
CGGTGAGCATGTATAC-1,-0.8398264646530151,False,-0.615379176755448,False,-0.6020426154136658,False
CGGTTACCATCAACCA-1,0.6685728430747986,False,0.5732087641555883,False,0.6981720328330994,False
CGGTTACGTCCATGAA-1,0.08637180179357529,False,-0.03345734126984127,False,-0.17092514038085938,False
CGGTTATCTGTCTTAA-1,-0.38979119062423706,False,-0.900360639686684,False,-0.5836191177368164,False
CGGTTGATTGAGCGCC-1,-2.7433106899261475,False,-1.9728186456400743,False,-1.0116392374038696,False
CGTAACAGGTCTTGAA-1,0.01237870566546917,False,0.09336003110419906,False,-0.2470693439245224,False
CGTAACATAAGTCATC-1,-0.4739231765270233,False,-0.7006118652589242,False,-1.2046335935592651,False
CGTAACATTCGCGATA-1,0.47046026587486267,False,0.6397503302509907,False,0.24222011864185333,False
CGTAACATTGGCTGAG-1,-0.007176672574132681,False,0.23384787735849055,False,-0.043353836983442307,False
CGTAACCGGTATGCTA-1,0.3832697868347168,False,0.10605090361445783,False,1.1040130853652954,False
CGTAACCTGACATCGA-1,0.31676748394966125,False,0.48859540636042403,False,0.36438611149787903,False
CGTAACTAACAATCAT-1,-0.7986712455749512,False,-1.140045746388443,False,-1.0522522926330566,False
CGTAAGCCGACCGCTT-1,-0.36093977093696594,False,0.09036363636363635,False,-0.9617000222206116,False
CGTAATGTTATCGCCG-1,-0.2611280679702759,False,0.2302047781569966,False,0.3325686752796173,False
CGTACACGGCGTCTCC-1,0.2552868127822876,False,0.45340909090909093,False,-0.039691463112831116,False
CGTACAGACGAGGACC-1,-0.4532737135887146,False,-0.576899539170507,False,-1.0878231525421143,False
CGTACAGGATTGGAAT-1,1.4849311113357544,False,1.234021422060164,False,1.020351767539978,False
CGTACAGGCCGCACTG-1,0.19754305481910706,False,0.22214071856287423,False,-0.45425716042518616,False
CGTACAGTAAGTAATG-1,0.5295628905296326,False,0.46939417280643,False,0.27792033553123474,False
CGTACATCACTGGATG-1,-0.08972359448671341,False,-0.30478815948449456,False,-0.13894157111644745,False
CGTAGCCAAGTCCGTC-1,-0.25703564286231995,False,-0.1354085768143261,False,-0.28028082847595215,False
CGTAGCCTTGAGCAAG-1,1.0323549509048462,False,0.9897584042122316,False,2.6190829277038574,False
CGTAGTACAAGGTACT-1,0.42310377955436707,False,0.18333066860465116,False,0.05283713713288307,False
CGTAGTACGCATAATG-1,0.07276561111211777,False,0.015426261829652997,False,1.1354097127914429,False
CGTAGTCCGAGCATGA-1,0.4705428183078766,False,0.3230438545874207,False,-0.47445523738861084,False
CGTAGTCGGTTATCGA-1,1.6009292602539062,False,1.4055766710353865,False,-0.3684402406215668,False
CGTAGTGACTCAAGGA-1,1.952957272529602,False,1.5623872727272727,False,-0.0466100238263607,False
CGTAGTTATTGGTAGT-1,0.41630202531814575,False,0.5113881059751972,False,1.2715030908584595,False
CGTAGTTCGTTGGTAG-1,-0.11881209164857864,False,-0.22805444126074498,False,-0.06343204528093338,False
CGTCAAGGCGGAATGT-1,-1.7901581525802612,False,-1.6410664523043945,False,-0.9013010859489441,False
CGTCAGAACGTTGCCG-1,-0.08994992822408676,False,-0.21339640198511167,False,-0.5032532811164856,False
CGTCCAATCTGCGTCC-1,-0.8309528231620789,False,-0.6347489028213166,False,-0.3776078522205353,False
CGTCCATAATCCGCTT-1,-0.8466986417770386,False,-1.5924285714285715,False,-1.1719434261322021,False
CGTCCATCCTAGCATC-1,0.19281871616840363,False,0.3454756097560976,False,-0.2300454080104828,False
CGTCCATCGTCCAATA-1,0.37794405221939087,False,0.367741095890411,False,0.32387280464172363,False
CGTCCATGTAGCGTCT-1,-0.28410714864730835,False,-0.3198163992869875,False,0.04344789683818817,False
CGTCGGATCGCAGAAC-1,-0.6615716814994812,False,-0.625356102003643,False,-0.1274755299091339,False
CGTCGGCAGACGGTAT-1,-0.027664028108119965,False,0.04893760364842454,False,0.021683335304260254,False
CGTCGGCGGTAGATCA-1,-1.0139005184173584,False,-1.4441885336273428,False,-1.258087158203125,False
CGTCGGTTAGCGGTGA-1,-3.2776806354522705,True,-3.414464339908953,True,-1.4312405586242676,False
CGTCTTGCAACTTCTG-1,0.6678237318992615,False,0.6893009404388715,False,0.9973710775375366,False
CGTGAATGGTCCTGCG-1,1.2124918699264526,False,1.1764884758364311,False,6.430747985839844,True
CGTGAGCAATGGACAT-1,0.02775726281106472,False,-0.3579251812788398,False,-0.30606114864349365,False
CGTGAGCTGTTATCGT-1,-0.5785181522369385,False,-0.5849571960297767,False,-0.16384267807006836,False
CGTGAGGAACATAGGT-1,-0.6129086017608643,False,-0.8674927745664739,False,-0.8984090089797974,False
CGTGAGGCATAATGGA-1,1.2232842445373535,False,1.0281186192468619,False,1.0341784954071045,False
CGTGAGGCCTACAAGT-1,0.691714882850647,False,0.5056436899862825,False,0.825141966342926,False
CGTGAGGCTCTTGTGC-1,-1.0137943029403687,False,-1.1659101057579317,False,-0.24151068925857544,False
CGTGCGGATTCATGTA-1,-0.590182900428772,False,-0.30767363154796934,False,-0.0628894716501236,False
CGTGGCTCCTTGTCTT-1,0.11069038510322571,False,-0.2881173974540311,False,-0.38660457730293274,False
CGTGTACGATGATTGT-1,-0.34799832105636597,False,-0.26916666666666667,False,0.07514679431915283,False
CGTGTAGACACCTTCC-1,-15.615809440612793,True,-5.589012051915946,True,1.2923929691314697,False
CGTGTAGTATTCTTGG-1,-7.314347743988037,True,-2.2234589014413713,False,-1.707664966583252,False
CGTGTATGAGGCCAGG-1,-2.0046074390411377,False,-1.7188428280773143,False,-1.4846876859664917,False
CGTGTTAACCTGAAGC-1,-1.4118797779083252,False,-1.3926670520231212,False,-0.9531406760215759,False
CGTGTTACCATATGTA-1,0.4077017307281494,False,0.45375454545454547,False,0.5331196784973145,False
CGTGTTAGATGGTATC-1,-0.9598491787910461,False,-0.6815077922077921,False,-0.16033443808555603,False
CGTGTTGGACGTCTGG-1,-2.036827325820923,False,-1.8290764966740576,False,0.28164348006248474,False
CGTTACAGTGCACTCA-1,-0.1062171682715416,False,-0.003979351032448377,False,0.22446535527706146,False
CGTTACGTGCAGATGG-1,-5.001159191131592,True,-3.774247119815668,True,1.8865896463394165,False
CGTTCCTGTCACCGTG-1,0.5005359649658203,False,0.09698216216216217,False,0.6786563396453857,False
CGTTGGTCGTCACTGT-1,-0.1311330795288086,False,-0.5998871681415928,False,-0.37700411677360535,False
CGTTGGTGGCGTCTGC-1,-0.6972996592521667,False,-0.6642294903666873,False,-0.04847492650151253,False
CGTTGTGAGCAAGTGG-1,-0.7095615267753601,False,-0.6904510135135136,False,-0.21731437742710114,False
CTAACAAGGCTCACTT-1,-1.1055508852005005,False,-0.9555997931747673,False,-0.2320549339056015,False
CTAACAGTATACCGGC-1,-0.11945616453886032,False,0.18352830188679245,False,-0.2645680904388428,False
CTAACGTTAGGCAATG-1,0.8896392583847046,False,0.5799923224568138,False,0.05346411094069481,False
CTAAGAACCTTATTCC-1,1.0177223682403564,False,1.115689344262295,False,0.7651827335357666,False
CTAAGAATTGATTCAC-1,-0.18159615993499756,False,-0.19214111037673495,False,-0.34280428290367126,False
CTAAGAGGCTATGTTC-1,2.3422367572784424,False,2.1239574468085105,False,2.974306344985962,False
CTAAGCGTGCCTGCAA-1,-1.0706552267074585,False,-1.122716129032258,False,-0.3635651767253876,False
CTAAGCTCCACGATCA-1,-0.6243209838867188,False,-0.849289195775792,False,-0.4056057333946228,False
CTAAGCTTACAGTACG-1,0.18798062205314636,False,0.36814597130242827,False,0.6118605732917786,False
CTAAGTCAAGATCATG-1,-0.7052933573722839,False,-0.7900220994475138,False,0.047395624220371246,False
CTAAGTGGCCGATTAG-1,-0.724100649356842,False,-0.6615727170236753,False,-0.21402235329151154,False
CTAATCACTCCGAGAC-1,0.7940360903739929,False,0.8930618317061831,False,1.0185409784317017,False
CTAATCTGGCCGTGTT-1,-0.12809044122695923,False,-0.37492811355311356,False,-0.38715896010398865,False
CTAATGACATCATTCT-1,-0.2451120913028717,False,-0.11323902706656913,False,-0.3139459788799286,False
CTAATGAGCGAGGCTA-1,1.0356167554855347,False,1.1377875688434302,False,2.325488567352295,False
CTAATTACGCAATGGA-1,-0.10180095583200455,False,0.12263636363636364,False,0.6581079363822937,False
CTACAACCGCTGTCTA-1,1.124210238456726,False,1.04096062992126,False,1.2016195058822632,False
CTACAGAACCAGTTGA-1,-0.8516664505004883,False,-0.34042163009404386,False,1.6342759132385254,False
CTACAGAATTAATGAC-1,0.9983088970184326,False,1.0143824804856896,False,1.4783462285995483,False
CTACAGATCGGTCGCC-1,0.09921649098396301,False,0.07415555555555556,False,0.10107921808958054,False
CTACAGATGGTCATAC-1,0.19748455286026,False,-0.04838713667285096,False,-0.7090080976486206,False
CTACAGCGTCTACACT-1,-0.4422719180583954,False,-0.19096152052238805,False,-0.22168785333633423,False
CTACAGGTCGCTAAGC-1,-1.0508183240890503,False,-0.6781508795669824,False,-1.129997968673706,False
CTACATCTACTGGCTT-1,0.4191844165325165,False,0.5984168968692449,False,0.29622682929039,False
CTACCAGACCTCTTAG-1,-0.44406983256340027,False,-0.8695837236533958,False,-0.5974099040031433,False
CTACCAGGAGACATCT-1,-0.7646284699440002,False,-0.31583063511830634,False,0.036665402352809906,False
CTACCATCGATGAGAA-1,0.8065962195396423,False,0.7799730258014074,False,1.6394431591033936,False
CTACCTGTAATAAGCA-1,-0.49728503823280334,False,-0.6699893000445831,False,-0.9194814562797546,False
CTACCTTATCAACTGA-1,0.21691608428955078,False,0.3660771784232365,False,-0.16042770445346832,False
CTACGAATTGGCTGGT-1,-1.388694167137146,False,-1.2761229885057472,False,-1.551828145980835,False
CTACGAGCCGGACGGT-1,-1.3479231595993042,False,-0.4862359437751004,False,-0.0906374454498291,False
CTACGAGCCTGGAGAC-1,-0.11528091132640839,False,-0.09890029325513197,False,0.5728705525398254,False
CTACGATGCGTCCGGC-1,0.03968944773077965,False,-0.07449701492537314,False,-0.7352966666221619,False
CTACGCCTCCGCGTAT-1,-0.660652220249176,False,-0.6437464571780653,False,-0.44250571727752686,False
CTACGCTACATCTGTT-1,1.6321567296981812,False,2.271704781704782,False,3.1197686195373535,True
CTACGCTTAGAAGTGC-1,-1.4328479766845703,False,-1.5114450261780104,False,-0.32320818305015564,False
CTACTGAGTGACGGAC-1,0.16760101914405823,False,0.3087339346110485,False,1.326804757118225,False
CTACTGCTCCGACAGT-1,-0.9510477781295776,False,-1.2027436224489796,False,-1.4381262063980103,False
CTACTTATGAACATAA-1,0.27841368317604065,False,0.5554909979423868,False,1.2644299268722534,False
CTAGACGATTGAGCTA-1,0.8090914487838745,False,0.7345407196969697,False,2.488532304763794,False
CTAGCAACCAGTGCGG-1,-0.7769902348518372,False,-0.644062274368231,False,-0.6196297407150269,False
CTAGCACGATCACTGT-1,0.11712274700403214,False,0.29234985207100594,False,0.8223737478256226,False
CTAGCACGCCAAGCTT-1,-1.5194932222366333,False,-2.1344077181208054,False,-0.7151610851287842,False
CTAGCATAGAGCGAGC-1,-0.0464186891913414,False,-0.060896388650042994,False,0.5657920837402344,False
CTAGCCGAAGATGGAC-1,2.129213333129883,False,0.7186636904761905,False,-0.4837903678417206,False
CTAGCGCCTAGCTTAA-1,-0.8916670083999634,False,-0.751981862152358,False,-0.8270646333694458,False
CTAGGACGCAAGCATT-1,-2.154154062271118,False,-1.3468501992031874,False,1.385851263999939,False
CTAGGCCAGGAGTACG-1,-0.04283096641302109,False,-0.4124264705882353,False,-0.5688856840133667,False
CTAGTCAGGCGACAGT-1,0.06716765463352203,False,0.14344412976313078,False,1.3045992851257324,False
CTAGTGTTCAGATCCG-1,-0.22448641061782837,False,-0.19339766970618033,False,-0.4642754793167114,False
CTAGTTATGTCCAAGG-1,0.4861854612827301,False,0.40790139116202945,False,0.20092958211898804,False
CTAGTTCTACATGACG-1,-1.4398878812789917,False,-1.9888529411764708,False,0.636957585811615,False
CTAGTTGTCCACGTCA-1,-0.9752644896507263,False,-1.1679761029411764,False,-0.5476073622703552,False
CTAGTTGTGCGTCACT-1,0.854146420955658,False,0.9455646874999999,False,0.856456458568573,False
CTATAACCAGCAGTAT-1,0.9655424952507019,False,1.33690134529148,False,-0.31510570645332336,False
CTATAACTACGCCTGG-1,0.8127670884132385,False,1.1207076923076924,False,-0.3025470972061157,False
CTATAACTCCTGGAGG-1,0.8269771337509155,False,0.6004952978056426,False,-0.43410414457321167,False
CTATACCGACTCGCAT-1,-1.256151556968689,False,-1.7453076036866357,False,-0.9616336822509766,False
CTATAGATCCACAAGC-1,-1.1100620031356812,False,-0.8133291262135921,False,-0.7586911916732788,False
CTATAGGTTGATGCCT-1,-2.4510252475738525,False,-1.904919495213229,False,-0.18481627106666565,False
CTATCCATTAGCTCGA-1,-0.44540444016456604,False,-0.565802561366062,False,-0.22855237126350403,False
CTATCCATTGAGCCAC-1,0.11786945164203644,False,-0.2852628458498023,False,-0.07562679797410965,False
CTATCCGCTGCAATTG-1,-0.0004741623706649989,False,-0.5736132478632479,False,0.14069390296936035,False
CTATCCGTACGTTGGC-1,-0.20096227526664734,False,0.14330864611260052,False,0.44451645016670227,False
CTATCGAATGGTCTGT-1,0.32812631130218506,False,0.4134508017492711,False,1.5517735481262207,False
CTATCGAGATGCCTAC-1,-0.26362255215644836,False,-0.1446255438160348,False,-0.6003149747848511,False
CTATCGATCTGCGTGA-1,0.30736905336380005,False,0.09220179007323027,False,0.3725133240222931,False
CTATCGCAGTCAATGG-1,0.6339440941810608,False,1.0305441176470589,False,0.24110089242458344,False
CTATCGGATATCGGAG-1,-1.7621395587921143,False,-0.7678481192334988,False,0.26353007555007935,False
CTATCGGCTTAACTAG-1,0.16843459010124207,False,0.2425637902559868,False,1.253108024597168,False
CTATCGTATCAGCGTG-1,0.6562379002571106,False,0.5975250410509031,False,0.709411084651947,False
CTATCGTATGGTGATG-1,0.4255683422088623,False,-0.4064966703662597,False,0.03190648555755615,False
CTATCGTTACAACCTT-1,-1.433808445930481,False,-0.8052835346471711,False,-0.569532573223114,False
CTATCGTTATCCGTCG-1,-0.13571399450302124,False,0.06117054574638844,False,0.10700622946023941,False
CTATCGTTCCGCTCGT-1,-0.013482905924320221,False,0.03641368487131199,False,1.0033005475997925,False
CTATGCAACAGAGTCG-1,-0.8689635992050171,False,-0.9378166104553118,False,-0.713575541973114,False
CTATGCACCAATCCAG-1,0.10711485892534256,False,-0.047560897435897434,False,-0.21097536385059357,False
CTATGCAGACCTCGCC-1,0.7377162575721741,False,0.6212273885350319,False,0.6653596758842468,False
CTATGCCACGAGGCTG-1,0.8909118175506592,False,0.978006148686417,False,1.513511300086975,False
CTATGCCATTGGAGAA-1,-0.09335225820541382,False,0.08692441140024783,False,-0.3027445673942566,False
CTATGCCGTACAGCGT-1,-0.0553462989628315,False,-0.053901091703056764,False,1.1302852630615234,False
CTATGCCTATTGATCT-1,-1.3052470684051514,False,-1.2878761089987325,False,-0.427675724029541,False
CTATGGCCAACGCCGG-1,-0.4679207503795624,False,-0.6730859538784068,False,-0.5662825703620911,False
CTATGTAGCGCAGATA-1,0.4942570924758911,False,-0.04223388581952118,False,-0.6235619783401489,False
CTATGTAGGCCGAACG-1,0.30486127734184265,False,0.5772882483370289,False,0.8330273032188416,False
CTATGTCAGGAACCTC-1,0.6114025115966797,False,0.39616437414030264,False,0.7326415181159973,False
CTATGTGCCTGGTAGG-1,0.8262214660644531,False,0.7952058823529412,False,0.8559548258781433,False
CTATGTGCCTTCAGGT-1,0.6734715700149536,False,0.6519483282674772,False,0.3296142518520355,False
CTATGTGCGGTTGACT-1,-0.3151344656944275,False,0.23427115775220042,False,0.08300593495368958,False
CTATTAAGCCAGCACT-1,-0.19506721198558807,False,0.1335990356083086,False,0.5584303736686707,False
CTATTACCGTCATATT-1,-0.06432594358921051,False,0.2346800486618005,False,1.4121989011764526,False
CTATTAGACTAAGTGG-1,-1.0861237049102783,False,-1.0473465723612623,False,-0.5361560583114624,False
CTATTAGCGGCTTCGT-1,-0.8589843511581421,False,-0.49777510917030565,False,-2.256723642349243,False
CTATTAGCTTCCATTC-1,0.36692994832992554,False,0.25883030913978494,False,-0.4419719874858856,False
CTATTAGTACTGGCTC-1,0.6778086423873901,False,0.5026165458937197,False,0.44180789589881897,False
CTATTATGAGATACGA-1,-0.3777872622013092,False,-0.17238742393509127,False,0.4178241193294525,False
CTATTATGGCACCTCG-1,0.7453129887580872,False,0.7537153121902874,False,0.9252988696098328,False
CTATTCCGGCCGTCGG-1,0.13928720355033875,False,-0.3193512569832402,False,-0.48433685302734375,False
CTATTCGTCTTACATA-1,0.14083224534988403,False,0.07494444444444445,False,0.8631784915924072,False
CTATTCTGTAGGACCT-1,-0.35844263434410095,False,-0.34933059701492536,False,-0.040534231811761856,False
CTCAAGAAGCACTGTA-1,0.3265018165111542,False,0.09197727272727271,False,0.09562195092439651,False
CTCAATACAGTATTCT-1,0.8104643225669861,False,1.0299042443064181,False,0.5147517323493958,False
CTCAATACGTTAACCG-1,-0.6413522362709045,False,-0.5563818181818182,False,-0.6810188293457031,False
CTCAATGACCATTAAG-1,0.8460898995399475,False,0.7049452195322117,False,0.7680234313011169,False
CTCAATGACCGTGGTA-1,-0.031699713319540024,False,-0.12350000000000001,False,-0.8485201597213745,False
CTCACCAGGAATTGAC-1,-0.38287460803985596,False,-0.20742609637249593,False,-0.6364229321479797,False
CTCACCAGTGTAAGTT-1,0.5257624983787537,False,0.5057887468030691,False,0.704032838344574,False
CTCACCGTGACTCGGA-1,-0.24563303589820862,False,-0.18023829201101926,False,-1.1250481605529785,False
CTCACCTGAGACTAAG-1,-0.8285725116729736,False,-0.7612777777777778,False,-0.5803976655006409,False
CTCACCTGCCGACTAA-1,1.8348331451416016,False,1.4175517241379312,False,0.7592301964759827,False
CTCACCTGGCTTAGGT-1,-0.9971799254417419,False,-0.5105762756443977,False,-0.7109472155570984,False
CTCACCTTAATAAGAT-1,-0.4591560363769531,False,-0.35465906362545013,False,-1.161286473274231,False
CTCACCTTCGGCGTCT-1,0.40398716926574707,False,0.5215508253692441,False,0.37988221645355225,False
CTCACCTTCTGAAGTA-1,-0.5640917420387268,False,-0.6011954777534646,False,-0.36609411239624023,False
CTCACCTTGGAAGAAC-1,-0.7563987970352173,False,-0.9679265536723164,False,-0.2819799482822418,False
CTCACGAGTAGATGAG-1,-0.1633773297071457,False,-0.283080310880829,False,-0.010670710355043411,False
CTCACGATCTCCGGAG-1,-1.3971976041793823,False,-1.338780303030303,False,0.13294066488742828,False
CTCACGTATTCAAGCG-1,0.3763602674007416,False,0.4169759905977166,False,0.09908776730298996,False
CTCACGTGAACGTATT-1,1.0574438571929932,False,0.8931126482213438,False,1.9161443710327148,False
CTCACGTTCGGTCTGC-1,-0.5174728035926819,False,-0.7086388036809816,False,-0.7131931185722351,False
CTCAGAAGACAACTCG-1,-1.2763264179229736,False,-0.9129042367962855,False,-0.4909829795360565,False
CTCAGGATACGCGGCA-1,0.534217357635498,False,0.14248991507431,False,-0.4627252221107483,False
CTCAGGCACGTCAGAC-1,0.09296001493930817,False,0.18822486512996567,False,0.5153607130050659,False
CTCAGGTCACTACAGC-1,-1.801938533782959,False,-1.1401349431818182,False,-0.9060739874839783,False
CTCAGGTCGTGCTCGC-1,0.7726390361785889,False,1.0668774038461537,False,0.1926010251045227,False
CTCATAATAGCACCGT-1,0.05202799662947655,False,0.4345509795191451,False,0.26542890071868896,False
CTCATAGCCAATGTCG-1,0.6459539532661438,False,0.8017352272727273,False,-0.23120266199111938,False
CTCATATGATAACTAT-1,0.013853943906724453,False,-0.02070076726342711,False,0.956950306892395,False
CTCATATGTAACCGTG-1,0.42264771461486816,False,0.3933443204868154,False,-0.010144966654479504,False
CTCATATGTCCGTGAC-1,-1.768531084060669,False,-1.7268491792065663,False,0.18287287652492523,False
CTCATATTACTATGGT-1,0.26582545042037964,False,0.609225806451613,False,-0.12237277626991272,False
CTCATCCTCGGCAAGT-1,0.6029661297798157,False,0.5908752039151713,False,0.006885450333356857,False
CTCATCCTGGCAAGTC-1,0.18553908169269562,False,0.17281307189542483,False,-0.0713450163602829,False
CTCATCTATTCGATAC-1,-0.19014441967010498,False,0.104571036889332,False,-0.44653695821762085,False
CTCCAACCTTAGCCGG-1,1.2901259660720825,False,0.9247283349561831,False,1.453294038772583,False
CTCCAAGCGTCCTTCA-1,-0.6925474405288696,False,-0.8340944498539435,False,-0.23841995000839233,False
CTCCAATGGTCGCAGA-1,-0.46927592158317566,False,-0.3703561926605504,False,0.5656676292419434,False
CTCCACGCTAGCTAGA-1,-0.2586054503917694,False,-0.28675670391061453,False,0.0915389209985733,False
CTCCACTGGCTAATGG-1,-0.14146576821804047,False,-0.14046288659793815,False,0.5271457433700562,False
CTCCAGAATATTACAT-1,-5.576117515563965,True,-5.521177477477477,True,-2.2976434230804443,False
CTCCATGGCGACCAGT-1,-0.2164684683084488,False,-1.2586081573197379,False,-2.160390615463257,False
CTCCGGATCCTCGCTC-1,0.3138817548751831,False,0.2867153605015674,False,0.7705420255661011,False
CTCCGGCCTACAGCTT-1,0.8588855266571045,False,0.8119818181818181,False,1.429080843925476,False
CTCCGGTTATGGCACG-1,0.59236741065979,False,0.5607227685325264,False,0.765992283821106,False
CTCCGGTTCAGCGGAT-1,0.5232160091400146,False,0.41847591522157995,False,0.718755304813385,False
CTCCGTAAGGTCTGTT-1,-0.8693469166755676,False,-0.5818891418563923,False,-0.3273716866970062,False
CTCCTACATTGTATCT-1,-0.21787004172801971,False,-0.11489165701042874,False,-0.41229042410850525,False
CTCCTACCTCGTGGTA-1,-0.19423267245292664,False,-0.13077304015296368,False,0.19671252369880676,False
CTCCTACTTGAGTAAG-1,-0.3117123544216156,False,-0.39700811981234213,False,-0.4384801387786865,False
CTCCTGTCGAAGCCAA-1,-0.18316295742988586,False,-0.1744684405940594,False,0.4686736762523651,False
CTCCTTATCTTAAGAC-1,0.09993872791528702,False,-0.029397094430992737,False,0.5065895318984985,False
CTCCTTATGGAACCTT-1,0.3483453094959259,False,0.30387834691501747,False,0.2542145252227783,False
CTCGACAGCACTCGGA-1,1.9410003423690796,False,2.1841467522052924,False,1.7887864112854004,False
CTCGACATAATTCTAT-1,-1.4313949346542358,False,-1.1991428269149387,False,-0.9216575622558594,False
CTCGACTCCTAATGGA-1,0.031820110976696014,False,0.5653633952254642,False,0.7180740833282471,False
CTCGATGCGGTGTTAA-1,0.6728558540344238,False,0.9005292553191488,False,4.2336554527282715,True
CTCGATGTTGAACGGC-1,0.8600149154663086,False,0.8267633663366336,False,0.4417402148246765,False
CTCGATGTTGCTATGT-1,-0.7051872611045837,False,-0.4338193832599119,False,-0.5150301456451416,False
CTCGCATACTCAACTC-1,0.6148008704185486,False,1.0071301369863015,False,-1.1641234159469604,False
CTCGCTAGCACCATCT-1,-0.6599518656730652,False,-0.1996579822616408,False,-0.3276039659976959,False
CTCGCTGTTCATAGAT-1,-0.07485328614711761,False,-0.1388524840764331,False,0.03686397522687912,False
CTCGGAAGGCCAATAA-1,-0.37832367420196533,False,-0.2946735880398671,False,0.05110444128513336,False
CTCGGAATTCTTGATA-1,-0.5873541235923767,False,-0.20134328358208956,False,0.4072163701057434,False
CTCGGACTAACGTGGC-1,-1.1106644868850708,False,-0.8687799113737075,False,0.046103741973638535,False
CTCGGAGTCTTAAGGA-1,0.3372150659561157,False,0.3230200421940928,False,0.29377636313438416,False
CTCGGATCGGAATACG-1,-2.3778390884399414,False,-2.1497851959361394,False,-0.7432836294174194,False
CTCGGTCTCCAACTGC-1,-0.06967863440513611,False,-0.47087735849056606,False,0.4486602544784546,False
CTCGTCGCGATTAATT-1,-1.2277196645736694,False,-1.198872813990461,False,-5.078678131103516,False
CTCGTGTCTTGGCCGC-1,-0.24369925260543823,False,-0.12790105601469237,False,-0.43285757303237915,False
CTCGTTCTGTCACGTT-1,-0.33988162875175476,False,0.2562438725490196,False,0.16347546875476837,False
CTCGTTGCACCTTAGG-1,0.62940913438797,False,0.027652331189710607,False,-0.13984252512454987,False
CTGAAGCGGTTGCCAA-1,1.2206133604049683,False,1.4532358953393294,False,0.22652606666088104,False
CTGAAGGAGCCTCACT-1,0.5616009831428528,False,0.2409917864476386,False,-0.07374204695224762,False
CTGAAGGATCTGTACG-1,0.21166115999221802,False,-0.009878763222131815,False,0.5975440740585327,False
CTGAAGGTGCTCGAGG-1,0.4032537341117859,False,0.4647766907698852,False,0.12126702070236206,False
CTGAAGTGCTATGGCG-1,-0.7587057948112488,False,-0.7368731182795699,False,1.9442602396011353,False
CTGAAGTGCTGAACTG-1,1.2544797658920288,False,0.9416886213408876,False,0.8089354634284973,False
CTGAAGTTGCAGACAT-1,-0.7435349225997925,False,-0.3681208981001727,False,-0.40041404962539673,False
CTGAAGTTGGATCGGC-1,-0.3161836266517639,False,-0.0661590909090909,False,-0.5298557281494141,False
CTGAATACCAGCAACG-1,-0.14758436381816864,False,-0.009504183179216204,False,0.7874813675880432,False
CTGAATTCGCGTAAGG-1,1.1142126321792603,False,1.1539854111405836,False,-0.29727834463119507,False
CTGACCGCCAATTAGG-1,0.1346447616815567,False,-0.2313535,False,-0.27970823645591736,False
CTGACGTATCCGCCAC-1,0.2876245677471161,False,0.0687080344332855,False,0.9339039921760559,False
CTGACTCCGAATCTGC-1,0.6666175127029419,False,1.1921623786407767,False,2.622272253036499,False
CTGACTCGAATTCGTG-1,-1.6234022378921509,False,-1.2595344603381013,False,0.043758634477853775,False
CTGACTGATTAGGCTG-1,-1.1429874897003174,False,-0.9582533770744885,False,-1.1637210845947266,False
CTGACTGTGGCCGGTT-1,0.0732000470161438,False,0.5460238095238095,False,1.0984050035476685,False
CTGAGGTTCAGGCCAA-1,0.029235707595944405,False,-0.05476413155190134,False,0.2926967442035675,False
CTGATATTAGTAATCG-1,1.8060680627822876,False,1.839304518664047,False,0.11204813420772552,False
CTGATCCAACGCACAA-1,0.2798704504966736,False,0.148810551558753,False,-0.5193120241165161,False
CTGATGCCAATGCTTC-1,-2.2905659675598145,False,-2.285896951219512,False,-1.124770164489746,False
CTGATTAACAGCGGCC-1,-0.22266338765621185,False,-0.4371278846153846,False,1.2027465105056763,False
CTGATTAACGCAAGAA-1,-1.2698512077331543,False,-0.9713653411658382,False,-1.6209369897842407,False
CTGATTACAATGTCCA-1,-0.7879751920700073,False,-0.7579089035449299,False,-0.005976038984954357,False
CTGATTAGGTGCCGAA-1,0.44777151942253113,False,0.7589159509202453,False,0.15465818345546722,False
CTGCACTACACTCATT-1,0.29233410954475403,False,0.02228078078078078,False,0.21083654463291168,False
CTGCATAATGGACCGC-1,-1.755773901939392,False,-1.6342584501236603,False,-0.08978373557329178,False
CTGCCACGTGTTAATA-1,-1.1201186180114746,False,-0.7351693121693121,False,-0.020212404429912567,False
CTGCCGATTGCGATGT-1,0.8824279308319092,False,0.6399102564102565,False,0.35976240038871765,False
CTGCCGCTTCGGCTGC-1,-0.2650372087955475,False,0.015558915211970073,False,-0.1393495500087738,False
CTGCCGTGAAGTCGCA-1,-0.23849797248840332,False,-0.12847619047619047,False,-0.06788234412670135,False
CTGCCTAGTGAATAAG-1,0.06693577021360397,False,0.020704297407912686,False,-0.14588399231433868,False
CTGCCTCCAACACCAG-1,0.9722648859024048,False,0.5964730077120822,False,2.8020644187927246,False
CTGCCTGACACGGATT-1,0.6937981843948364,False,0.9306689895470384,False,0.5517699718475342,False
CTGCCTGTGAGCCAGG-1,1.2420188188552856,False,0.7225370778267254,False,1.5148264169692993,False
CTGCGGAAGCAGGCAC-1,0.29971185326576233,False,0.0316410546748625,False,-0.30478501319885254,False
CTGCGGCATGTAAGTA-1,0.4370517432689667,False,0.41105025445292614,False,0.3518097698688507,False
CTGCTCATTAGAGTGC-1,-1.4127575159072876,False,-0.894445652173913,False,-0.4857109487056732,False
CTGCTTACTGTCGCGA-1,1.4252510070800781,False,1.0787432279909706,False,0.9282153844833374,False
CTGGAACAATAGACAG-1,0.4816180169582367,False,0.5567301587301587,False,-0.051081642508506775,False
CTGGAATAGGAATTAG-1,0.40004798769950867,False,0.6218507096069869,False,0.10792847722768784,False
CTGGAATAGTGCAAGT-1,-1.5927491188049316,False,-1.4879168734491315,False,-0.5629847049713135,False
CTGGAATGGATAGTTC-1,-0.2270004153251648,False,0.09754900095147478,False,-0.34318551421165466,False
CTGGAATGGATCAGCA-1,1.132812261581421,False,0.9815447816432272,False,1.0889644622802734,False
CTGGAATTCGGCGAAC-1,1.2186973094940186,False,1.2607374798061388,False,-0.8298812508583069,False
CTGGCACTTCTGCGTC-1,-0.5351747870445251,False,-0.5351527472527472,False,-0.3153558671474457,False
CTGGCCTGGAACAATT-1,-0.35951748490333557,False,-0.2828092243186583,False,-0.24290616810321808,False
CTGGCCTTACCACTTA-1,-1.5470120906829834,False,-1.2332442244224422,False,-0.9036720991134644,False
CTGGCCTTGCATTCGG-1,0.9407314658164978,False,1.4139883211678832,False,1.514380693435669,False
CTGGCGCACTTACTGA-1,-0.394247442483902,False,-0.532780410742496,False,0.09209734946489334,False
CTGGCGCATATCCGTG-1,-0.49262648820877075,False,-0.4418560794044665,False,-0.16884654760360718,False
CTGGCGGACAACGCAC-1,0.7496691942214966,False,1.1365325,False,0.3704754114151001,False
CTGGCTGGACGCTTGG-1,-0.3873821496963501,False,-0.41889477557027227,False,-0.160851389169693,False
CTGGTAATGAGCTCGT-1,-0.25188499689102173,False,-0.46758167330677286,False,-0.38127726316452026,False
CTGGTAATTAATCTGG-1,-0.6691705584526062,False,-0.6676622013034033,False,0.7454836964607239,False
CTGGTACTCGAAGTGG-1,-0.29872822761535645,False,-0.24863262764632627,False,-0.3680327534675598,False
CTGGTGAGGTCTCGTC-1,-0.5870171785354614,False,-0.31059450171821307,False,0.7791882753372192,False
CTGGTGATCCTGAAGG-1,-1.1539160013198853,False,-0.6001939239068711,False,-0.23518380522727966,False
CTGGTGATCGCCGTAG-1,-0.8370000123977661,False,-0.6369490546218488,False,-0.018422506749629974,False
CTGGTGCGAGAAGCTT-1,-0.1880468875169754,False,-0.25200743405275783,False,-0.7255054116249084,False
CTGGTGCGTTCACGAG-1,0.8701844215393066,False,-0.45103343465045587,False,-0.7330049872398376,False
CTGGTGCTACAGTATT-1,1.1621394157409668,False,1.007036213468869,False,1.651185393333435,False
CTGGTGCTTATGACCA-1,-1.138803482055664,False,-0.7708571428571429,False,-1.4483283758163452,False
CTGGTGGCCAATAAGT-1,-0.24028941988945007,False,-0.03913270899954317,False,2.3099119663238525,False
CTGGTGGCCTTCCGAC-1,0.8421244621276855,False,0.6306451465201465,False,0.3180044889450073,False
CTGGTTGCGTTAATTG-1,0.26909640431404114,False,0.33360799136069114,False,0.08138260990381241,False
CTGGTTGGACATCACC-1,-1.4954437017440796,False,-0.8160694962686568,False,-0.5861687064170837,False
CTGGTTGGCTTGTTAC-1,-0.2161228507757187,False,-0.26806037514654163,False,0.6482263207435608,False
CTGTATCGAAGTGGAT-1,0.5923333168029785,False,0.7221849385245901,False,-0.154008686542511,False
CTGTATCGGAAGCTCC-1,-1.6990997791290283,False,-1.3377395659432387,False,-0.6918531656265259,False
CTGTATCTTCGCCATA-1,0.40127646923065186,False,0.6134634818557648,False,-0.04061632230877876,False
CTGTATGGCTCAACAT-1,-0.01912236027419567,False,-0.54803125,False,1.4230997562408447,False
CTGTCACTATGTGCAT-1,0.5575281977653503,False,0.8370484234234234,False,0.9463984370231628,False
CTGTCACTCGGCCTTA-1,-0.06626372039318085,False,0.14237905544147844,False,0.6927937269210815,False
CTGTCAGATCGATGCG-1,0.9028211236000061,False,0.9666015274034141,False,0.5081956386566162,False
CTGTCAGGCTTCCTAA-1,-0.10608154535293579,False,-0.24438405797101448,False,0.5913286209106445,False
CTGTCAGGTGGATCGT-1,-0.03616315871477127,False,-0.19290835850956697,False,0.11004555970430374,False
CTGTCTATCCACATCT-1,0.534070611000061,False,0.434736328125,False,0.734176754951477,False
CTGTGCAGATGATAAT-1,0.7415058612823486,False,0.7769992350841408,False,1.3964375257492065,False
CTGTGCGTGAGCCGTC-1,0.7737260460853577,False,0.3100186335403727,False,-0.4191902279853821,False
CTGTGGCTTGTCAGCT-1,-0.18431006371974945,False,-0.06543846734616836,False,-1.0149527788162231,False
CTGTGGTAAGCTAATA-1,0.010500972159206867,False,-0.0940772104607721,False,0.20619703829288483,False
CTGTTCCAGAAGCTGA-1,0.7373315691947937,False,2.1612702127659573,False,9.936196327209473,True
CTGTTCGTATGCACCA-1,-1.0335568189620972,False,-0.39436200428724544,False,-0.3667331039905548,False
CTGTTCTGCTCAGGAC-1,0.7924273610115051,False,0.19990391829929138,False,-0.7197837829589844,False
CTGTTGCTACTCACAG-1,0.919021725654602,False,0.518346757852077,False,-0.8264467716217041,False
CTTAATACGGCTAGCA-1,0.21056503057479858,False,0.3945860612460401,False,0.24423009157180786,False
CTTACGAACTCCGTCC-1,0.24652458727359772,False,0.30009655465759255,False,0.862748920917511,False
CTTACGACAACGATAC-1,0.7743895649909973,False,0.7688846623892452,False,0.684729814529419,False
CTTACGCAACTCAACG-1,0.022925077006220818,False,0.16727599999999998,False,-0.4464212656021118,False
CTTACGCCATGCACAG-1,0.5636553168296814,False,0.7506755646817249,False,1.611879587173462,False
CTTACGCTACGTAAGC-1,-0.44182348251342773,False,-0.9521481888035127,False,-1.0435333251953125,False
CTTACGGTAAGCCGAA-1,0.011220530606806278,False,0.1927142857142857,False,-0.46239152550697327,False
CTTACGTCATCCTTAT-1,-1.0933905839920044,False,-1.5209313725490194,False,-1.0245133638381958,False
CTTAGCAACTAGGACC-1,0.24568578600883484,False,0.13829676258992807,False,0.5081732273101807,False
CTTAGCAAGGACAGCC-1,-1.529433250427246,False,-1.1228754486719312,False,-0.2513936460018158,False
CTTAGCACGACAGAAC-1,0.1773357391357422,False,0.34215545454545454,False,-0.3505353629589081,False
CTTAGCCTAATGGTAA-1,1.524665355682373,False,0.830815977539561,False,-1.3585759401321411,False
CTTAGCCTGTAAGACA-1,0.17499253153800964,False,0.22112565963060685,False,0.4539097547531128,False
CTTAGCGTAGCGTGCG-1,0.09421724826097488,False,0.3610763928776565,False,0.8419127464294434,False
CTTAGCTACCATCTCA-1,0.3479645848274231,False,0.1269220430107527,False,0.7287793159484863,False
CTTAGCTACGCAAGGT-1,-0.010227935388684273,False,0.36003481175863844,False,0.9483337998390198,False
CTTAGCTATCCTTGCG-1,-1.545161485671997,False,-1.5399855694227769,False,-0.7040571570396423,False
CTTAGCTTAGTTCTCG-1,1.5029367208480835,False,1.1415050293378037,False,0.500046968460083,False
CTTAGCTTCGCTGACC-1,-1.1042858362197876,False,-0.7571170018281536,False,-0.598291277885437,False
CTTAGTAAGCCTTAGG-1,0.5370909571647644,False,0.43161010362694296,False,-0.1300227791070938,False
CTTAGTAAGCGTGGCA-1,-3.0189692974090576,True,-3.9422104228121926,True,-1.8381513357162476,False
CTTAGTAATGCAACGA-1,-1.73308527469635,False,-1.1112198033707865,False,-0.975409984588623,False
CTTAGTCCTCATAAGT-1,0.8592440485954285,False,0.8292969817767654,False,0.9699647426605225,False
CTTAGTCTATCGAGAC-1,-1.0961148738861084,False,-0.43990783540022543,False,-0.10205139219760895,False
CTTAGTCTCGACAACT-1,-0.31878188252449036,False,0.02667841788478074,False,-0.18171285092830658,False
CTTAGTCTTATTCGGA-1,-0.6819519400596619,False,-0.5930714285714286,False,0.12833522260189056,False
CTTAGTGCGACCTATT-1,0.8169977068901062,False,1.0320662650602408,False,3.0059447288513184,True
CTTAGTGCGTTGACGC-1,-0.7304766774177551,False,-0.6387911764705883,False,-0.005729911383241415,False
CTTAGTGGCTAAGACG-1,0.6334127187728882,False,-0.593828903654485,False,-0.29834896326065063,False
CTTAGTGGTACACGAC-1,0.22819995880126953,False,0.08703225806451613,False,0.21121232211589813,False
CTTAGTTGAATCACCT-1,0.10752126574516296,False,0.22716724336793542,False,1.5793712139129639,False
CTTAGTTGCTCGTTGT-1,-0.9603883028030396,False,-1.0484376422394175,False,-0.9983811974525452,False
CTTAGTTGGAGCGACC-1,-0.22136925160884857,False,0.22127161716171617,False,0.17894095182418823,False
CTTATTCACTAGCTGG-1,-0.5445629358291626,False,-0.4317571486928104,False,0.4321058392524719,False
CTTATTGAGTTCTGTA-1,-0.6974644064903259,False,-0.6426630076838639,False,0.5302751064300537,False
CTTCAAGACGCAAGTG-1,-0.8165675401687622,False,-0.40518817852834743,False,0.158657968044281,False
CTTCAAGTAACAGCTT-1,0.13545356690883636,False,0.5016743772241993,False,1.6311360597610474,False
CTTCAAGTCGACCTTC-1,0.43559548258781433,False,0.30339308996088654,False,0.7647541761398315,False
CTTCATGCCTAGACGG-1,1.0332845449447632,False,0.8492642597087378,False,0.1357993334531784,False
CTTCATTGGATACCAC-1,-1.1969494819641113,False,-0.8945463598901099,False,-1.1150991916656494,False
CTTCCAATTGAAGATT-1,-1.1072226762771606,False,-0.654786012526096,False,1.1817599534988403,False
CTTCCACGATCCTGTA-1,-0.09261330962181091,False,0.01206121045392022,False,0.12273991852998734,False
CTTCCACGCCTTCCTG-1,0.7497294545173645,False,0.7287771247739603,False,0.8511425256729126,False
CTTCCATAACCTTACG-1,-0.38547617197036743,False,-0.35395848325491286,False,0.12727630138397217,False
CTTCCGACGCACAACC-1,-0.30251526832580566,False,-0.176460101010101,False,0.716397762298584,False
CTTCCGTCGCTGCATC-1,-0.34408169984817505,False,0.3765818858560794,False,0.6245139837265015,False
CTTCGACCAAGCCGAG-1,0.30165600776672363,False,0.45107798165137614,False,-0.08672155439853668,False
CTTCGACTCCAGACTG-1,0.5539658665657043,False,0.5138829715061058,False,0.6741485595703125,False
CTTCGAGCTGCAGCCT-1,0.05088639259338379,False,-0.49249784133837016,False,-0.3291894793510437,False
CTTCGAGTGATGGAAT-1,-0.1144893616437912,False,-0.21785857664233577,False,-0.409986287355423,False
CTTCGATAACATTGGT-1,-0.454041063785553,False,-0.3753266129032258,False,-0.3995085656642914,False
CTTCGATACAGTCTCC-1,-0.9880468249320984,False,-0.9995104940970703,False,0.2259417623281479,False
CTTCGATACTCCGACC-1,0.552371084690094,False,0.9867139737991265,False,2.7341747283935547,False
CTTCGATATGTAGGAG-1,-0.38913238048553467,False,-0.3560983033932136,False,-0.8036376237869263,False
CTTCGATGGACGTACC-1,-0.06773222237825394,False,-0.011191924778761062,False,-0.13003726303577423,False
CTTCGCCGCAACATTA-1,-0.5623082518577576,False,-0.6679830917874395,False,-1.4120113849639893,False
CTTCGGCTCACTACCT-1,0.8297668099403381,False,0.5051343338213763,False,-0.1063491627573967,False
CTTCGTATTAATACGG-1,-0.2591678202152252,False,-0.5558147459727386,False,-0.4733754098415375,False
CTTCGTCAAGACTCGT-1,0.820468008518219,False,1.7002158742331286,False,2.4949300289154053,False
CTTCGTCACCAAGAGG-1,0.36883309483528137,False,0.26007073509015255,False,-0.17022868990898132,False
CTTCTACTCAAGTCGT-1,-0.025718843564391136,False,0.12495127304653204,False,0.8645949959754944,False
CTTCTGAGCCAGGAAC-1,0.624571681022644,False,-0.029134162303664918,False,-0.016985973343253136,False
CTTCTGAGGTCGCATA-1,-0.09686475992202759,False,-0.030659090909090907,False,1.1335214376449585,False
CTTCTGTACGGACATC-1,0.3886471688747406,False,0.5880796875,False,0.49053171277046204,False
CTTGAACCGAGTTAAT-1,1.1170672178268433,False,0.7320732155997056,False,0.47662073373794556,False
CTTGAACTTAGAGGAA-1,-0.16795124113559723,False,0.64206135986733,False,0.18374864757061005,False
CTTGAGCCTTGTTCCA-1,1.0530041456222534,False,0.9180938722294655,False,-0.7672762870788574,False
CTTGAGTCCAAGGCTG-1,-0.17690233886241913,False,-0.06809413369713506,False,0.2349119782447815,False
CTTGAGTCTTACAGTG-1,0.528670608997345,False,0.5220815217391304,False,0.06634478271007538,False
CTTGATGCAATCACAA-1,-0.6710573434829712,False,-0.5401143946615825,False,-0.7773782014846802,False
CTTGCCGGAAGACGCA-1,-0.590552568435669,False,-0.5980132297354053,False,-0.5102202296257019,False
CTTGCGTAACAGCAGT-1,-0.13885866105556488,False,0.01151760939167556,False,-0.5693053603172302,False
CTTGGAACTCCACGCC-1,-0.4093043804168701,False,-0.4345104910714286,False,-0.787550687789917,False
CTTGGACATTACAGGA-1,0.9546976089477539,False,0.7844277367773678,False,0.967562735080719,False
CTTGGACTTGTCTGTC-1,-0.6816803812980652,False,-0.5397104832104832,False,-0.5499117374420166,False
CTTGGAGGCCACCTGC-1,0.43579569458961487,False,0.6262570187165776,False,1.7778462171554565,False
CTTGGATCAACCGTAT-1,-0.17433631420135498,False,-0.32020151654411766,False,-0.5404301881790161,False
CTTGGTGCAGCCTCCA-1,0.2294573187828064,False,-0.06805948795180723,False,0.0008269366808235645,False
CTTGGTTAGAGTCATC-1,0.6230257749557495,False,0.6688570374015749,False,0.003759875660762191,False
CTTGTAAGCGCTTCAT-1,-1.3283214569091797,False,-1.1962555715312724,False,0.4565121829509735,False
CTTGTATCGTATGATT-1,0.4137777090072632,False,0.5656341548073585,False,1.0992093086242676,False
CTTGTCAGTTCGGTAA-1,-0.8087344765663147,False,-0.8457192307692307,False,-1.4194709062576294,False
GAACAAGGTCGAGCAA-1,-0.3123740255832672,False,-0.2028048393494645,False,-0.21749891340732574,False
GAACAGATAACCTTAA-1,-1.291473150253296,False,-0.8366974117647059,False,-0.6272914409637451,False
GAACAGCCATGTTGCA-1,-0.5405555367469788,False,0.02415776009096077,False,0.34261858463287354,False
GAACATTCGACACGTA-1,0.391510546207428,False,0.13196739130434781,False,-0.31888440251350403,False
GAACCGAACGAAGACT-1,0.5660411715507507,False,0.37483823529411764,False,0.6555747389793396,False
GAACCTTAGTTGATTA-1,-0.4951443672180176,False,-0.20229170267934313,False,-0.5504297614097595,False
GAACGCCACGGTGGTT-1,0.9627505540847778,False,0.9465622241835834,False,0.6962984800338745,False
GAACGCCAGTGCATAC-1,-1.8708267211914062,False,-1.1378452451269936,False,-0.8930318355560303,False
GAACGCTAGAAGGCTA-1,-0.2587679922580719,False,-0.30914583333333334,False,-0.011105842888355255,False
GAACGCTTAGAACGTC-1,-0.6095951795578003,False,-1.0212005604483587,False,0.43652456998825073,False
GAACTAACATGTATCC-1,0.5632767081260681,False,0.8740809450038729,False,2.240304470062256,False
GAACTAACTCTACGTG-1,0.5950534343719482,False,0.5495925925925926,False,0.3479897975921631,False
GAACTACAAGTAGGAG-1,0.18650691211223602,False,0.23895330112721413,False,1.14276123046875,False
GAACTACCTTATCATA-1,-1.1364666223526,False,-1.1352353846153846,False,-0.2591129243373871,False
GAACTATCGTCTCGTC-1,0.6488591432571411,False,0.5453404255319149,False,0.8301567435264587,False
GAACTCATAGTGAGTG-1,-0.14563360810279846,False,-0.18335207423580788,False,-0.5203186869621277,False
GAACTCCTCATACATA-1,-1.3911330699920654,False,-1.0963043602983362,False,0.1829003393650055,False
GAACTCCTGGAGGCTC-1,0.022778423503041267,False,0.13315183585313173,False,0.19787254929542542,False
GAACTGTAACTCAGGC-1,0.5087615847587585,False,1.0139375675675675,False,0.7089297771453857,False
GAACTTGGTGAGGATA-1,-0.4607723355293274,False,-0.6632922960725075,False,-0.39155450463294983,False
GAAGCGAGAACATGGA-1,0.7185800671577454,False,0.8117749999999999,False,0.19836533069610596,False
GAAGCGATTGCCGAAT-1,-0.6635319590568542,False,-0.45551078960274644,False,0.5627835392951965,False
GAAGCGGCTGATCAGT-1,-1.4218238592147827,False,-1.913981881533101,False,-0.7827672362327576,False
GAAGCGTATCATCGTT-1,0.04143340140581131,False,-0.11995481049562681,False,0.09404879063367844,False
GAAGCGTCAGTAAGTC-1,-0.5674371123313904,False,0.05475215889464594,False,0.7445876598358154,False
GAAGCGTCCATAGTTG-1,-0.1601434201002121,False,-0.07010619754680439,False,-0.21072198450565338,False
GAAGCTGTTCTACATC-1,0.05082469433546066,False,0.07634408602150539,False,1.215025544166565,False
GAAGCTTGACGCTTAA-1,-0.9164921045303345,False,-0.9672712854757929,False,-0.7494596242904663,False
GAAGGATGGTATACGT-1,-0.6800631880760193,False,-0.1572923076923077,False,0.07277261465787888,False
GAAGTAAGTTCCTCGA-1,-1.004317045211792,False,-1.3741324269889226,False,-0.7996735572814941,False
GAAGTAGCTGAGTCTA-1,-0.12397784739732742,False,-0.024289473684210524,False,0.4586140513420105,False
GAAGTCCAATCGTGTT-1,0.10259810835123062,False,0.3365574948665298,False,0.5910099744796753,False
GAATAAGGAGAACTAA-1,0.7156720161437988,False,0.970288339670469,False,2.3006982803344727,False
GAATACAGACGAACTG-1,0.883906364440918,False,0.7097022367194781,False,1.032461404800415,False
GAATACCTGCCACGGC-1,-0.670577883720398,False,-0.7841223709369025,False,-0.9049366116523743,False
GAATACTAAGGCGAAT-1,0.5232445597648621,False,0.5671125,False,1.2825541496276855,False
GAATCAATTACCGACC-1,-1.2738627195358276,False,-1.362682569496619,False,-0.9468052983283997,False
GAATCACCAGTGATAC-1,0.0934206172823906,False,0.17803326180257512,False,-0.1345992237329483,False
GAATCATAGTCTGAAG-1,1.2091999053955078,False,0.9882209302325582,False,1.2792341709136963,False
GAATCATGAACCAGTG-1,0.5612837076187134,False,0.6529629898403484,False,0.46572065353393555,False
GAATGACAACAGAATA-1,1.4760864973068237,False,1.7792734597156397,False,2.0656051635742188,False
GAATGACAACTAGTCA-1,0.40586429834365845,False,0.04398913043478261,False,0.37890923023223877,False
GAATGACACGACTAGG-1,0.7461773753166199,False,0.8645492653414002,False,0.9603394269943237,False
GAATGACCACAATCGA-1,1.8717671632766724,False,1.221579948420374,False,0.1972113400697708,False
GAATGACCACGTGCAG-1,2.035979986190796,False,1.859968163265306,False,2.187932014465332,False
GAATGAGTATAGACCA-1,-0.06330282241106033,False,0.02858627648839556,False,-0.5766320824623108,False
GAATGGCCAAGGAGGC-1,0.41531965136528015,False,-0.20332190201729108,False,-0.5167602300643921,False
GAATGTATTGGATCAA-1,0.5079082250595093,False,1.0234240384615383,False,-0.9677993059158325,False
GAATGTCAGAATTCTG-1,-0.5470572113990784,False,-0.6918932499051953,False,-0.6432533860206604,False
GAATTAACCTTCAATT-1,-1.0655410289764404,False,-0.36242573872472783,False,-0.12417858093976974,False
GAATTCACAACTGCAG-1,-1.240275502204895,False,-0.9556089820359281,False,0.2413194179534912,False
GACAACATCATGCCGC-1,1.6169722080230713,False,1.098845631067961,False,-0.9153979420661926,False
GACAACCTAGGAGTCT-1,-1.9061346054077148,False,-1.2990081065431385,False,-0.7130172252655029,False
GACAACGGACTCAGCT-1,-0.5105100274085999,False,-0.378628121606949,False,-0.61521977186203,False
GACAACGGCGATGTTA-1,-1.0143580436706543,False,-1.812008424908425,False,-0.5801675319671631,False
GACAACTTAACCAACC-1,-1.428408145904541,False,-1.064884081632653,False,-0.766917884349823,False
GACAACTTGATTGTGA-1,1.2611236572265625,False,1.00065625,False,0.7290415167808533,False
GACAAGCCTCGTTAGT-1,-0.2788831293582916,False,-0.26460245183887915,False,0.09173984825611115,False
GACAAGCTGAATCTGG-1,0.8783361315727234,False,0.8116166666666667,False,0.40693461894989014,False
GACAAGTGTTATAGGC-1,0.49129799008369446,False,0.6089236111111112,False,0.1779262125492096,False
GACAATCTATTAGATT-1,-0.36403411626815796,False,-0.583796209761163,False,-0.18506509065628052,False
GACAATGACAAGCTTA-1,-0.2910443842411041,False,-0.9118402328589909,False,0.2892274558544159,False
GACAATTGTATGCTTC-1,-1.644580364227295,False,-1.580431151241535,False,-0.9805803894996643,False
GACAGCAACTCAGAAC-1,0.9745888113975525,False,0.9761789052069426,False,0.4052363932132721,False
GACAGTCACTTCGCTC-1,0.384127140045166,False,0.8446944157187176,False,0.9263169765472412,False
GACATCCTCAACCTCG-1,0.9604361057281494,False,0.6518389328063241,False,0.08594805747270584,False
GACATCTGCGGTCTTG-1,1.4165925979614258,False,1.9934829842931936,False,0.5976512432098389,False
GACCAATTGCGTCAGA-1,0.3433709144592285,False,0.2789554612937434,False,0.6378613710403442,False
GACCACATTCTTGAAT-1,-0.9524083137512207,False,-0.737953268173488,False,-0.7622799277305603,False
GACCACGGCGTACATA-1,0.6182611584663391,False,0.15419985250737464,False,1.2273370027542114,False
GACCACTCCTGACGTT-1,0.0035758251324295998,False,0.05566549604916594,False,-0.13097414374351501,False
GACCACTTACGGACAT-1,0.4718364179134369,False,0.4727803738317757,False,0.34933656454086304,False
GACCACTTAGACAGGT-1,0.8111039400100708,False,0.4888724792408067,False,-0.25446709990501404,False
GACCGAAGACTGGCAG-1,0.8422531485557556,False,1.0668296519410978,False,2.1950223445892334,False
GACCGAATCTAATACG-1,0.8843609094619751,False,0.9046669708029197,False,1.752333641052246,False
GACCGACAATAGGAAT-1,-4.6552510261535645,True,-4.287006134969325,True,-2.6471784114837646,False
GACCGAGGCAACGTTC-1,0.1911458969116211,False,0.3522585078534031,False,-0.40495598316192627,False
GACCGGCCATGTACCG-1,0.6459298729896545,False,0.7455197771587744,False,0.29897066950798035,False
GACCGTATTAGACCGG-1,-0.579551637172699,False,-0.7264696721311475,False,0.6356600522994995,False
GACCGTGAATGTAAGT-1,0.7350412011146545,False,0.701391416510319,False,0.7761441469192505,False
GACCTGCTGTACGAAG-1,0.45470449328422546,False,0.05669710144927537,False,0.9487579464912415,False
GACCTGCTGTCGTGTA-1,-0.963692843914032,False,-0.9129231063504207,False,0.05559045448899269,False
GACCTGTCGATTGCAG-1,0.1254303753376007,False,0.006781515854601701,False,0.7296165823936462,False
GACGAGAAGTTACAGA-1,0.42885860800743103,False,0.21433428246013667,False,0.678480863571167,False
GACGAGCTGCACTCGT-1,-0.2728150486946106,False,0.07924651287553648,False,-0.6189216375350952,False
GACGAGTGCTGGAGAT-1,0.13957105576992035,False,0.38211527621195035,False,0.17043918371200562,False
GACGCAGCGTCAAGTT-1,-0.13354170322418213,False,-0.10023104325699746,False,-0.009112190455198288,False
GACGCCTCGTCAGAGG-1,-0.4513542652130127,False,-0.5141680327868852,False,-0.4104824662208557,False
GACGCCTCTTGATTGT-1,0.631598711013794,False,0.9681018705763398,False,2.9712975025177,False
GACGCTCAACTGAGTG-1,0.912771463394165,False,0.625413955479452,False,1.8981313705444336,False
GACGCTCACCAACCGG-1,0.3023906350135803,False,0.20583129032258066,False,0.027107419446110725,False
GACGCTGTACAAGGCG-1,-0.3916809856891632,False,-0.525578464673913,False,-0.3460949957370758,False
GACGGCTTAGGTGCGA-1,-0.00839132722467184,False,-0.20495536480686696,False,-0.399509996175766,False
GACGGTACCTGGCCGT-1,0.4848313629627228,False,0.3671426136363636,False,-0.036972060799598694,False
GACGGTGGTTGATGTC-1,0.2759508490562439,False,0.8578556701030928,False,1.3811593055725098,False
GACGTACAGGAACGCT-1,0.11158629506826401,False,0.9131114206128134,False,-1.2295743227005005,False
GACGTACTGCGTGCGG-1,0.6400126814842224,False,0.4647379120879121,False,-0.13554801046848297,False
GACGTAGACTGCCGCA-1,-0.6775055527687073,False,-0.699982266769468,False,0.16849882900714874,False
GACGTCTTATCTCAGC-1,-0.6205741167068481,False,-0.4842113715277778,False,2.009584426879883,False
GACGTTCGGTCTTACC-1,-1.3321192264556885,False,-1.1864432933478735,False,-0.8074864149093628,False
GACTACGAGTTCCATT-1,0.22728824615478516,False,-0.24854992967651196,False,-0.11555665731430054,False
GACTAGATTAGCTAAC-1,0.9560750126838684,False,0.14329702300405955,False,0.4578477144241333,False
GACTAGCTTCCTTGTA-1,-0.1812547892332077,False,-0.1660784635587656,False,0.3061699867248535,False
GACTAGGCAGACTTGG-1,-1.1097824573516846,False,-0.7760105721393035,False,-0.6265093088150024,False
GACTAGTAATCTTGCT-1,-0.9333388209342957,False,-0.44511947565543075,False,-0.22506405413150787,False
GACTCGGCTTGCGGAT-1,0.06631266325712204,False,-0.19769379097570383,False,0.09057123959064484,False
GACTGAGGTGATTAAC-1,0.5661724209785461,False,0.5516338080959521,False,-0.036246493458747864,False
GACTGCCATAGAATAC-1,-0.9014135003089905,False,-0.7515630153121319,False,-0.49764493107795715,False
GACTGCGGTCTGCGTG-1,-0.7959432601928711,False,-0.6584482758620689,False,-0.4244076609611511,False
GACTTCATACCGCTGT-1,1.2913039922714233,False,0.5464927007299271,False,0.37978607416152954,False
GACTTGAACGTCCGTA-1,0.7083193063735962,False,0.5176834733893557,False,1.4387578964233398,False
GACTTGAAGCCATAGC-1,0.8860498070716858,False,0.7172199155524278,False,1.268768548965454,False
GACTTGACGATGCTGT-1,0.8579935431480408,False,0.7413169968717414,False,0.7740399837493896,False
GACTTGCTTCTAGGAG-1,0.09822793304920197,False,0.013188547486033519,False,-0.07858184725046158,False
GAGCAGACTAGTGGTA-1,1.1216353178024292,False,1.9512737478411053,False,1.82302987575531,False
GAGCATCTCCAGTCTG-1,-0.4123268127441406,False,-0.6574605518849592,False,-0.41329076886177063,False
GAGCCAAGCGATCGTA-1,-0.2971862256526947,False,-0.5130811965811966,False,1.1933748722076416,False
GAGCCAAGCGCCTCAC-1,-0.06365014612674713,False,-0.14527692307692308,False,-1.0273430347442627,False
GAGCCAAGTTACTACA-1,-1.1311054229736328,False,-2.454852686308492,False,-1.0138847827911377,False
GAGCCACTTATGCATT-1,-0.06254162639379501,False,-0.43177612826603323,False,0.5509802103042603,False
GAGCCAGCTTACGGTA-1,0.18773585557937622,False,0.1352583001328021,False,-0.3196772038936615,False
GAGCCAGGTGTCAGTT-1,-1.3886884450912476,False,-1.3740245901639345,False,-0.7747079730033875,False
GAGCCAGTATTGTCAA-1,-3.5916833877563477,True,-2.1832265831134565,False,-0.7754970192909241,False
GAGCCTCACGTATGTA-1,0.48587197065353394,False,0.3501904310753197,False,0.5586086511611938,False
GAGCCTCCAGTACCGA-1,-0.45538461208343506,False,-0.3156358087487284,False,0.14550743997097015,False
GAGCGAATCGGTAGAA-1,-0.7964349985122681,False,-0.8869409448818897,False,-1.0475802421569824,False
GAGCGATACTCCAGGC-1,-1.2976105213165283,False,-1.3065645695364239,False,-0.6383525729179382,False
GAGCGGCAATGGAATA-1,-0.30131375789642334,False,-0.4240810810810811,False,-0.2552012503147125,False
GAGCTAACCTACTTAC-1,0.9527871012687683,False,0.682343023255814,False,1.4443016052246094,False
GAGCTAAGGTTGCGTT-1,0.4094052016735077,False,0.3136136752136752,False,0.5479907393455505,False
GAGCTACAAGATCAAG-1,-0.27027276158332825,False,-0.564750847457627,False,1.1428005695343018,False
GAGCTACAGCTCGGTA-1,-0.9875968098640442,False,-0.8253119374703932,False,-0.8595808148384094,False
GAGCTTGATGGAAGCT-1,-0.4506196081638336,False,-0.396666253101737,False,-0.5229975581169128,False
GAGGAAGCCGATGTGA-1,0.7053788304328918,False,0.7432388535031847,False,1.0525434017181396,False
GAGGAAGGACAATGAA-1,0.8777014017105103,False,0.7455696989528795,False,0.5944626927375793,False
GAGGAAGGCAACGGCG-1,-2.2952933311462402,False,-2.0359236377590175,False,-0.38027673959732056,False
GAGGACAGATCGCCTA-1,-1.2624404430389404,False,-0.7422445414847161,False,-0.33302417397499084,False
GAGGACGAGTCCTAGT-1,-1.041144847869873,False,-1.1203559322033898,False,-0.9696770906448364,False
GAGGATACCAGGTACG-1,2.2873826026916504,False,3.2912203237410074,False,-0.8207191228866577,False
GAGGATCCAGAACTGG-1,-0.7109418511390686,False,-0.03685073170731707,False,-0.23493586480617523,False
GAGGATGATAGGAAGG-1,0.44453585147857666,False,0.8538823529411764,False,-0.10974594205617905,False
GAGGCCACAAGGTGCA-1,-0.31671369075775146,False,-0.7832659574468085,False,-0.8325625061988831,False
GAGGCCACTTCTAGAT-1,-0.5858791470527649,False,-0.7915473269062225,False,-0.7673147916793823,False
GAGGCCAGCAGAGGTT-1,0.42621517181396484,False,0.18766775777414074,False,0.1390528380870819,False
GAGGCGCTCCATTCCT-1,-0.3282131254673004,False,0.12543117593436645,False,-0.4793814420700073,False
GAGGTAACATTCGATC-1,-0.42742857336997986,False,-0.3977820512820513,False,-0.4891001880168915,False
GAGGTAACTAGACAGT-1,-0.2706601023674011,False,-0.007873540856031128,False,-0.4974183738231659,False
GAGGTAACTGCGAGAC-1,0.40875113010406494,False,0.33903817603393427,False,-0.9675824046134949,False
GAGGTATTAATAGCGG-1,-1.521486520767212,False,-1.2466728430804863,False,-0.7252973914146423,False
GAGGTCACTGTAAGCT-1,-0.0185420960187912,False,-0.13765306122448978,False,0.15318016707897186,False
GAGGTCCAAGTAGCTA-1,0.5168596506118774,False,0.4165593406593407,False,-0.34602344036102295,False
GAGGTGAGATCATTGG-1,-0.6027337908744812,False,-0.45675175070028007,False,-0.3898029625415802,False
GAGGTGAGGATTCATT-1,0.03768686577677727,False,0.09609145220588235,False,-0.0765797346830368,False
GAGGTGCATTCGGATC-1,-0.322153240442276,False,-0.27332991513437055,False,-1.221745491027832,False
GAGGTGCCTCTTCGTG-1,0.38661476969718933,False,0.6789866962305987,False,0.1460244059562683,False
GAGGTGCGGCTGACCA-1,0.25713181495666504,False,0.14321022727272728,False,-0.8124299645423889,False
GAGGTGGCTCGAGGTT-1,-0.4882710874080658,False,-0.5356767337807606,False,-1.0340781211853027,False
GAGGTGTAGCAACTCA-1,-1.8957428932189941,False,-2.6173181818181814,False,-1.728000521659851,False
GAGGTTAGATCGAAGA-1,-5.773034572601318,True,-5.774001041666667,True,-2.041649341583252,False
GAGTAACGTGGCTTGA-1,-0.3375529646873474,False,-0.5223859759949463,False,-0.00972828734666109,False
GAGTAGACGCAGGCTC-1,-1.3768833875656128,False,-1.337013731825525,False,-1.208326816558838,False
GAGTAGATACGTCAAC-1,1.1401991844177246,False,0.9915571939231457,False,0.9468109011650085,False
GAGTAGATTATGGTTC-1,-0.4385782480239868,False,-0.29368571428571427,False,-0.6302216053009033,False
GAGTAGGATGGTAGTC-1,0.11357050389051437,False,-0.3345401753104456,False,-0.642686665058136,False
GAGTCACCGTCCTCCA-1,1.4072757959365845,False,1.6436091954022987,False,1.595005750656128,False
GAGTCACGTCCTTAGA-1,0.5970371961593628,False,0.43434,False,0.48204004764556885,False
GAGTCCACGCCTGAAG-1,0.5446404814720154,False,0.5720759259259259,False,0.25692006945610046,False
GAGTCCACTCATAACA-1,-0.8371111154556274,False,-0.7532334572490705,False,-1.0410115718841553,False
GAGTCCTCTAGCGACA-1,0.715510904788971,False,0.7049,False,0.5816606283187866,False
GAGTCTATTCCAGGAC-1,-2.764237403869629,False,-2.3579464547677262,False,-1.3949122428894043,False
GAGTCTCGAGATAGTC-1,-0.12444454431533813,False,0.04617946058091286,False,0.06302300840616226,False
GAGTCTGACTATAGAA-1,0.24265612661838531,False,0.14676803519061582,False,0.5116947293281555,False
GAGTCTGGTGAATGAG-1,1.454323410987854,False,1.0896933433059088,False,0.3198142647743225,False
GAGTGCAGCGTCATCG-1,-0.5054506063461304,False,-0.07003898989898989,False,0.04691687598824501,False
GAGTGCCGCATTAGGC-1,1.3328076601028442,False,1.862490322580645,False,3.1675634384155273,True
GAGTGCGGATACAGTC-1,0.372098445892334,False,-0.12182878645343367,False,0.2948512136936188,False
GAGTGGAGCAAGCGCA-1,1.129448413848877,False,0.8246334856396867,False,1.1256664991378784,False
GAGTTAATCTCGTTAT-1,-0.32598063349723816,False,-0.38950855855855854,False,-0.47879931330680847,False
GAGTTAATTCCACTGG-1,-0.1014244332909584,False,0.16191408717624764,False,0.3481122851371765,False
GAGTTACTCAATGGAA-1,-0.6098795533180237,False,-0.5615415662650602,False,0.551173210144043,False
GAGTTAGCAGTAGATG-1,-0.3926105797290802,False,-0.4948069498069498,False,-0.46918800473213196,False
GAGTTCTATCGTGCCT-1,0.4722820520401001,False,0.6946479972844535,False,1.112141489982605,False
GAGTTGGTATTAATAG-1,0.5049949288368225,False,0.48442892768079804,False,-0.8313673734664917,False
GATAAGCACGTGCGTA-1,0.5748782157897949,False,0.13379526842584166,False,0.5101425051689148,False
GATAATCAGCTATTGT-1,0.7891733646392822,False,0.9181903225806451,False,0.39509010314941406,False
GATACCTCGCGACTGC-1,-0.20801757276058197,False,0.0014807903402854006,False,-0.23139610886573792,False
GATACGACTGAACAGA-1,0.11584426462650299,False,0.2088269867549669,False,1.2749807834625244,False
GATACTTCACTCAGCA-1,0.6761168241500854,False,0.7312818877551021,False,1.2349128723144531,False
GATAGAGTCTGAATCG-1,-0.12663647532463074,False,-0.0990889175257732,False,-0.2415466457605362,False
GATAGAGTGATAAGCT-1,0.6115069389343262,False,0.42511590038314173,False,0.7249099612236023,False
GATAGATGTTGAAGAT-1,1.3309849500656128,False,1.124803227633069,False,1.629145622253418,False
GATAGCTAATGGATAG-1,-2.4975006580352783,False,-2.4455883575883575,False,-0.5860763192176819,False
GATAGTGACACTCCAA-1,1.444456934928894,False,0.8592820512820513,False,0.6899867653846741,False
GATATCCATATGAGGC-1,-0.9742570519447327,False,-0.179929469273743,False,-2.0693960189819336,False
GATATCTTGTGACACG-1,-1.8115079402923584,False,-2.322595578673602,False,-1.2027324438095093,False
GATATGCTCACGTTAC-1,0.06334341317415237,False,0.23998667711598748,False,-0.11468098312616348,False
GATCACGGCGTCTGGA-1,0.5949907898902893,False,0.6547905844155844,False,0.39370453357696533,False
GATCACGTGATAGTTC-1,0.054273076355457306,False,-0.009879494007989346,False,0.26138320565223694,False
GATCACTTAACGGATT-1,0.7190906405448914,False,0.7978227611940298,False,0.9417302012443542,False
GATCCACCGCGTGCAA-1,0.7206888198852539,False,0.6088157068062827,False,0.6553319692611694,False
GATCCACCTTACCTTG-1,1.0909689664840698,False,1.5368354430379745,False,2.753800630569458,False
GATCCACGAGCGTGCC-1,-3.045222520828247,True,-2.4263687782805428,False,-1.4361414909362793,False
GATCCATAGGATGTAA-1,0.11517494171857834,False,0.15070074475287745,False,0.010362436063587666,False
GATCCGGACATACACC-1,-1.6400846242904663,False,-0.6814655765920825,False,-0.8334262371063232,False
GATCGCGGAGTCTAAT-1,0.24807019531726837,False,0.044513290559120074,False,0.11257835477590561,False
GATCGGAGATACGCAG-1,-1.81732976436615,False,-2.3854420759962927,False,-1.4939080476760864,False
GATCGTAACATTAATA-1,1.182211995124817,False,1.4308270975056687,False,3.215364694595337,True
GATCGTAAGAGTCGCA-1,-0.7199928760528564,False,-0.6010372875476934,False,0.017000822350382805,False
GATCGTCATGCGGAGG-1,0.03198002651333809,False,-0.30455826217980914,False,-0.321250319480896,False
GATCGTGGCCACAACC-1,0.8860750198364258,False,1.4558514851485147,False,4.340839862823486,True
GATCGTTGATGGATGC-1,0.39928683638572693,False,0.29143169191919194,False,0.18065397441387177,False
GATCGTTGTATCTACT-1,-0.8556625247001648,False,-0.35838362295945236,False,-0.22777456045150757,False
GATCTATGAAGATGCG-1,-1.1249589920043945,False,-0.8261888646288209,False,0.29363295435905457,False
GATCTTGTCATGATCT-1,-0.08684031665325165,False,-0.32530381471389647,False,0.21392561495304108,False
GATGACTCTGAATCTT-1,0.30650582909584045,False,-0.0776311320754717,False,0.6281733512878418,False
GATGAGTGAACGGCTG-1,1.0887060165405273,False,1.0934277343749998,False,0.7453421950340271,False
GATGCAACTCGCGTTG-1,-1.6279715299606323,False,-1.5001421404682276,False,0.05701997131109238,False
GATGCCACATTATCAC-1,-1.0182453393936157,False,-0.7555410757291945,False,1.095218300819397,False
GATGCCAGACATAATG-1,-0.4526623487472534,False,-0.10302161383285302,False,0.045946359634399414,False
GATGCCATCTATAACC-1,-1.2624937295913696,False,-1.643756914566687,False,-0.7721842527389526,False
GATGCCGACAGATATT-1,1.4494467973709106,False,1.5180562659846546,False,0.23697307705879211,False
GATGCCTAGAGTCTGT-1,-0.4786994159221649,False,-0.5145881458966565,False,-0.5924086570739746,False
GATGCGGTCCAGCTTA-1,-0.20672281086444855,False,-0.5628337783711616,False,-1.0090082883834839,False
GATGGACCTGGACGGA-1,0.6729193925857544,False,0.3616715517241379,False,0.8839768767356873,False
GATGGACGGCAGATGA-1,0.6832931041717529,False,0.6255250885478159,False,0.4468340277671814,False
GATGTAGCGAGGTCCA-1,-0.1571425199508667,False,-0.2418998899889989,False,0.7419266104698181,False
GATGTAGGAGTTGGCC-1,-0.3915732204914093,False,-0.6320561031084154,False,-0.4752226769924164,False
GATGTTCTATAGGATA-1,-0.5422852635383606,False,-0.4275184705119896,False,-0.1498846858739853,False
GATTATGTGACATGAT-1,0.5693691372871399,False,-0.07362962962962963,False,0.5500521063804626,False
GATTCCAAGTCCTGTA-1,0.825101375579834,False,1.0078804060017652,False,-1.1392606496810913,False
GATTCCATACTGAACC-1,-0.05453305318951607,False,-0.06807320540156361,False,0.16019116342067719,False
GATTCCATTGAGTTGA-1,0.3087024390697479,False,0.395505875440658,False,-0.36196383833885193,False
GATTCCGCTGCAAGAT-1,2.1610302925109863,False,2.9342718932443703,False,2.9699432849884033,False
GATTCCGTCTAACGTT-1,0.041367460042238235,False,0.07629122621564483,False,-0.21359452605247498,False
GATTCCGTGCGTATAC-1,-2.0720643997192383,False,-1.5143420353982302,False,-0.5291301012039185,False
GATTCCTGCAGATCGT-1,-0.1888284534215927,False,-0.044570484581497795,False,0.37596094608306885,False
GATTCGCCATGTATCA-1,0.1641579121351242,False,0.7382857142857143,False,-1.4276617765426636,False
GATTGTCGCAACGAGG-1,-0.3073666989803314,False,-0.09138387096774193,False,-0.43655112385749817,False
GCAACAGCCTGCTCTA-1,0.49250560998916626,False,0.4141666666666667,False,0.10448721796274185,False
GCAACAGCTCCTATGA-1,0.26496824622154236,False,0.30018101460415064,False,0.3013395071029663,False
GCAACAGGCCATTGAC-1,0.8573610186576843,False,0.8483978940650925,False,0.938143789768219,False
GCAACATACATCAGCA-1,0.30453845858573914,False,0.33273480947476824,False,-0.4126850664615631,False
GCAACATCAGTCAAGT-1,0.8098637461662292,False,1.1918297788309635,False,3.8299920558929443,True
GCAACATGGTTCTTCA-1,-0.35048946738243103,False,0.521860856269113,False,-0.20528601109981537,False
GCAAGAATGTTCCACC-1,0.07446456700563431,False,0.2108631067961165,False,0.24224165081977844,False
GCAAGATAGGTTAACT-1,0.15184564888477325,False,0.46571412471825696,False,0.7715998291969299,False
GCAAGCACTACCGCCA-1,0.6350506544113159,False,0.6930803014553014,False,0.024586698040366173,False
GCAAGCTTATTGACGT-1,-0.7341775298118591,False,-0.46140495314591695,False,-0.7564310431480408,False
GCAATACATGAGGACA-1,-0.3698315918445587,False,-0.3114706806282722,False,-0.6638754606246948,False
GCAATCAACTCCAGAT-1,-0.2341526597738266,False,-0.20868994778067887,False,-0.8021678924560547,False
GCAATCCTCGAGCGTT-1,-0.2518636882305145,False,-0.9762500000000001,False,-0.02635832317173481,False
GCAATCGTGACTCCAA-1,1.2080349922180176,False,1.3530823806321453,False,3.1299850940704346,True
GCAATTAATCAACGTA-1,-0.08224331587553024,False,-0.10479718456725756,False,-0.3622686266899109,False
GCAATTCCTATCATAC-1,0.8685256838798523,False,1.1705448430493273,False,0.3375568687915802,False
GCAATTCTGTGACAGA-1,-2.824977397918701,False,-4.97127578125,True,-2.196058511734009,False
GCACAGCAGTCTGTAA-1,-0.09791236370801926,False,-0.34109920983318703,False,-0.6992612481117249,False
GCACAGCTGTGGTTGA-1,-1.0506346225738525,False,-0.6522459508098379,False,-0.468698114156723,False
GCACAGGCTCTACCAT-1,0.549579918384552,False,0.3394202059202059,False,1.705459713935852,False
GCACAGTCTTGATAGA-1,-0.09046463668346405,False,0.07222413793103448,False,-0.20770016312599182,False
GCACATCGTCTGCGGA-1,-0.14153577387332916,False,0.12347125567322238,False,-1.0023689270019531,False
GCACATGCCGGTCTGG-1,0.10229596495628357,False,0.06106584362139917,False,0.9642797112464905,False
GCACCGAAGATGTCTA-1,0.1899525225162506,False,0.2560694650817236,False,0.0827295333147049,False
GCACCTAGCCGAATCT-1,-0.4556315243244171,False,-0.31786340352874215,False,-0.36967068910598755,False
GCACCTAGTAATTATC-1,-0.20413649082183838,False,-0.19503022578295703,False,0.2655365765094757,False
GCACCTTAATCGGATA-1,-0.8625860810279846,False,-0.9353915094339622,False,-0.40184110403060913,False
GCACCTTACTGGCTAC-1,-0.7205425500869751,False,-0.5456034031413612,False,-0.6059548258781433,False
GCACCTTAGCCTCGCA-1,-0.5705349445343018,False,-0.6982161992465467,False,-0.8635479807853699,False
GCACGAGCAGTACCGA-1,1.2550957202911377,False,1.061604347826087,False,-1.1716091632843018,False
GCACGAGCTATTGTCG-1,-1.7118245363235474,False,-1.6983858901515152,False,-0.6379664540290833,False
GCACGAGGTCACGGAC-1,-1.73690927028656,False,-1.5699138932910723,False,-0.6054173707962036,False
GCACGCAACCATACCA-1,-1.4771965742111206,False,-2.344990654205607,False,-1.9698312282562256,False
GCACGCATAGATTGCT-1,0.7002410292625427,False,0.6577837670384139,False,0.3697471618652344,False
GCACGCATAGGCGATC-1,0.6408807039260864,False,0.5588396537510305,False,0.3885321021080017,False
GCACGCTTCGTTGTTC-1,-0.024793218821287155,False,-0.30996736913664175,False,-0.1744396686553955,False
GCACGGAAGGATAGTA-1,-0.238627627491951,False,-0.3108227893601725,False,-0.039026182144880295,False
GCACTACACTATTGCG-1,1.745076298713684,False,1.3619711538461539,False,0.7426931262016296,False
GCACTCCGACTGGCGT-1,-1.0632758140563965,False,-1.2510783190066856,False,-0.45190754532814026,False
GCACTCTGTTGCCATA-1,0.5266547203063965,False,0.7853204868154159,False,-0.9954618215560913,False
GCACTCTTGCTACCGA-1,-0.9078759551048279,False,-0.8931310344827585,False,-0.6560682058334351,False
GCACTGAATATGACAG-1,-0.6247782111167908,False,-0.8360701394585726,False,-0.8659858703613281,False
GCACTGCCTCGATGCG-1,0.2929704189300537,False,0.235478851010101,False,0.023095032200217247,False
GCACTGGACGCAGCAC-1,0.4845917224884033,False,0.9735792276964048,False,0.41954267024993896,False
GCACTGTTGCGGCCTT-1,0.2967221438884735,False,0.5757994641384996,False,1.3695813417434692,False
GCAGACGCCTGGTTAT-1,0.4282580614089966,False,0.4263752642706131,False,0.6894134879112244,False
GCAGATACGTTGAACG-1,-0.36933329701423645,False,-0.10916763005780346,False,0.0925813764333725,False
GCAGATAGTTGGAGAC-1,-0.042162008583545685,False,0.09274374999999999,False,-0.5018420219421387,False
GCAGATCCTAATGTGG-1,-0.5817697644233704,False,-0.41364364640883977,False,0.059165459126234055,False
GCAGATCGGTAATTAT-1,-0.7011598944664001,False,-0.8082773925104023,False,-0.5504317283630371,False
GCAGCCGGATGCCGCA-1,0.2493857741355896,False,0.1986842391304348,False,0.3640030324459076,False
GCAGCGACAGTTCGGT-1,-0.326229453086853,False,0.022864406779661017,False,-0.7846292853355408,False
GCAGGCAGTGATCTAC-1,0.7844735980033875,False,0.7860990909090909,False,0.12362224608659744,False
GCAGGCCATTCCTGCC-1,-0.33361005783081055,False,-0.766007658643326,False,-0.2000177949666977,False
GCAGGCTACCGTCCTT-1,0.1865009218454361,False,0.654611337061515,False,0.6485947966575623,False
GCAGGCTGGTTCCAAG-1,0.002848308999091387,False,0.5559004166666667,False,-0.0888274759054184,False
GCAGGTCACTACCTCA-1,0.1824558526277542,False,0.3740676855895196,False,0.11499753594398499,False
GCAGGTGCTGATGCTT-1,-0.6123054027557373,False,-0.31918546113572294,False,0.8251519799232483,False
GCAGTACTCAACGAAG-1,-0.6301234364509583,False,-0.5588523290386521,False,-0.9613537192344666,False
GCAGTAGATGTCCAAT-1,-1.6752835512161255,False,-2.2415013812154694,False,-1.6073565483093262,False
GCAGTTCGGCATTAGC-1,-0.7013599872589111,False,-0.08396916812100058,False,0.6570509672164917,False
GCAGTTGACAATAGAA-1,1.4412643909454346,False,1.657771111111111,False,1.1166296005249023,False
GCATAACCGAGGTGAT-1,0.9344109296798706,False,0.3955757705479452,False,0.15474367141723633,False
GCATACTAGCATCGAA-1,0.12961389124393463,False,-0.7594979674796748,False,-0.7261814475059509,False
GCATGACGGATTATCA-1,0.47098585963249207,False,0.4586360815602837,False,0.3311718702316284,False
GCATGCGTCCTATTAA-1,-1.5183132886886597,False,-1.4315519141531323,False,-0.5179699063301086,False
GCATGCTGAGACAGGT-1,-0.06389981508255005,False,0.08685342465753425,False,0.5630108118057251,False
GCATGTCGAGTGTCTT-1,-0.35248038172721863,False,-0.4229328485885372,False,-0.08885420113801956,False
GCATTACCTGTCAAGA-1,-0.4249887764453888,False,-0.595071292170592,False,-0.6460475325584412,False
GCATTGACTACAGCGA-1,-0.4488708972930908,False,-0.6096442307692307,False,-0.3241513967514038,False
GCATTGGTTACCAAGC-1,0.06982912123203278,False,0.13331604696673188,False,0.9610093235969543,False
GCCAACGAGCGGCATA-1,0.33372950553894043,False,0.2607746092678914,False,-0.0773850679397583,False
GCCACGAAGGAATTCC-1,0.13133326172828674,False,0.44935526315789476,False,-1.2848037481307983,False
GCCACGACCGTTAAGT-1,-1.5003435611724854,False,-0.7825821231847772,False,-0.6010518670082092,False
GCCACGCCTTAGTACG-1,0.3880300223827362,False,0.22670694444444442,False,0.838910698890686,False
GCCACTATAGACCATA-1,-0.37211212515830994,False,-0.7600156421514819,False,-0.5695702433586121,False
GCCACTCCGTCACCTC-1,1.496277928352356,False,1.5988389748549323,False,1.08589768409729,False
GCCAGACAGACGCCTA-1,1.940834403038025,False,1.7913369977255496,False,2.0010762214660645,False
GCCAGACATCTATCAC-1,-0.7661547660827637,False,-0.6074689440993789,False,0.3591044843196869,False
GCCAGTAGACGATACC-1,0.17907468974590302,False,0.27855142405063293,False,0.11981163918972015,False
GCCAGTGCTCTACACT-1,-1.325482726097107,False,-1.153681467181467,False,-1.288881778717041,False
GCCAGTTCCTCGTGCC-1,0.7584399580955505,False,0.67237893081761,False,0.4504607617855072,False
GCCATTCTCGTGTAGA-1,-1.4579277038574219,False,-2.141777251184834,False,0.6652880907058716,False
GCCATTGAGTGCTGCG-1,0.7993583083152771,False,0.11129249999999999,False,-0.6249274015426636,False
GCCATTGCATGTTAAC-1,0.6059503555297852,False,0.39277860465116277,False,1.1480419635772705,False
GCCATTGTAACTGATC-1,-4.430789470672607,True,-4.521046184738956,True,-0.645156741142273,False
GCCATTGTAATGTCTT-1,0.791443943977356,False,0.9260896980461812,False,0.5954371094703674,False
GCCGAAGATGTATTGA-1,-0.2959281802177429,False,-0.46845842172252866,False,-0.40761232376098633,False
GCCGAATCCACGACTC-1,-1.1151161193847656,False,-0.956419921875,False,-0.7921084761619568,False
GCCGAGTCCTCGTCCA-1,1.0454281568527222,False,1.0495266976204294,False,0.14192448556423187,False
GCCGATACGGTATCAG-1,-2.4083776473999023,False,-2.109831544178365,False,-1.7814769744873047,False
GCCGATCGAGTGAAGT-1,-0.31278714537620544,False,-0.195227950310559,False,-0.7334746718406677,False
GCCGATCTCGTGACTC-1,0.599307656288147,False,0.2481247357293869,False,0.5706890225410461,False
GCCGCACTTCGTCTAT-1,0.7451081871986389,False,0.3896897289586305,False,0.0832834467291832,False
GCCGCTAGATCACCTT-1,0.19855646789073944,False,0.11505686032138443,False,-0.29189160466194153,False
GCCGCTGATTGGCCAG-1,-0.2828887701034546,False,0.2161746083550914,False,1.0755137205123901,False
GCCGCTTCTAAGGTGA-1,-0.3839244246482849,False,-0.1610324607329843,False,0.15929105877876282,False
GCCGGCAATAGGCAGG-1,0.6031661629676819,False,0.48562267180475277,False,0.23689574003219604,False
GCCGGCGAACCATTGT-1,2.042496681213379,False,1.559840876944837,False,1.2213383913040161,False
GCCGGCGTAGGTGACG-1,-0.19703824818134308,False,-0.3621894957983193,False,-0.6294212937355042,False
GCCGGCGTGAACTTGC-1,0.6867870688438416,False,0.8278631346578367,False,0.8164719343185425,False
GCCGGTATGCTCATGC-1,0.3163791596889496,False,0.004549049662783569,False,-0.42319050431251526,False
GCCGTATGCCAGTCTT-1,-0.42096343636512756,False,-0.31462385867407705,False,-0.525223970413208,False
GCCGTATGCGTTATAG-1,-1.879976511001587,False,-1.8860570017953322,False,-0.6320859789848328,False
GCCTATAGCATACCTT-1,-0.24021193385124207,False,-0.2843095930232558,False,-0.19166690111160278,False
GCCTCCAACAGTAGCC-1,-0.5980051755905151,False,-0.568422619047619,False,-0.7822733521461487,False
GCCTCCGTCTACCTCG-1,1.5583873987197876,False,1.1028806706114398,False,-0.4378528892993927,False
GCCTCCGTGCTGTAAT-1,0.830981433391571,False,1.2341009463722397,False,-0.42183634638786316,False
GCCTCCTGCGGCCGTT-1,-0.22195841372013092,False,-0.06456057563587685,False,1.5437918901443481,False
GCCTGGAACGTCTGCT-1,-0.04522145912051201,False,-0.16279118616144975,False,-0.2691380977630615,False
GCCTGGACAATGTATC-1,0.762114405632019,False,0.5582940074906366,False,1.1207616329193115,False
GCCTGGAGCAAGTTAG-1,1.7056059837341309,False,1.2538084677419354,False,0.7958344221115112,False
GCCTGGTAAGGCGACT-1,1.6856679916381836,False,2.36075,False,4.318873882293701,True
GCCTGGTACATGGTCG-1,0.5500128865242004,False,0.8257856683804626,False,0.966927170753479,False
GCCTGGTCAGGTTGCC-1,-0.7775399684906006,False,-0.7618058431952662,False,-0.44022369384765625,False
GCCTGTGAAGTCGGCG-1,0.7443290948867798,False,0.8520715245130961,False,0.45016127824783325,False
GCCTGTGACACCAGAA-1,-0.4486582577228546,False,0.06308273381294964,False,0.8406981229782104,False
GCCTGTGATAGATTGG-1,0.14973357319831848,False,0.1645453629032258,False,0.06537521630525589,False
GCCTTCGCTTATGTTC-1,-0.6391588449478149,False,-0.4702043269230769,False,-0.6186912059783936,False
GCCTTCTGATTCCGTC-1,0.01706569455564022,False,0.06100129198966408,False,-0.10258844494819641,False
GCCTTCTGTCACGCTC-1,-0.5247848629951477,False,-0.7211494552344859,False,-0.7652311325073242,False
GCCTTGAGATCTGAGC-1,-0.6608296036720276,False,-0.7099870295944465,False,-0.7562527060508728,False
GCCTTGCCACTTCTGA-1,0.5437755584716797,False,0.3977060632688928,False,0.04247087612748146,False
GCCTTGCCTAGTCGAT-1,0.19976156949996948,False,0.18829941395844432,False,1.4511654376983643,False
GCCTTGGCGAACAATC-1,-0.16405220329761505,False,0.3061444174757282,False,1.5811643600463867,False
GCGAACAATAGAAGAC-1,0.3341989815235138,False,0.2287548449612403,False,-0.9050918221473694,False
GCGAATAGTGGCTAAT-1,0.21123628318309784,False,0.2651370578778135,False,-0.04141099378466606,False
GCGAATCGAGAACACG-1,-0.0009843987645581365,False,0.051494086021505375,False,0.13411150872707367,False
GCGAATGCAGTGTCAA-1,0.5646870136260986,False,0.8229601386481803,False,-0.34288033843040466,False
GCGAATTGGCTAGCCA-1,-1.0814836025238037,False,-1.082263008514664,False,-0.7620720863342285,False
GCGACACTAAGCTAAG-1,0.7036701440811157,False,0.5947460838807479,False,0.024039283394813538,False
GCGACAGTGCCGCACC-1,0.3552537262439728,False,0.05622963243652898,False,0.119216188788414,False
GCGACGTAGAGCGTTA-1,-2.216644287109375,False,-1.8544750988142293,False,-0.8300584554672241,False
GCGAGCGGACCATAAC-1,-0.5560312867164612,False,-0.33962978830645163,False,-0.2589937448501587,False
GCGAGCGGTTGTCATG-1,-0.20898288488388062,False,-0.046997837578087454,False,-0.4301617741584778,False
GCGAGCTAACTCCTAG-1,1.672289252281189,False,1.219325681492109,False,1.3068550825119019,False
GCGAGGATCGACCTTA-1,-0.21757391095161438,False,-0.06708627920910724,False,-0.007035182323306799,False
GCGAGTTGAACGTCGA-1,-1.2139967679977417,False,-1.04382132243685,False,-0.8841542601585388,False
GCGATCTTGCTCACGC-1,0.11188973486423492,False,0.09415759438103599,False,0.12715137004852295,False
GCGATGACCGTGTAAT-1,-0.5651393532752991,False,-0.7830554465161923,False,-0.6600854992866516,False
GCGATGCCTCTAAGTC-1,-0.3791818916797638,False,-0.0701245164410058,False,0.3105292022228241,False
GCGATGGAGCTACATT-1,0.27896273136138916,False,0.39482926829268294,False,0.4287616014480591,False
GCGATGTACTGCTATT-1,0.17879998683929443,False,0.26902914285714286,False,1.0655966997146606,False
GCGATTCTAACAGTAA-1,0.36488550901412964,False,0.5651527303754267,False,-0.9584113955497742,False
GCGGAGCCTGTAACAT-1,0.8115243911743164,False,1.035330081300813,False,1.0237630605697632,False
GCGGCAAGTGTTATGT-1,0.8692028522491455,False,0.622446791226645,False,0.3135489225387573,False
GCGGTCCATCACGGCA-1,0.517059326171875,False,0.7358911362284354,False,0.43813300132751465,False
GCGGTCCGCTGTCTCA-1,0.2387458086013794,False,0.23739199209095402,False,0.5095265507698059,False
GCGGTCCTGTAGTCTG-1,-0.6076135635375977,False,-0.8728215926493109,False,-1.2083503007888794,False
GCGGTCGGCGTACCTT-1,-0.8004868030548096,False,-0.11824865831842576,False,-0.01751953735947609,False
GCGGTCGTTGATCTTG-1,-4.231153964996338,True,-2.734307192575406,False,0.7239730954170227,False
GCGGTGAATCCTGTTA-1,2.3634567260742188,False,1.6248006843455947,False,1.3201040029525757,False
GCGGTGGCCGACGCAT-1,0.47677114605903625,False,0.3789557251908397,False,0.8067142963409424,False
GCGGTTCTGTGGACGT-1,0.23962894082069397,False,0.26141956420955026,False,1.0448936223983765,False
GCGGTTGCCTCGACGG-1,0.11368321627378464,False,0.060450471698113205,False,-0.7351235747337341,False
GCGTAACGTTACAGGT-1,-0.38687780499458313,False,-0.9926603773584906,False,1.6872949600219727,False
GCGTACCGGAACGACA-1,-1.558716058731079,False,-1.6032901069518717,False,-0.7736937403678894,False
GCGTACCGGATGGCTC-1,-0.26703059673309326,False,-0.4902530653950954,False,-0.2653590440750122,False
GCGTACCGTGTATCAG-1,0.23454369604587555,False,0.30720134395221504,False,0.07680294662714005,False
GCGTACGAATCTAATC-1,-0.4895811080932617,False,-0.45605908485117724,False,-0.5378521084785461,False
GCGTCCAGCAATTGGC-1,0.6187795400619507,False,0.6962042079207921,False,1.2049375772476196,False
GCGTCCTCTGCCGTTG-1,-1.4857473373413086,False,-1.4146592920353982,False,2.10780668258667,False
GCGTCGGAATGCTGCC-1,-1.0872251987457275,False,-0.7557033622559653,False,0.15676625072956085,False
GCGTCGGTCACGCCAG-1,-1.161484718322754,False,-1.1528100537221795,False,-0.19267044961452484,False
GCGTCGTAGGCTCATC-1,-0.658850371837616,False,-0.5363895374943871,False,-1.6026209592819214,False
GCGTCTCGCAACTCAT-1,0.7232021689414978,False,0.477992125984252,False,0.001042730174958706,False
GCGTCTGGCCTGCAGC-1,-0.5609527230262756,False,-0.751509842519685,False,-0.6103734970092773,False
GCGTGAACGTGACTCA-1,-0.17383882403373718,False,-0.34403116621983915,False,0.2738038897514343,False
GCGTTAATAGTCAGTA-1,0.6301683187484741,False,0.6452375271149674,False,0.7244961261749268,False
GCGTTCGAGGCCACAA-1,-0.06958750635385513,False,-0.16374909638554214,False,0.501250684261322,False
GCGTTCGATCTTGGCC-1,0.130166694521904,False,0.517043431053203,False,0.6559158563613892,False
GCGTTGTATCGGAGCT-1,-2.3217580318450928,False,-2.4604999999999997,False,0.48429155349731445,False
GCTAACAGATTGGTAG-1,-2.9124441146850586,False,-1.6654038950042336,False,-0.3917306363582611,False
GCTAACCATAGGCGTT-1,-1.7674659490585327,False,-1.3430833333333334,False,-1.8749414682388306,False
GCTAACGTCCATTCTG-1,0.7722853422164917,False,0.7404550195567144,False,1.4220365285873413,False
GCTACATCTGTACTCA-1,-4.4970879554748535,True,-4.0649752538071064,True,0.9754014611244202,False
GCTACCATCCTGTAGA-1,0.03495466336607933,False,0.29860049982149234,False,1.4111090898513794,False
GCTACCTAGTCCGTTC-1,-0.7037351131439209,False,-0.7578205882352942,False,-0.7095580697059631,False
GCTACTTCTGACGCGA-1,0.6668023467063904,False,0.7152079851439183,False,1.4192808866500854,False
GCTAGTCGATAGGTGC-1,-0.18790669739246368,False,-0.09456967213114754,False,-0.17617042362689972,False
GCTATGCGTGAACGGT-1,-0.048135995864868164,False,-0.22945920539198297,False,0.7088738679885864,False
GCTCAACCACGGCAAC-1,1.0595616102218628,False,1.1781604127579737,False,0.7189661264419556,False
GCTCATACAATTAGAC-1,0.20329412817955017,False,0.46245658682634727,False,1.5553703308105469,False
GCTCATACCTCAGGCA-1,0.22491034865379333,False,0.20139869281045752,False,-0.4544195830821991,False
GCTCATTGGTTCAACA-1,1.045124888420105,False,0.6324313929313929,False,0.7099391222000122,False
GCTCCGAGACTACATA-1,0.050755951553583145,False,-0.33554384485666106,False,0.979517936706543,False
GCTCCTATGTCTTCGC-1,0.1412685513496399,False,-0.7370590219224282,False,1.216854453086853,False
GCTCGATCGCAGCCAC-1,0.8331125378608704,False,0.45910623409669216,False,-0.9585378766059875,False
GCTCGATGCTCGCATG-1,0.0870739072561264,False,0.0814002132196162,False,-0.7419659495353699,False
GCTCGCATCGTCATTA-1,-1.6876956224441528,False,-0.9976731334509111,False,-0.6364437937736511,False
GCTCGGAGATGAATGT-1,1.9860751628875732,False,1.2002205773501111,False,0.5470907092094421,False
GCTCGTCTGCCGCAAT-1,0.7078136205673218,False,1.008370741482966,False,0.3442235291004181,False
GCTCTGACTCGACTTA-1,0.3031308948993683,False,0.09419622833843017,False,1.2073860168457031,False
GCTGAATGACCGTGAG-1,0.7419962882995605,False,0.3944571890145396,False,0.6885988712310791,False
GCTGACAGCCGGAGCG-1,-1.3870291709899902,False,-0.8944273690773067,False,-0.17346449196338654,False
GCTGACTTGTCTCAAT-1,-0.1388203501701355,False,-0.4847429667519182,False,0.5926700234413147,False
GCTGAGGACAAGAAGT-1,-0.17734980583190918,False,-0.026230555555555556,False,-0.4886544346809387,False
GCTGAGTGTTCAACCG-1,0.5134068727493286,False,-0.3484916666666667,False,0.7482107877731323,False
GCTGCCGCCTATGTAG-1,0.5255696177482605,False,0.5609919093851132,False,0.7893146872520447,False
GCTGCGCAATGGAAGC-1,-0.4956955015659332,False,-0.4838804347826087,False,-1.1625990867614746,False
GCTGCGTTATGTGGAC-1,0.7130627036094666,False,1.0138382352941175,False,0.5524041652679443,False
GCTGGATGACTCTACC-1,0.5473136901855469,False,0.44266407119021134,False,-0.028583208099007607,False
GCTGTAGTGCTGTCGC-1,-0.583183228969574,False,-0.7141764705882353,False,-1.0177780389785767,False
GCTGTCGCGATGGTAG-1,-1.9270117282867432,False,-1.8967087431693987,False,-0.4064958989620209,False
GCTGTCTAATTGGCAA-1,0.7245579361915588,False,0.3503436516264428,False,1.241878628730774,False
GCTGTTATGGTTGCCG-1,0.5842533707618713,False,0.23826801405975395,False,1.2234046459197998,False
GCTGTTCAACCGAATA-1,2.136274814605713,False,0.9956050531914893,False,1.0081305503845215,False
GCTGTTCATCAGCGTC-1,-0.35238024592399597,False,-0.2025920041004613,False,-0.7844480872154236,False
GCTGTTGATAGTCTTA-1,1.1446590423583984,False,0.8596473342939481,False,1.2198123931884766,False
GCTTAATAGAGGCGAG-1,0.2636619210243225,False,0.6038597972972973,False,3.0519216060638428,True
GCTTACAGATGTGCAC-1,-1.2811940908432007,False,-1.3402814336075206,False,-0.6529083251953125,False
GCTTAGACTACCAATG-1,1.062563419342041,False,1.1151861626248216,False,-0.6657438278198242,False
GCTTCAATGTAACACC-1,0.3806779384613037,False,0.5821383799421408,False,-0.04424168914556503,False
GCTTCGATTGCGGTGC-1,0.919998049736023,False,1.0044268571428572,False,0.999814510345459,False
GCTTCGCTAAGCGACC-1,-0.298469215631485,False,-0.2606513115802943,False,-0.35226157307624817,False
GCTTCGCTCAAGCGAT-1,-1.7064647674560547,False,-3.152588133640553,True,-2.1540703773498535,False
GCTTCGGCATCAGAGT-1,0.3566916584968567,False,0.374608497723824,False,0.7658482789993286,False
GCTTCTAAGTCTGACG-1,-0.5274256467819214,False,-0.40906787048567866,False,-0.7383282780647278,False
GCTTCTAGCGTTCATT-1,1.0525041818618774,False,0.8754039050535987,False,0.37430092692375183,False
GCTTCTCCAGAACCGC-1,-0.10545852035284042,False,-0.0976882798573975,False,-0.3614589273929596,False
GCTTCTGAACCGCTAT-1,-1.084475040435791,False,-1.0767972010178117,False,-1.2452946901321411,False
GCTTCTGTATCGACGC-1,-0.7728168368339539,False,-0.653421875,False,-0.48834481835365295,False
GCTTCTGTTACGAGAA-1,-1.0052300691604614,False,-0.8901110325318246,False,-1.512586236000061,False
GCTTCTTGAATCGGTT-1,-0.11005651205778122,False,-0.3495645228215768,False,-0.559149980545044,False
GCTTCTTGGACGAGCG-1,-0.8789892792701721,False,-1.2956538461538463,False,-0.7341908812522888,False
GCTTGACCTCCGCTTC-1,0.26233628392219543,False,0.3370754399585921,False,0.029470179229974747,False
GCTTGAGCTCTTGACA-1,0.8964181542396545,False,1.061083932853717,False,0.4218015968799591,False
GCTTGCAATACAAGGC-1,1.3622969388961792,False,1.146312186978297,False,-0.006296925246715546,False
GCTTGCCATAGTGGAT-1,-0.2507641613483429,False,-0.4532723745473357,False,-0.27442654967308044,False
GCTTGCTCAGTGTCCG-1,1.2782396078109741,False,1.3845485968514715,False,2.441859483718872,False
GCTTGCTTACTTAACG-1,0.28427621722221375,False,-0.09724115334207076,False,-0.04517428204417229,False
GCTTGGATCCAACCGG-1,-0.3336685001850128,False,-0.864318306010929,False,-0.6152597665786743,False
GCTTGGATGCTCGCTT-1,-0.5836758017539978,False,-0.49663716271463615,False,-0.5155905485153198,False
GCTTGGCACTCCGTCT-1,-2.2076709270477295,False,-1.634110736196319,False,-0.5376060605049133,False
GCTTGGCTGCGGTAAC-1,0.7122395038604736,False,0.4631664847161572,False,0.1340692937374115,False
GCTTGGTCAACCGTGG-1,0.7184488773345947,False,0.5633607954545454,False,-0.25182703137397766,False
GCTTGGTGTTCGAACA-1,-1.366441249847412,False,-0.6220497819767441,False,-0.6287299394607544,False
GGAACATCGTGGAATC-1,-2.2641420364379883,False,-2.864259519038076,False,-0.5971212387084961,False
GGAACGATAACATTAT-1,1.0459364652633667,False,-0.3523991978609626,False,-1.0541960000991821,False
GGAACTTCGACATGTC-1,-1.0593458414077759,False,-1.423774886877828,False,-0.8719472289085388,False
GGAAGAATAACTAACC-1,-0.15497906506061554,False,-0.14347555012224938,False,-0.03714148327708244,False
GGAAGCAGTCATTCAG-1,-1.3415377140045166,False,-0.870890562248996,False,-1.257219910621643,False
GGAAGCTATGGCACAG-1,-0.8246681690216064,False,-1.0715899228543877,False,-0.37284722924232483,False
GGAAGCTGAGATAAGG-1,-1.0176782608032227,False,-0.9530703928905518,False,-0.5070115327835083,False
GGAAGTCCTTGTCATC-1,-0.3787423074245453,False,-0.6384786381842457,False,-0.1112355887889862,False
GGAAGTCTTGTCGCAT-1,-1.1030832529067993,False,-1.0422427667269438,False,-1.6104798316955566,False
GGAATCCTTAGACTGT-1,-0.3203381896018982,False,-0.6806084366062918,False,-0.31160351634025574,False
GGAATGCGCCGACAGG-1,-0.19601838290691376,False,0.36086993154291735,False,0.17173777520656586,False
GGAATGGCAACTTGGA-1,-1.5083813667297363,False,-1.010869451697128,False,-0.42418134212493896,False
GGAATGTCTTGTGCAC-1,-0.4033103585243225,False,-0.23790670926517574,False,0.010288728401064873,False
GGACAGGTCGCATAAT-1,0.01448695920407772,False,0.0712440625,False,0.18059208989143372,False
GGACAGTGCGGCAACA-1,0.6051889061927795,False,0.624276270006959,False,0.2984987497329712,False
GGACCACTTATCGTTC-1,-0.534061074256897,False,-0.7197045855379188,False,-0.563236653804779,False
GGACCAGATAGGATGT-1,0.4867572486400604,False,0.6739882397572079,False,0.8580766916275024,False
GGACCATCACCGCCAA-1,0.23158688843250275,False,-0.04828308026030368,False,-0.7292834520339966,False
GGACCGATCTGGATTA-1,-0.43636757135391235,False,-0.34104847144006434,False,0.14867465198040009,False
GGACCGCTTCCTGGCA-1,0.4531492292881012,False,0.4360316129032258,False,1.1107306480407715,False
GGACCGGCTAAGTAGA-1,1.9511841535568237,False,2.1766441263573544,False,1.2005857229232788,False
GGACGAGTCTGTTCAC-1,0.25248390436172485,False,0.5481516276413478,False,1.1019362211227417,False
GGACGGATCCATCTAA-1,2.0227160453796387,False,1.9578694605009632,False,0.8870496153831482,False
GGACGGCTATCGACCA-1,-0.5590776801109314,False,-0.18481445523193096,False,-0.7277719974517822,False
GGACGGCTGACTAGTT-1,-0.4771783947944641,False,-0.361041150990099,False,-0.407148540019989,False
GGACGGTGCAGTAGGA-1,0.7652083039283752,False,0.357485,False,-0.8336573839187622,False
GGACGTACATACCAGA-1,1.6471493244171143,False,1.9219900687547744,False,2.3722734451293945,False
GGACGTACTTCGGACA-1,0.6495259404182434,False,0.5522280832095097,False,0.6221581101417542,False
GGACGTAGCCGCGTAA-1,-0.42997369170188904,False,-0.3273220338983051,False,0.006274863611906767,False
GGACGTAGTGTAGAAG-1,-0.3064170777797699,False,-0.22034115884115885,False,0.2061142772436142,False
GGACGTCGAACGGCTT-1,-0.3851316273212433,False,-0.7803941979522184,False,0.22323231399059296,False
GGACGTCGAGGATTCA-1,-0.6201396584510803,False,-0.6706077732518669,False,-0.8393102884292603,False
GGACGTCGCACGAGAA-1,-0.41216737031936646,False,-0.4736987331749802,False,-0.7323071360588074,False
GGACGTTACGTACATC-1,-0.12695451080799103,False,-0.03897390493942218,False,0.9043750166893005,False
GGACGTTAGATATTAC-1,0.3526281416416168,False,0.2931717325227964,False,-0.025305993854999542,False
GGACGTTGGAGGTGAT-1,0.3591582477092743,False,0.3634427380430013,False,0.24610188603401184,False
GGACTCACGGTCCAAT-1,-0.8231163024902344,False,-0.43404872165943076,False,-0.34451332688331604,False
GGACTCGTTCCTCGGA-1,0.1827619969844818,False,0.43329880000000004,False,-0.057460665702819824,False
GGACTCTGAACCTGAG-1,0.4914942681789398,False,0.6715242647058823,False,0.4898816645145416,False
GGAGAAGCCAAGCGCT-1,-0.30158481001853943,False,-0.17986666666666665,False,0.7402247190475464,False
GGAGATCCGTAGGATA-1,-0.3286645710468292,False,-0.6383545454545455,False,-0.7658324241638184,False
GGAGATGCGTGCAGTA-1,-2.321077585220337,False,-1.6712020997375328,False,-0.919649064540863,False
GGAGATGGCTCGAGAT-1,0.4827057123184204,False,0.352920202020202,False,0.4148026406764984,False
GGAGATGTGCCATAAC-1,-1.0607390403747559,False,-0.9312698863636363,False,-1.0229142904281616,False
GGAGATTCACGACCAT-1,-1.1702271699905396,False,-1.1001610243055555,False,-0.19697460532188416,False
GGAGCACCAACTGATT-1,0.4863918721675873,False,0.5617932258064516,False,1.498108148574829,False
GGAGCGAATTGGACGG-1,1.391295075416565,False,2.702947432762836,False,1.8668584823608398,False
GGAGCGAGTGTAACTT-1,-0.437333881855011,False,-0.6065271317829457,False,-0.04156284034252167,False
GGAGCGGCACCTCGTA-1,-1.877689242362976,False,-1.1590565195835398,False,-0.6982260346412659,False
GGAGGCACATAGCGTA-1,-0.5419309735298157,False,-0.7181396140749149,False,-0.9716818928718567,False
GGAGGTATTGGACACC-1,2.620506525039673,False,2.621868316831683,False,1.1723618507385254,False
GGAGGTCGTAGGAGCT-1,-0.5648887157440186,False,-0.8395219017094018,False,-0.6259426474571228,False
GGAGTCCAGATAGCTT-1,0.1640648990869522,False,0.22091281273692193,False,-1.3624790906906128,False
GGAGTCTAAGGCCGCT-1,-0.3214113712310791,False,0.07034021683014971,False,0.1322374939918518,False
GGAGTCTAAGTGGTCC-1,-0.2781592011451721,False,-0.2112637877211238,False,0.35933899879455566,False
GGAGTGTCCATGTATT-1,-0.9015629291534424,False,-0.7006363018354861,False,-1.2647695541381836,False
GGATAAGTCAGGATAG-1,-1.1432819366455078,False,-1.323347874720358,False,-1.1759364604949951,False
GGATAATTATGCTGGT-1,0.29740390181541443,False,0.24947260273972602,False,-0.36428478360176086,False
GGATAATTCAATGCTG-1,0.3146909773349762,False,0.26924321933962264,False,0.3831099271774292,False
GGATCGATACCTCCGG-1,-0.44196030497550964,False,-0.5442142857142857,False,0.5944831967353821,False
GGATCGCTGGCATATT-1,0.2096674144268036,False,-0.7047082219251337,False,-0.5854731798171997,False
GGATCGGACGTCTTGT-1,-0.4300834834575653,False,-0.5178270708795901,False,-0.4512832760810852,False
GGATCTTCTAAGCGAA-1,0.8911502361297607,False,0.03269441517386723,False,0.07189162820577621,False
GGATGGATCACTCATA-1,-4.627508640289307,True,-4.0599842958459975,True,-1.0361706018447876,False
GGATTCCGACGTGATG-1,-1.111943244934082,False,-1.3990104562737642,False,-0.06512349098920822,False
GGATTCGATGTCCGGA-1,1.0097875595092773,False,0.9338301492537314,False,2.663511276245117,False
GGATTCGTGGTAATCA-1,1.418023943901062,False,1.2765868516284682,False,1.0856024026870728,False
GGCAAGACAATCAGCT-1,0.22344739735126495,False,0.3827191780821918,False,-0.48516979813575745,False
GGCAATGCGAACTTAA-1,0.08822095394134521,False,-0.006946070460704607,False,-0.7391793131828308,False
GGCACGACGGACGTCG-1,-0.15257731080055237,False,0.08642464065708419,False,-0.09796992689371109,False
GGCAGCATCGAGAACC-1,-0.43552374839782715,False,-0.9929392430278884,False,-0.5309696197509766,False
GGCAGCCGGCACTTCC-1,0.7509257197380066,False,1.8578893270241852,False,5.613842010498047,True
GGCAGCGTATACGACT-1,0.8817415833473206,False,0.6985197305101059,False,1.2856577634811401,False
GGCAGGAAGTCTTCTA-1,-0.531408429145813,False,-0.48676190476190473,False,0.09006702899932861,False
GGCATAATCCTATCGC-1,0.5466756224632263,False,0.41728395522388056,False,0.25812554359436035,False
GGCATAATCCTTCATG-1,-0.484026163816452,False,-0.23845959595959595,False,0.48568734526634216,False
GGCATACATGGCTCAG-1,0.06778204441070557,False,0.7964840425531915,False,-0.19953341782093048,False
GGCATACTATTGCACT-1,0.8009727597236633,False,1.0197957256461234,False,0.8154389262199402,False
GGCATTCCGATGCTCG-1,0.4372915029525757,False,0.2369864864864865,False,-0.16007813811302185,False
GGCATTGCTAAGAATG-1,0.7972967624664307,False,0.6758878600823045,False,1.286589503288269,False
GGCCAAGATGGATGGC-1,-0.4239163100719452,False,-0.2890714285714286,False,0.5995694994926453,False
GGCCAATAACGCTACA-1,0.3747950792312622,False,0.1573668378576669,False,-0.5719870328903198,False
GGCCAGTAGGTATGAG-1,0.19533272087574005,False,0.8882924107142857,False,0.4906010627746582,False
GGCCGCCAACTATTGC-1,1.6476207971572876,False,1.1902099681866383,False,0.05744162201881409,False
GGCCGGCGGTCTGTTA-1,-0.8351936936378479,False,-0.5603670483460559,False,-0.336787611246109,False
GGCCGGCTTCGTCAAC-1,-0.4068332314491272,False,0.66101,False,0.6140809059143066,False
GGCCGTCCAGTAGGAC-1,0.165923073887825,False,0.238742364917776,False,0.9771698117256165,False
GGCCTGCGTTATGCCG-1,-0.3155231475830078,False,-0.5238897978825794,False,-0.3478967845439911,False
GGCCTTCGACCAGGTA-1,-0.5744092464447021,False,-0.7658633686690224,False,-0.5284544825553894,False
GGCCTTGGATGTTGTC-1,0.3696381449699402,False,0.038843157181571816,False,0.2788933217525482,False
GGCGACCATAGCGTTA-1,-0.12203044444322586,False,-0.6199710017574693,False,0.22873923182487488,False
GGCGACCTATCTGGCG-1,0.4377744197845459,False,0.11284088050314466,False,0.33020830154418945,False
GGCGACTTCTTGATGT-1,-1.0508089065551758,False,-0.8941046511627907,False,-1.0145249366760254,False
GGCGAGGCAGCCTACT-1,-0.4049336016178131,False,-0.14457347178683386,False,0.345021516084671,False
GGCGATCGGTCTGCTC-1,-1.428423523902893,False,-1.6505243644067795,False,-0.40306758880615234,False
GGCGCAGGTCGCGTCT-1,-0.37424522638320923,False,-0.28267427385892113,False,-0.45875462889671326,False
GGCGCCAAGGAGCGCT-1,-0.6468372941017151,False,-1.0551488138030194,False,-1.1014561653137207,False
GGCGCCACCGGAGCAA-1,-1.1600542068481445,False,-1.2981033145275034,False,-1.8743914365768433,False
GGCGCCACTCTGCGTT-1,0.6683757901191711,False,0.5844030665280665,False,0.35750940442085266,False
GGCGCCACTGAACATC-1,-0.27775299549102783,False,-0.2581997226074896,False,0.2873896062374115,False
GGCGCCGTCGGACATA-1,-0.14688561856746674,False,-0.033446280991735536,False,0.20460271835327148,False
GGCGCCTTGGCCTAAG-1,-0.697543203830719,False,-0.9288653448988021,False,-0.34552639722824097,False
GGCGCTAATATGCTCC-1,0.7780575156211853,False,0.8115641711229946,False,0.44264525175094604,False
GGCGCTTCACCAGCGA-1,1.5104453563690186,False,1.5862239478957916,False,1.863507628440857,False
GGCGGAAGTCTTGTAG-1,0.2054467350244522,False,0.17160073529411765,False,0.5092864036560059,False
GGCGGAGCACTGATAA-1,-0.5551494359970093,False,0.5196443786982248,False,2.1872425079345703,False
GGCGGAGTTGAACTAT-1,1.1191719770431519,False,1.4638085106382979,False,-0.36377185583114624,False
GGCGGATACAACGCAC-1,-0.6286396384239197,False,-0.5718332610581093,False,-1.0592764616012573,False
GGCGGATATTGATTGA-1,0.5675501823425293,False,0.8479428571428572,False,-0.0337958037853241,False
GGCGTCGCCGTATGAT-1,-1.7649872303009033,False,-1.7810792811839324,False,1.6762149333953857,False
GGCGTCGGTAGTGATA-1,-3.675935745239258,True,-2.0796148086522463,False,0.18286025524139404,False
GGCGTGAACTCAACGG-1,0.45859917998313904,False,0.23010286458333332,False,0.02687828429043293,False
GGCGTGGACCTTAGAT-1,0.24022415280342102,False,0.05861523929471033,False,0.20989692211151123,False
GGCGTGGCACGGCACT-1,0.22323866188526154,False,-0.8116315368196371,False,-0.7830936908721924,False
GGCGTGTAATTACTTA-1,0.46042054891586304,False,0.25844853493613823,False,0.5021030902862549,False
GGCTAATGTCTAGCGT-1,-0.4615199863910675,False,-0.5445577949021932,False,-2.094625949859619,False
GGCTCAATCAACATGA-1,1.2141720056533813,False,1.263611170212766,False,-0.032128553837537766,False
GGCTCGATTAAGGCGG-1,-2.694701671600342,False,-2.263251184834123,False,0.022148922085762024,False
GGCTGACGCCGAATCA-1,-0.45841509103775024,False,-0.7756017378711079,False,-1.0035738945007324,False
GGCTGCTAACTTCGCT-1,2.1497769355773926,False,1.591082451499118,False,2.6400160789489746,False
GGCTGCTCCATAGCTG-1,-1.0062482357025146,False,-0.9785561023622047,False,-0.811703622341156,False
GGCTGTGGAATAGCGT-1,-2.0254030227661133,False,-2.479890654205607,False,-0.826541006565094,False
GGCTGTTCAATGTCAA-1,0.7883099913597107,False,0.8294527027027027,False,0.685806155204773,False
GGCTTGCCATAGGCTC-1,-1.920996069908142,False,-1.3819147897897897,False,-0.9970194101333618,False
GGTAACTCAACACTCC-1,-0.4986492991447449,False,-0.429828431372549,False,-0.5997331142425537,False
GGTAAGGCGACGATGA-1,-0.9737918972969055,False,-0.7966021297192643,False,0.056437429040670395,False
GGTACCACCTATACCT-1,-0.7905654907226562,False,-0.5933633049817739,False,-0.16690967977046967,False
GGTACCAGGTAGTGTT-1,-0.020406853407621384,False,0.2784517434620174,False,0.35443976521492004,False
GGTACGAAGAACTCGA-1,1.2068061828613281,False,0.9772167755991286,False,0.739764928817749,False
GGTACGATCGACTTAA-1,0.2428637593984604,False,0.38012450851900387,False,0.26755034923553467,False
GGTACGCTTACCTGCG-1,-0.724886417388916,False,-0.20039492753623186,False,0.3458558917045593,False
GGTACGGAGCATCAGC-1,-1.432659387588501,False,-0.8478845766129032,False,-1.948322057723999,False
GGTACGGTATGCTCCA-1,-0.5111914277076721,False,-0.07553132341425216,False,1.3282008171081543,False
GGTACGTGCCTTATCC-1,0.4888603389263153,False,0.6074733263598326,False,1.265313982963562,False
GGTACGTGCTCGGCAA-1,0.6372749209403992,False,0.8122808727948004,False,0.9729241728782654,False
GGTACTGTGATCTTCC-1,-0.3657101094722748,False,-0.5167276816608997,False,0.059257764369249344,False
GGTAGCCAAGGTACTT-1,-2.666484832763672,False,-3.054092930444698,True,-1.2071596384048462,False
GGTAGCCATCAATCCG-1,0.6858755350112915,False,0.5704977544910179,False,-0.10963698476552963,False
GGTAGCGTACATCTGT-1,0.5289060473442078,False,0.3695512936904221,False,-0.005489191971719265,False
GGTAGCTTAGCCAATC-1,-1.6715389490127563,False,-0.9806627094972067,False,-1.063372254371643,False
GGTAGGCCACATGCAA-1,1.14649498462677,False,0.8279545847750865,False,1.5251811742782593,False
GGTAGGTCTGGCTAAC-1,-0.9164601564407349,False,-0.8141711351968055,False,-0.26703768968582153,False
GGTAGTACAGGTTAGA-1,0.8878225088119507,False,0.985529490616622,False,0.28473997116088867,False
GGTAGTACCGCAACAG-1,-0.3375892639160156,False,-0.28963245997088793,False,-0.5434689521789551,False
GGTAGTTGAAGTCCAT-1,-1.2863677740097046,False,-2.021994419642857,False,-1.5245940685272217,False
GGTATGCAACAGTGGC-1,0.7141339778900146,False,1.1197194139194138,False,1.1128156185150146,False
GGTCACCGCATAACAA-1,-0.2914774715900421,False,0.08550898770104068,False,-0.2070942223072052,False
GGTCATGCTCTGCCAA-1,1.2444367408752441,False,1.0202114695340503,False,0.4798068106174469,False
GGTCCGGACGAGTGAA-1,0.42464229464530945,False,0.8057565789473684,False,2.572660207748413,False
GGTCCTGCGAGTAGGT-1,2.1262731552124023,False,1.3621609756097561,False,-0.40871548652648926,False
GGTCTGAAGGTTCGAA-1,0.2915147542953491,False,0.24635390428211584,False,0.44534483551979065,False
GGTCTGAAGTATGTCA-1,0.6509862542152405,False,0.6180440528634361,False,0.8670789003372192,False
GGTCTGCGAACTGTAT-1,0.5735282301902771,False,0.7158360894941634,False,1.1759240627288818,False
GGTCTGGTTGTAGAAC-1,-0.28567028045654297,False,-0.15636398631308812,False,-0.6634276509284973,False
GGTCTGTTCACTAATC-1,-1.9620023965835571,False,-0.9987687935933867,False,-0.2969847619533539,False
GGTCTTATAGGCTGGC-1,-0.956372857093811,False,-1.140481610337972,False,-0.6322854161262512,False
GGTCTTCCGCACATCC-1,0.5522187352180481,False,0.5176200248756219,False,0.5140072107315063,False
GGTCTTCCGGCTGGAC-1,0.3325905203819275,False,-0.17683968113374668,False,-0.39376530051231384,False
GGTCTTGAACCGGCCA-1,0.010212661698460579,False,0.180616769095698,False,-0.033214349299669266,False
GGTCTTGATAACGTCA-1,-0.9588328003883362,False,-0.9042515625,False,-0.6741664409637451,False
GGTCTTGATTCAACCT-1,0.6569264531135559,False,0.5580270618556701,False,1.324305534362793,False
GGTGATGGTACAATGG-1,1.3332741260528564,False,1.7666578044596912,False,2.0789787769317627,False
GGTGCAACCATGAGGA-1,-0.7266488671302795,False,-0.32339866071428575,False,2.3078620433807373,False
GGTGCAATCAGACTTC-1,0.03381122648715973,False,0.05056890848952591,False,-1.7061647176742554,False
GGTGCACTCCGGTTCG-1,-0.5636386275291443,False,-0.5424782003710575,False,0.41564157605171204,False
GGTGCAGGCACCGCGT-1,0.4658191204071045,False,0.617694975230007,False,1.053573727607727,False
GGTGCAGTGGTCTTAT-1,0.7189408540725708,False,0.35412633305988517,False,-0.31983667612075806,False
GGTGCAGTTCCATATG-1,-0.7166918516159058,False,-0.8764091503267973,False,-1.4642857313156128,False
GGTGCATGATACGGAT-1,-0.22748646140098572,False,-0.2814493955094991,False,-0.29958146810531616,False
GGTGGCTTATTGCGTG-1,0.31429046392440796,False,-0.6967014106583072,False,-0.8465971946716309,False
GGTGTATGTTCCGATC-1,0.570197343826294,False,1.046311758360302,False,0.45006778836250305,False
GGTGTCAAGCTGCACC-1,0.7582942247390747,False,1.078529411764706,False,0.28940171003341675,False
GGTGTCACCAGCGAAC-1,-0.6524611711502075,False,-0.25203969022265243,False,2.4293694496154785,False
GGTTACCAAGGAATCT-1,0.14903120696544647,False,0.15903297609233308,False,0.4587031900882721,False
GGTTACGGACGATTAA-1,0.0037445276975631714,False,0.11477352510970258,False,0.6344838738441467,False
GGTTAGACTCACTAGC-1,1.4016367197036743,False,0.8343046153846154,False,0.3140104115009308,False
GGTTAGACTCGGAGGT-1,-0.9019221067428589,False,-0.6184383153186731,False,-0.675159752368927,False
GGTTAGATGCCGTTGC-1,-1.0349135398864746,False,-0.8579245345744682,False,-0.47602251172065735,False
GGTTAGCTTCATGAGT-1,-1.5157427787780762,False,-0.821396551724138,False,0.4535825848579407,False
GGTTAGTATGAGTGTC-1,-0.695529043674469,False,-1.0485624999999998,False,-0.573540985584259,False
GGTTAGTCGGCAGCGA-1,1.0138616561889648,False,0.43500708717221825,False,1.290775179862976,False
GGTTAGTGCTCCTACT-1,0.2870549261569977,False,0.10789476145930776,False,-0.131028950214386,False
GGTTCAAGGCGTGCGT-1,0.46785932779312134,False,1.136964424320828,False,-0.1076204851269722,False
GGTTCAAGGTTAAGCC-1,0.5507797598838806,False,0.8291698275862069,False,-0.21107041835784912,False
GGTTCACCGACTCACG-1,-0.4620725214481354,False,-0.4786101956745623,False,-0.5748645663261414,False
GGTTCATTCCGGCCTC-1,-0.390838086605072,False,-1.3971785714285716,False,-2.10377836227417,False
GGTTCTATACCGCTTG-1,0.7638136744499207,False,0.67706463878327,False,-0.49774494767189026,False
GGTTCTCCTATCAGTT-1,0.6025785207748413,False,0.3847432432432432,False,0.7158219814300537,False
GGTTCTCGCTCACGCC-1,0.24538151919841766,False,0.3527651331719128,False,1.0885649919509888,False
GGTTCTCGTGATGTGA-1,-0.7360205054283142,False,-0.583248322147651,False,-1.2090234756469727,False
GGTTCTGGAGTCTACC-1,0.4502960741519928,False,0.28284798361688723,False,0.09053303301334381,False
GGTTGCGATTGAACAG-1,0.8274401426315308,False,0.5322271562766866,False,0.6922462582588196,False
GTAACACCGAGCGTTA-1,0.10444812476634979,False,0.3167342582710779,False,0.6166561245918274,False
GTAACACTGTACCACG-1,-0.06707516312599182,False,0.1849572327044025,False,-0.037159763276576996,False
GTAACATACACCTGTT-1,0.694431483745575,False,0.5508326661329064,False,-0.5353527665138245,False
GTAACCACAAGGCTGA-1,1.056349754333496,False,1.3429124548736462,False,0.2411905825138092,False
GTAACCTAGCGTCACG-1,0.1467827707529068,False,0.41107587064676615,False,0.48706090450286865,False
GTAACGGCAGCCTACA-1,0.4684993028640747,False,0.5724653155035521,False,0.10010428726673126,False
GTAAGTTGCGGAGCGT-1,-0.4828900396823883,False,-0.221518837018837,False,0.5732545852661133,False
GTAAGTTGCTGGTGGA-1,-0.5364105701446533,False,-0.8051578616352202,False,-0.18261419236660004,False
GTAATAGTCCTAAGCC-1,0.6973261833190918,False,0.897166265060241,False,0.2866217792034149,False
GTAATCACGCACAGCT-1,0.13461095094680786,False,-0.38694113449875134,False,-0.3514653444290161,False
GTAATCAGGCGGACGG-1,0.7156038284301758,False,0.6044220779220779,False,0.42387014627456665,False
GTAATCTTGTCTAGTT-1,0.43549805879592896,False,1.1740008591065292,False,-0.14872455596923828,False
GTAATGACGGTCTACG-1,-0.4382515549659729,False,-0.3705939265536723,False,2.9830682277679443,False
GTAATGATCACGTAAG-1,1.9914917945861816,False,2.0375990802675585,False,-0.28710678219795227,False
GTACAACTCGGCAGAA-1,0.2273842990398407,False,0.3003224321705426,False,1.7513344287872314,False
GTACAGAACAGGACTC-1,-0.6809015274047852,False,-0.5204823328267477,False,-0.8367925882339478,False
GTACAGAACCGATTAT-1,0.05930550768971443,False,0.13456636438582026,False,0.5873939990997314,False
GTACAGAACGCAGCGT-1,-0.7836284637451172,False,-0.5334241472172352,False,-0.07074815779924393,False
GTACAGATGACATCGC-1,0.1393461376428604,False,0.40975060386473433,False,-0.1797724813222885,False
GTACAGCCGTTACAGA-1,-0.4448927044868469,False,-0.5596914893617021,False,0.041969504207372665,False
GTACAGCTGAGCCGGA-1,-0.11886277794837952,False,-0.3611261061946902,False,1.1996006965637207,False
GTACAGCTGTTGTCCT-1,0.4965246617794037,False,0.5681234197218711,False,1.8097470998764038,False
GTACAGGAACGAATGG-1,0.4330063462257385,False,0.33421171171171166,False,0.6140848994255066,False
GTACAGTATCGGAATT-1,-1.442337155342102,False,-1.9035055594162613,False,-1.073632001876831,False
GTACATAAGCTACGCC-1,-2.0784566402435303,False,-1.4773963717693837,False,2.081374168395996,False
GTACCTACAATACGAA-1,-0.2557166516780853,False,-0.5387342473745624,False,-0.3502923846244812,False
GTACCTCCTGATTCTT-1,-0.022004486992955208,False,-0.20634054834054835,False,-0.4726225435733795,False
GTACCTGAAGTGAATG-1,-0.0640140175819397,False,-0.5087498530276309,False,-0.36123085021972656,False
GTACCTTCATGTGCAA-1,-0.5947713255882263,False,-0.24296033810143042,False,0.5410622358322144,False
GTACGAAGATTATCCG-1,0.9846856594085693,False,0.9172384072580645,False,0.30234405398368835,False
GTACGAATTACATAAT-1,-0.4720912277698517,False,-0.7528878378378379,False,-0.6822755336761475,False
GTACGAATTCTACCAA-1,-1.127855896949768,False,-0.9694508474576271,False,-0.3634926676750183,False
GTACGACAGCTCCGGA-1,-0.06763453781604767,False,-0.07645558583106267,False,-0.13028481602668762,False
GTACGAGGTAGTGCAC-1,-0.2513136565685272,False,-0.33499330855018583,False,0.45439767837524414,False
GTACGATTAGTCTACA-1,1.2451837062835693,False,1.1165527888446216,False,0.18111427128314972,False
GTACGATTGCGATGGC-1,-1.1208996772766113,False,-0.7623012931034483,False,0.21948423981666565,False
GTACGCACTCAATTGC-1,0.6888362765312195,False,0.972985632183908,False,1.5092426538467407,False
GTACGCCATAGATGGT-1,-0.17230141162872314,False,-0.0646858893113646,False,-0.3373374044895172,False
GTACGCCTCGCTTCCA-1,0.2532845437526703,False,0.5781428571428571,False,-0.11825244128704071,False
GTACGCTCGCCAACAT-1,0.8809478878974915,False,1.11198682284041,False,0.1039431095123291,False
GTACGCTTGATACCAC-1,-2.4905569553375244,False,-2.194456221198157,False,-1.9040136337280273,False
GTACTACCGTTAGGTG-1,0.24454568326473236,False,0.344100390625,False,0.2582550644874573,False
GTACTGCATAAGGTTA-1,0.7470981478691101,False,0.6472291105121294,False,-0.7278130054473877,False
GTACTTAACTTCAGCG-1,0.4593006372451782,False,1.1746588983050847,False,-0.04553976655006409,False
GTACTTACTTCATACC-1,0.15205515921115875,False,-0.040484081419624215,False,0.013797879219055176,False
GTACTTCTGATCCTCG-1,0.5928714871406555,False,0.5539256637168142,False,1.1451013088226318,False
GTAGAAGGACATCATA-1,0.5400682687759399,False,0.6959728464419476,False,0.8841983675956726,False
GTAGAAGTAAGCTGCG-1,0.2579469680786133,False,0.4278804909560724,False,0.7828932404518127,False
GTAGAATCGCACATCG-1,0.970004677772522,False,0.7449701492537314,False,0.7962585091590881,False
GTAGACCAACTCCAAT-1,0.6581485867500305,False,1.0798878266411727,False,-0.3531351089477539,False
GTAGACCTGTCAACCA-1,0.18561841547489166,False,-0.04666352201257862,False,-0.6492524743080139,False
GTAGACGTGCATGTGC-1,-0.4895300567150116,False,-0.26390723344293093,False,0.2840134799480438,False
GTAGCAACGACCGTGG-1,1.0800292491912842,False,1.1183137342908438,False,1.0645904541015625,False
GTAGCACGAGCTCAAG-1,-0.6872705221176147,False,-0.3452797619047619,False,-0.6991928219795227,False
GTAGCAGAACATGGTG-1,0.4654594957828522,False,0.25584482758620686,False,1.7035603523254395,False
GTAGCAGAGCAATAGC-1,1.9318920373916626,False,1.504879235447437,False,2.842787265777588,False
GTAGCATAGTTACAGG-1,-0.7137211561203003,False,-0.8150956637504755,False,-0.5698248744010925,False
GTAGCATCGAAGGTCT-1,-0.3646714985370636,False,-0.014927459016393443,False,-0.4124683439731598,False
GTAGCCAGCTTAATTG-1,-0.2842083275318146,False,-0.2792515923566879,False,0.03884749859571457,False
GTAGCCAGTGCGGTTG-1,0.49922215938568115,False,0.5714104803493449,False,0.9247028231620789,False
GTAGCCGCACTCCATC-1,-1.2435111999511719,False,-1.4066464344039196,False,-0.35361388325691223,False
GTAGCGCCTGAACTCA-1,-0.14326326549053192,False,-0.7129528037383178,False,-0.3546627461910248,False
GTAGCGCTCATCAGGT-1,1.1072317361831665,False,0.7458520661157024,False,1.0402840375900269,False
GTAGCGTGTAGCATGT-1,-6.797137260437012,True,-3.0920779527559055,True,-0.307382732629776,False
GTAGGAGCAACAGGCA-1,0.2707022428512573,False,0.4248629893238434,False,-0.2850181758403778,False
GTAGTCCAGCGGACAT-1,0.3977821469306946,False,0.33642743902439026,False,0.211520716547966,False
GTAGTCCGTGTACTAA-1,0.09259268641471863,False,0.5510366088631985,False,0.1486901342868805,False
GTAGTTGTTCATGTAG-1,0.844785749912262,False,0.9853335509138381,False,1.5988903045654297,False
GTATAACTTGTTGCGA-1,0.4129044711589813,False,0.714084796672828,False,2.097655773162842,False
GTATAAGGCGTCTTCA-1,0.16427433490753174,False,0.09643201243201244,False,0.8970386981964111,False
GTATACATAAGGACTA-1,0.555358350276947,False,0.8645294117647059,False,1.9200992584228516,False
GTATACATAGGTTGCC-1,0.10846823453903198,False,0.13584335664335664,False,0.7915318012237549,False
GTATACATTGGCTCAG-1,-0.4203616976737976,False,-0.6595526315789474,False,-0.6120324730873108,False
GTATACGATACCTTGT-1,1.0704493522644043,False,0.9327324879227054,False,-0.3310777246952057,False
GTATACGGTACACGCA-1,0.9395632147789001,False,0.9316702849389416,False,0.8569303750991821,False
GTATACGGTTAAGATA-1,-1.1838910579681396,False,-1.0945980148883374,False,-0.2582567036151886,False
GTATCTACAGATCTCC-1,-0.5350638031959534,False,-0.2640110533159948,False,0.6077896356582642,False
GTATCTAGCTACCAGC-1,-0.13915686309337616,False,-0.3070485074626866,False,0.7289538979530334,False
GTATCTATGAAGATGT-1,1.5852912664413452,False,1.544204134366925,False,-0.45530009269714355,False
GTATCTCAGCCTTGGT-1,0.652348518371582,False,0.63234375,False,0.4746415913105011,False
GTATCTGTCAACGGTG-1,-0.9779926538467407,False,-0.4370502911593436,False,-0.6520974040031433,False
GTATCTGTGGCGTCTA-1,-0.430417537689209,False,-0.36135703758290344,False,-0.17858730256557465,False
GTATCTGTGGTCCAGC-1,-0.038033921271562576,False,-0.020797477224947444,False,-1.2463881969451904,False
GTATGACATAAGACGG-1,-0.4863097369670868,False,-0.09581883479648842,False,1.0974273681640625,False
GTATGATAGTATGGAT-1,-1.1854568719863892,False,-1.4251866175567833,False,-0.6927441358566284,False
GTATGATCACTTGACG-1,0.35821014642715454,False,0.34321148989898986,False,0.6924137473106384,False
GTATGCCTATCTTGCG-1,0.33400803804397583,False,0.3900791701947502,False,-0.4263031482696533,False
GTATGCCTTACTCCAC-1,0.4322763979434967,False,0.6936982922201139,False,0.3641045093536377,False
GTATGCTTGCGACTAA-1,-0.028740672394633293,False,0.3905167373880245,False,-0.2356768548488617,False
GTATGGTGCCGGCAGG-1,-1.6409316062927246,False,-1.5672665739452944,False,-0.5881860256195068,False
GTATGGTGGAGCGGCC-1,0.10343248397111893,False,0.1805,False,0.26320940256118774,False
GTATGTAGCAGGCATA-1,0.02003287523984909,False,1.001709281961471,False,0.8437064290046692,False
GTATGTAGCTCACCTT-1,1.2178454399108887,False,2.079846437346437,False,2.0338568687438965,False
GTATGTAGGCTTAAGA-1,0.1715918332338333,False,0.43083447293447297,False,0.6579676270484924,False
GTATGTGCAAGCCGGA-1,0.2375032603740692,False,0.5033392857142858,False,0.1621641367673874,False
GTATGTTAGTTCTACC-1,-0.6213539838790894,False,-0.7857577319587629,False,-0.7345695495605469,False
GTATTAATGGTTGTGG-1,-0.4348739683628082,False,-0.7851745670009116,False,-0.5398180484771729,False
GTATTACGAGTCAATC-1,0.64071124792099,False,0.7538891423357663,False,0.4582136869430542,False
GTATTACGGCCATTAT-1,-1.3198765516281128,False,-1.177024834437086,False,-0.8290671110153198,False
GTATTACGGTATTGAG-1,0.976040780544281,False,0.6349067085953879,False,1.3829927444458008,False
GTATTAGATTGAGGTC-1,-0.40186968445777893,False,-0.4824238410596026,False,-0.5447511076927185,False
GTATTAGGTTATCTGC-1,-0.1552749127149582,False,-0.021202357563850686,False,-0.39199137687683105,False
GTATTATGAGTTAGCG-1,-0.10760334134101868,False,-0.14249123616236162,False,0.3464227318763733,False
GTATTCCAAGTTACCT-1,1.141539216041565,False,0.13102618243243241,False,-0.6836239695549011,False
GTATTCCGCTCGGATG-1,-0.9153596758842468,False,-0.8890093537414965,False,-0.5790723562240601,False
GTATTCGTGACTTGAT-1,0.3314996659755707,False,0.7412936462507155,False,1.814429759979248,False
GTATTCTAAGTGCTGT-1,0.28930723667144775,False,-0.08469058295964126,False,0.5031008720397949,False
GTCAACAGACGCACGT-1,-2.6313629150390625,False,-3.9452362842892765,True,-1.862216830253601,False
GTCAACAGCATAGATT-1,-1.5732239484786987,False,-1.1857710000000001,False,-1.404839038848877,False
GTCAACAGCGCACCGA-1,-0.7517877221107483,False,-0.7029157427937915,False,-0.8486525416374207,False
GTCAACAGTTAAGTGA-1,-0.4386585056781769,False,-0.40175560022975304,False,-0.4471273124217987,False
GTCAACATAAGATAGA-1,-0.41138845682144165,False,-0.643916735366859,False,-0.44177448749542236,False
GTCAACATGGTGCTAT-1,0.576844334602356,False,0.08126506024096386,False,1.8221384286880493,False
GTCAACCTGACGATAG-1,-1.0791306495666504,False,-1.0136009879253567,False,-0.9619130492210388,False
GTCACCAAGAGCGGTG-1,-1.203952431678772,False,-1.2958374384236455,False,-0.3168390095233917,False
GTCACCTGAGATTGGA-1,1.166806697845459,False,1.2552318925233643,False,0.8964500427246094,False
GTCACTAAGAGGAATA-1,-0.3613116443157196,False,0.08691807580174928,False,1.1157866716384888,False
GTCACTAAGCCAGCGG-1,1.0506339073181152,False,0.5484707297514033,False,0.43359804153442383,False
GTCACTACTCGCGGAG-1,1.3736733198165894,False,1.5437713483146067,False,5.355672836303711,True
GTCACTACTTAATGGA-1,1.2039016485214233,False,1.3477520814061055,False,0.631974458694458,False
GTCACTGAATCTCACC-1,0.28646206855773926,False,0.4667385386819484,False,0.443260133266449,False
GTCACTGTGATAACTC-1,0.7254760265350342,False,0.6945233248515691,False,1.0069283246994019,False
GTCACTTATCCAAGAC-1,0.7333220839500427,False,0.5159870340356564,False,0.4234877824783325,False
GTCACTTATGAATGCG-1,-0.5341888070106506,False,-0.8682444761225944,False,-0.5680946111679077,False
GTCACTTATGTCGTAT-1,-1.8611993789672852,False,-1.9212795637198623,False,0.26896369457244873,False
GTCACTTCTGGAGCGG-1,0.9958669543266296,False,1.1993901595744683,False,0.9371811747550964,False
GTCAGCCAACATCACG-1,0.3172528147697449,False,0.8357934782608695,False,-0.1264287531375885,False
GTCAGCCATTGTGCGG-1,0.625400185585022,False,0.5347333919929609,False,0.8418015837669373,False
GTCAGCCTAATTACGT-1,-0.11592063307762146,False,0.11324123879380603,False,0.9954469203948975,False
GTCAGCCTCCGAACCT-1,-0.73496413230896,False,-1.0111655112651647,False,-0.7100785970687866,False
GTCAGCGATGTAATTG-1,0.3530115485191345,False,0.19936393229166668,False,0.6195263862609863,False
GTCAGCGATTGATTCA-1,0.9890098571777344,False,0.5754662698412698,False,0.16536229848861694,False
GTCAGCTAGATCGACA-1,-1.4720511436462402,False,-1.3858227902946274,False,-1.3492399454116821,False
GTCAGCTGGTGAGGCG-1,0.19971928000450134,False,0.6106374952847982,False,1.258679986000061,False
GTCAGGACAAGCCATG-1,0.052493005990982056,False,0.00939290450928382,False,0.07169679552316666,False
GTCAGGATCAACCAAC-1,2.8059141635894775,False,2.656364197530864,False,-1.346413254737854,False
GTCAGGTGGCTCACCT-1,0.005159679800271988,False,-0.05470944444444445,False,0.6175047159194946,False
GTCAGTAATCCAATTA-1,0.1655551642179489,False,0.42519884653961887,False,2.7706704139709473,False
GTCAGTAGGTGACCGG-1,0.25652262568473816,False,0.2622066842568162,False,0.7156195044517517,False
GTCAGTGAGGATCGTT-1,-1.4610812664031982,False,-1.3292185264663805,False,-0.4558451771736145,False
GTCAGTGCAGCGTTGT-1,-0.9346727728843689,False,-0.8205932112068965,False,-0.6315640211105347,False
GTCAGTGCCAGAATAA-1,0.3051353693008423,False,0.24960106951871658,False,-0.19931310415267944,False
GTCAGTGCTGACAGCG-1,-0.09521923959255219,False,-0.14097326057298773,False,-0.5323143601417542,False
GTCAGTTCTGCCTGGA-1,-0.1336095929145813,False,0.24824679029957203,False,0.6571177840232849,False
GTCAGTTGGAACCACG-1,2.117866039276123,False,0.9653926116838487,False,-1.5346888303756714,False
GTCAGTTGTCGTATGT-1,0.39836639165878296,False,0.4510851735015773,False,0.9761767983436584,False
GTCATCACGTGGTTCA-1,-2.120760679244995,False,-2.3273956043956043,False,-1.2051904201507568,False
GTCATCACTATTGTGC-1,-1.2947803735733032,False,-1.118634904086739,False,-0.6988523602485657,False
GTCATCAGTAGACCAG-1,0.6593018174171448,False,0.7872746815286624,False,2.2244315147399902,False
GTCCAGCACGTTCAGA-1,-0.36715665459632874,False,-0.47489457459926016,False,0.36046358942985535,False
GTCCATCTATACAAGG-1,1.1958680152893066,False,0.3621517775752051,False,-0.4434177875518799,False
GTCCGACAGCCGCATT-1,1.1375254392623901,False,0.8491755070202809,False,1.119499921798706,False
GTCCGTCGGCATGCGT-1,-1.594426155090332,False,-1.5543324829931973,False,-0.6042745113372803,False
GTCCTCCGGATTATAC-1,0.5181240439414978,False,0.5369823232323232,False,-0.5536675453186035,False
GTCCTGCTTACGGCTG-1,0.5020917654037476,False,0.6277629921259843,False,-0.8815823793411255,False
GTCCTTATACATTACG-1,0.20801782608032227,False,0.24955073995771668,False,0.41774535179138184,False
GTCCTTCATCAGATCA-1,-0.9554829597473145,False,-0.4262555182341651,False,0.02420143596827984,False
GTCCTTCATGGATTAG-1,-1.270642638206482,False,-0.9372362707535121,False,0.07909449189901352,False
GTCCTTCGGAACCTGC-1,-0.6559719443321228,False,-0.32444303797468355,False,0.25655362010002136,False
GTCGAAGTCGTGTTCT-1,-1.2244746685028076,False,-0.9538253816793894,False,1.0572381019592285,False
GTCGAGACCGTCCGTT-1,2.2460272312164307,False,1.817466723549488,False,0.2084229588508606,False
GTCGAGACTGCCTAAG-1,0.334781676530838,False,0.5662622377622377,False,0.043228909373283386,False
GTCGAGTGATTACTGT-1,-0.35106995701789856,False,-0.22882150776053214,False,-0.5574039220809937,False
GTCGCACGCAGCCTGC-1,-1.7225725650787354,False,-1.5117728006456819,False,-0.8809605836868286,False
GTCGCAGATTACTGCA-1,0.43070459365844727,False,0.01648777777777778,False,1.5755387544631958,False
GTCGCAGTATTAGGAT-1,0.788993239402771,False,0.8452715700141442,False,0.8712267279624939,False
GTCGCATTACCAGGCA-1,0.47835224866867065,False,0.36001287744227356,False,0.8843907117843628,False
GTCGCTAAGTGAGGTT-1,0.26702386140823364,False,-0.2713421339139902,False,-0.1842774748802185,False
GTCGGCCGTTGTGAAT-1,-1.1262705326080322,False,-2.8990528846153847,False,-3.0550694465637207,False
GTCGGCCTCCGGCATC-1,1.9929736852645874,False,2.047754280821918,False,1.5077134370803833,False
GTCGGCCTCGGTTCAT-1,0.4413525462150574,False,0.04471475256769374,False,-0.19477038085460663,False
GTCGTAGACTGACAAG-1,-0.272431343793869,False,-0.16141355777979982,False,0.32358306646347046,False
GTCGTGTTCATGTCAG-1,-1.710302472114563,False,-1.3412023121387282,False,0.8688665628433228,False
GTCTAAGATCGGACTA-1,0.2927475869655609,False,0.24859788602941174,False,0.3902361989021301,False
GTCTAAGCGGCACGCC-1,1.1293233633041382,False,1.0650935852372583,False,0.9426210522651672,False
GTCTAATACGGCTAAG-1,0.5359996557235718,False,0.6362211350293542,False,0.7867534756660461,False
GTCTAATCGAATTGGA-1,-0.7504539489746094,False,-0.5853982826948481,False,-0.44170689582824707,False
GTCTAGCGTTGTGACC-1,-0.7621365189552307,False,-0.5218046808510638,False,-0.31679826974868774,False
GTCTAGGACAGGATAA-1,0.5086284279823303,False,0.9247070657507359,False,0.4659813940525055,False
GTCTAGTCTAGCGACG-1,-0.002531631849706173,False,-0.2844920792079208,False,-1.966392159461975,False
GTCTATAGAATCGAGC-1,-0.9402991533279419,False,-1.1654689226519337,False,-0.36515867710113525,False
GTCTATCAATGGATTA-1,-0.23560048639774323,False,-0.04983990147783251,False,-0.020443826913833618,False
GTCTATCAGTACTAAT-1,0.39756155014038086,False,0.28283247687564234,False,1.0124354362487793,False
GTCTATCCAGGACGTC-1,-0.9666491746902466,False,-0.5673833746898262,False,-1.4951846599578857,False
GTCTATGGTGAAGAGC-1,-2.066756010055542,False,-1.8246483166515013,False,0.36828237771987915,False
GTCTATGTTAATAGAA-1,0.005031649488955736,False,-0.17482661996497373,False,0.46681615710258484,False
GTCTATTAGTGAGGCC-1,-0.06017812713980675,False,0.09265319389485585,False,1.345560908317566,False
GTCTATTGCGAGTTAC-1,-0.33690160512924194,False,-0.7383615870153291,False,-0.8976954817771912,False
GTCTCAATACTATGAG-1,-0.757269024848938,False,-0.7730659025787966,False,-0.20479366183280945,False
GTCTCATGACTAGTTG-1,-0.9846450686454773,False,-0.7956694214876032,False,-0.5577101707458496,False
GTCTCGACTGACGAGT-1,-0.9430286884307861,False,-0.8883582054858206,False,-0.75966477394104,False
GTCTGAACAAGGTTAG-1,1.0739740133285522,False,1.1648145009416195,False,-0.9408187866210938,False
GTCTGAAGGCCTTAAT-1,0.3240217864513397,False,0.7997361111111111,False,0.15378302335739136,False
GTCTGATAGATTATAA-1,0.7518637776374817,False,0.6040445580715851,False,0.4567280113697052,False
GTCTGATATCTGAATT-1,1.0046908855438232,False,1.3407040106951873,False,2.7842488288879395,False
GTCTGCTCAACACCAA-1,-1.0814510583877563,False,-1.0016198372966207,False,-1.4047152996063232,False
GTCTGTGGATCTGACG-1,-0.49961885809898376,False,0.08358357348703169,False,0.2890412211418152,False
GTCTTCGATAGGTGTT-1,0.5812458992004395,False,0.5396465814917126,False,0.6720447540283203,False
GTCTTCGGTAGCTACA-1,0.07646069675683975,False,0.31580208333333337,False,0.1607225090265274,False
GTCTTGAACAATTACA-1,-0.5560176372528076,False,-0.47892305407011293,False,-0.7181196212768555,False
GTCTTGAAGATTCATG-1,-1.2644691467285156,False,-0.9719584139264991,False,-1.0413260459899902,False
GTCTTGACAATAGCAA-1,-1.0531318187713623,False,-0.17978983340452798,False,0.4838358759880066,False
GTCTTGACCGGAGGCC-1,1.4455019235610962,False,1.3779484978540772,False,0.9264398813247681,False
GTCTTGATTGCCACCT-1,0.8765488862991333,False,0.1864794117647059,False,-0.3354108929634094,False
GTCTTGCGATGAATGC-1,1.3310966491699219,False,1.5477933145009415,False,1.8583015203475952,False
GTCTTGCGGCGATTCA-1,0.8930327296257019,False,0.8115659809332665,False,0.9260884523391724,False
GTCTTGCTCAGATTAC-1,-0.28673726320266724,False,-0.2744298367008027,False,0.22058546543121338,False
GTCTTGTATTGTAGAT-1,-2.620115041732788,False,-2.8840689655172413,False,-1.2845985889434814,False
GTGAACATTCAACGAT-1,0.6642931699752808,False,0.7416058673469388,False,0.8058586120605469,False
GTGAACGGTTCTAACG-1,0.8863530158996582,False,0.8657266666666666,False,0.9231254458427429,False
GTGAACTCGTGGTATC-1,-0.7138214707374573,False,-0.8882198986058301,False,-0.8270880579948425,False
GTGAACTGAGTTCGGC-1,0.010605622082948685,False,-0.05447503671071952,False,-1.1868319511413574,False
GTGAAGATGAGTGCCT-1,1.2003393173217773,False,2.172844827586207,False,2.2845542430877686,False
GTGAAGCCACAACCGG-1,0.05425883084535599,False,-0.07711509146341462,False,0.08483230322599411,False
GTGAAGTATTGGTCAC-1,-0.4669641852378845,False,-0.15775833965125094,False,-0.9259414076805115,False
GTGAAGTGATCGTGCT-1,0.3157669007778168,False,0.42180871923237384,False,0.5888004899024963,False
GTGAATTAGACATTGC-1,0.4112929403781891,False,0.2617836583101207,False,0.9939389228820801,False
GTGACAAGATGCTCAT-1,0.6083353757858276,False,0.6713692625064467,False,0.4863182008266449,False
GTGACAATTGCGATAA-1,-0.35657998919487,False,-0.2892342627798901,False,-0.6882511377334595,False
GTGACACCAAGTGAAT-1,-0.19593286514282227,False,-0.515149375,False,-0.8088768124580383,False
GTGACAGCCTAGCCTC-1,0.8744680285453796,False,0.7510222222222223,False,1.9023908376693726,False
GTGACATACAGGTCCT-1,0.06796521693468094,False,0.0569109375,False,-0.529018759727478,False
GTGACATAGTTAGCTG-1,1.0875648260116577,False,1.2401521164021163,False,0.6480194926261902,False
GTGACATATGCTAGAT-1,0.38599541783332825,False,-0.5377081984897518,False,-0.3488159477710724,False
GTGACATGCAATTAAT-1,0.13999000191688538,False,0.09383288166214995,False,0.20232148468494415,False
GTGACATGTACCACCT-1,-0.4144372344017029,False,-0.39172268408551064,False,-0.6794570684432983,False
GTGACCAGATCGAGAT-1,0.3611554801464081,False,-0.06753658536585365,False,0.26638263463974,False
GTGACCGGAGTCATAC-1,-1.192602515220642,False,-0.9252756410256411,False,-0.546547532081604,False
GTGACCGTGGATTAGC-1,-2.3044803142547607,False,-1.308056879496403,False,-0.6151342391967773,False
GTGACTATGGCATGGA-1,-0.7838732600212097,False,-0.8631994047619047,False,-0.7656694054603577,False
GTGACTGTCCTGGTAT-1,-0.22005531191825867,False,-0.1877742557883131,False,-0.5244182348251343,False
GTGACTTCCTCACGAC-1,-0.16745661199092865,False,0.4330668224299066,False,1.1828632354736328,False
GTGAGGTCACAGGCCA-1,-0.3748495578765869,False,-0.6174381778741865,False,-0.6144161820411682,False
GTGAGGTTGGACGGCG-1,0.269355446100235,False,0.04679900881057268,False,-0.76041179895401,False
GTGATCTACGAGATCC-1,-0.7130066752433777,False,-2.219242144177449,False,-2.8873097896575928,False
GTGCAACGACGGTGTT-1,0.5522728562355042,False,0.5581983455882353,False,0.8939815163612366,False
GTGCAACTACTGTACG-1,0.6967574954032898,False,0.38728516377649325,False,0.4282327890396118,False
GTGCACCAATCATAAC-1,0.6935271620750427,False,0.30416760762173606,False,-0.6083093881607056,False
GTGCACCGAATGTTAA-1,0.13156621158123016,False,0.49609396751740137,False,1.8519306182861328,False
GTGCACTTGTAAGCAC-1,0.3961079716682434,False,0.5841030927835053,False,-0.10847239941358566,False
GTGCACTTGTTCCTGG-1,0.11485820263624191,False,0.008118355065195587,False,0.06410893052816391,False
GTGCAGAAGGTGCGAG-1,0.23320914804935455,False,0.557655102954342,False,0.7178499102592468,False
GTGCAGCCGGTCTGCA-1,0.798468291759491,False,0.4847470449172577,False,0.13753466308116913,False
GTGCAGGACTCCAAGG-1,-0.3537488281726837,False,-0.5083239107883817,False,-0.8042137622833252,False
GTGCAGGCACTCTAGG-1,0.7162107825279236,False,0.6767911005434782,False,1.0075258016586304,False
GTGCAGTGGTAGATTC-1,-0.5140774846076965,False,-0.44290984222389185,False,1.0381892919540405,False
GTGCAGTTGTGGCGCT-1,-0.844804584980011,False,-0.9628087071240106,False,1.3731040954589844,False
GTGCATGGTTGAGTTC-1,-0.7548952698707581,False,-0.4661027586206896,False,-0.4290218949317932,False
GTGCATTCCTGTGGTC-1,0.5944922566413879,False,0.4661633136094675,False,-0.33340081572532654,False
GTGCATTGCAATGTTG-1,-0.7363783121109009,False,-0.7041197996918336,False,1.626988172531128,False
GTGCCGCATCCTTCCT-1,-0.2822301387786865,False,-0.340008691206544,False,-0.6731971502304077,False
GTGCCGTCCTGTCAGC-1,0.9188311100006104,False,1.1496830835117775,False,0.9011624455451965,False
GTGCCTGACACGTTGG-1,1.2188098430633545,False,1.2171726671565024,False,0.5753241777420044,False
GTGCGGCATGCTCATC-1,-0.3432825803756714,False,-0.44859090909090904,False,-0.48539188504219055,False
GTGCGTTCACGGATAA-1,0.03631553798913956,False,-0.04047,False,-0.39096903800964355,False
GTGCTCAATGCAACCT-1,1.83617103099823,False,1.4965185060565276,False,0.18876099586486816,False
GTGCTCGACGTGAACT-1,-1.1034629344940186,False,-0.9714695550351288,False,-0.5890324115753174,False
GTGCTCGCTTGATCGG-1,-1.0896676778793335,False,-0.8634681362725452,False,-1.0319710969924927,False
GTGGAACAGAAGTCGA-1,0.5984240770339966,False,0.4631851265822785,False,0.4823831021785736,False
GTGGACCAACTAGGAG-1,-1.2376792430877686,False,-0.9829603658536585,False,-0.37941840291023254,False
GTGGAGTACAATCAAT-1,0.0835653617978096,False,0.34671364795918364,False,-0.8742591142654419,False
GTGGCGACCTAATATT-1,-0.9550714492797852,False,-0.9135076086956522,False,-1.198943853378296,False
GTGGCGACCTTGATTC-1,-0.5437264442443848,False,-0.6313075679172057,False,-0.803560197353363,False
GTGGCGACTGATTAAC-1,1.3324419260025024,False,1.453214592274678,False,0.46892645955085754,False
GTGGCGAGGAAGGCTA-1,-0.7465513944625854,False,-0.7230965673330818,False,-0.6741567850112915,False
GTGGCGATAGGCAGAA-1,0.5628492832183838,False,1.1578172185430462,False,1.1648937463760376,False
GTGGCGATCTGCGATA-1,-1.5414448976516724,False,-1.4203936491935485,False,-0.688264787197113,False
GTGGCGCACCTGTTCC-1,0.8219027519226074,False,0.6405284321689683,False,0.9660378098487854,False
GTGGCGCCACGCTGAG-1,0.011973133310675621,False,-0.8028924380704041,False,-0.7398706078529358,False
GTGGCGCCACTACGCT-1,-0.7748928666114807,False,-0.785578373015873,False,0.7284022569656372,False
GTGGCGCCAGACTCGA-1,0.081104576587677,False,-0.3617978723404255,False,-0.7857236862182617,False
GTGGCGCCAGCTAACC-1,-0.20278987288475037,False,-0.17949973677283496,False,-0.3218533992767334,False
GTGGCGGACATTCTCG-1,2.3011019229888916,False,1.1945281774580336,False,0.5002331733703613,False
GTGGCGGTCCGGATGA-1,1.0844751596450806,False,1.3876870324189525,False,4.3707685470581055,True
GTGGCTGAATGCGAGT-1,-1.1960519552230835,False,-1.0890364583333332,False,0.5495700836181641,False
GTGGCTTCCTACCGTT-1,-1.0046751499176025,False,-0.8828684678279417,False,0.7079580426216125,False
GTGGTACTGGTTCCAA-1,0.3911721110343933,False,0.06672212230215827,False,0.8792675733566284,False
GTGGTACTGTTGTAGC-1,-0.9264019131660461,False,-1.0105812475933769,False,-0.3074236810207367,False
GTGGTACTTGGTTGGA-1,-0.15116433799266815,False,-0.035678841309823676,False,-0.160455584526062,False
GTGGTAGGTCTAAGAA-1,0.6202353835105896,False,-0.4289067944250871,False,-1.18096923828125,False
GTGGTCGCTCTGTAGC-1,-0.3341345489025116,False,0.07807717041800644,False,-0.35584312677383423,False
GTGGTTACCTTGCGCA-1,-1.4186427593231201,False,-1.387236961451247,False,0.677588939666748,False
GTGGTTGCCGCTTCAA-1,-0.36168670654296875,False,-0.29652826564215146,False,-0.15652239322662354,False
GTTAACAACTTCGGAT-1,-0.036761574447155,False,-0.09264757604562737,False,0.1076892614364624,False
GTTAACTCCGACCACT-1,-0.21633559465408325,False,-0.27823125,False,-0.4483203589916229,False
GTTAATACATAATGCT-1,0.0721861943602562,False,-0.08879843110504775,False,-0.6240824460983276,False
GTTAATACGACACGCC-1,-0.9036343097686768,False,-0.8876250978856695,False,0.018749209120869637,False
GTTAATGGCGCAACGC-1,0.13453418016433716,False,-0.3087980877390326,False,-0.8139023184776306,False
GTTAGACAATGGATGA-1,0.2531851828098297,False,0.041616414435389985,False,-1.6845299005508423,False
GTTAGAGGTGTTAAGA-1,-1.016926646232605,False,-0.8700838557993731,False,-0.33032092452049255,False
GTTAGGAAGTATACGA-1,-1.3029651641845703,False,-1.0585361271676301,False,1.1443053483963013,False
GTTAGGCCTGAACATC-1,-0.08341947942972183,False,-0.12663859790491538,False,0.6623739004135132,False
GTTAGGTACTAACTGG-1,-0.29641973972320557,False,-0.34474444444444446,False,-0.7028438448905945,False
GTTAGGTCCACTGGCG-1,0.03064270131289959,False,0.20922451994091582,False,-0.15694734454154968,False
GTTATGATACGATTAT-1,-0.011155294254422188,False,-0.2569886941775014,False,0.39359498023986816,False
GTTATGTTGCTTAGAT-1,-0.3996710181236267,False,-0.031022997032640953,False,-0.5669463276863098,False
GTTATTCGCCGATCGC-1,0.2647598683834076,False,0.2242879522943198,False,0.4283459782600403,False
GTTATTCGGCCATTCG-1,1.56156325340271,False,1.1957544788273615,False,1.3260616064071655,False
GTTATTCGTAACGTCC-1,-0.3145515024662018,False,-0.26643950177935943,False,-0.4105692505836487,False
GTTATTGACCTCATTC-1,-1.262495517730713,False,-1.0973056710775049,False,-0.7294548749923706,False
GTTATTGCTGAATCCG-1,-0.016564076766371727,False,-0.058995380351093314,False,0.26818251609802246,False
GTTATTGGCATGTAGA-1,0.19268609583377838,False,0.1386933216168717,False,-0.5647353529930115,False
GTTATTGTCTATTCAT-1,-0.3060675859451294,False,-0.26575651607298,False,-0.5468474626541138,False
GTTCATACCTTGGTTA-1,0.23197093605995178,False,0.48015254237288135,False,-0.21643996238708496,False
GTTCATCTTACATTCC-1,-0.21354490518569946,False,-0.145362043251305,False,-0.04865291342139244,False
GTTCCAGTGCCTTACC-1,-0.7907603979110718,False,-0.8962250384024577,False,-1.201596736907959,False
GTTCCATGAATCGCAT-1,0.08629654347896576,False,0.26276173913043477,False,-0.11487612128257751,False
GTTCCGAGTATGATCG-1,2.5071208477020264,False,2.6361547277936963,False,6.141848087310791,True
GTTCCGGCTGAGCCGA-1,0.14837421476840973,False,0.1916580944350759,False,1.574310541152954,False
GTTCCGGCTGCAGTCA-1,-1.0836217403411865,False,-0.8387041198501873,False,-1.0069481134414673,False
GTTCCGTAACTAATAC-1,1.3141794204711914,False,1.654398611111111,False,0.32360151410102844,False
GTTCCGTACCTCCACT-1,-0.3474578559398651,False,-0.16117723669309175,False,-0.722229540348053,False
GTTCCGTCATACGGCT-1,-0.8843683004379272,False,-0.5592167470709856,False,-0.3151037395000458,False
GTTCCGTCTTATCTTA-1,-1.057253360748291,False,-0.8574727813357731,False,-0.22199851274490356,False
GTTCCTGAACCTTCAA-1,-1.1031969785690308,False,-1.22162660944206,False,0.15042977035045624,False
GTTCCTTGAGGAACGC-1,-3.201533079147339,True,-3.674587941976428,True,-1.3663126230239868,False
GTTCGAATCACGTACG-1,0.38225147128105164,False,0.43523113964687,False,-0.3013547360897064,False
GTTCGCTGGTATTAGA-1,-0.10535427927970886,False,-0.07787372218881539,False,0.0307035893201828,False
GTTCGTAGGTAGTGAA-1,-0.5097249150276184,False,-1.1639809027777777,False,-1.525964617729187,False
GTTCTACTATACGAAC-1,-1.2258856296539307,False,-0.8526698113207547,False,-1.2530256509780884,False
GTTCTACTTATGGTAG-1,0.12839780747890472,False,-0.0662573673870334,False,1.5170087814331055,False
GTTCTGGACACGCAAC-1,0.13647638261318207,False,-0.02090768194070081,False,1.4069256782531738,False
GTTCTTACTGAAGTAT-1,-0.536592423915863,False,-0.8167138554216867,False,-0.08433802425861359,False
GTTCTTGATCTGTTGA-1,-0.5064213275909424,False,-0.5396,False,-0.4341522455215454,False
GTTGAACCAGGATCGC-1,0.26071134209632874,False,0.34745987506006726,False,-0.5355532765388489,False
GTTGAACTACCGTTCA-1,-1.1006419658660889,False,-1.2813186106346484,False,0.4387497007846832,False
GTTGAAGGAAGTCGGC-1,-1.0586984157562256,False,-0.9727210682492581,False,-0.5703946352005005,False
GTTGAATAAGTCAGCA-1,-0.4260678291320801,False,-0.2985745412844037,False,0.1846536248922348,False
GTTGAATCAACCTGGC-1,0.7363719344139099,False,1.0572004530011325,False,-0.3218189477920532,False
GTTGAATGGTACAGTA-1,1.2031152248382568,False,1.1609507512520867,False,1.6306469440460205,False
GTTGAATGTCCTTCTG-1,1.8859814405441284,False,2.0802173350582147,False,0.20479856431484222,False
GTTGAATGTTGCTGCC-1,-0.5037689805030823,False,-0.6755994295028525,False,-0.8913214802742004,False
GTTGAATTATTCGGTG-1,0.08881673961877823,False,0.03848646671543526,False,-0.7788817882537842,False
GTTGAATTCATAAGAT-1,0.46844732761383057,False,0.6135980991174474,False,2.5137381553649902,False
GTTGACATGAACCAAC-1,0.0850244015455246,False,0.651123415046492,False,0.03295877203345299,False
GTTGACGAACCAGAAC-1,0.6931153535842896,False,-0.48413125,False,-1.5054396390914917,False
GTTGACGGATAGCCAT-1,0.6862080693244934,False,0.9168984374999999,False,0.9985190629959106,False
GTTGACGTCAGATTAG-1,-0.5851142406463623,False,-0.2799565637065637,False,-0.17043933272361755,False
GTTGACTACAACATAC-1,1.0531665086746216,False,0.6483858889454917,False,0.39499431848526,False
GTTGACTAGAGCACGT-1,-0.7789148092269897,False,-1.0107818181818182,False,-0.9300094842910767,False
GTTGACTTCTATGCTG-1,0.6439693570137024,False,0.47140469613259667,False,0.6070643067359924,False
GTTGAGAATCACGGAG-1,0.49862703680992126,False,0.2727948841698842,False,0.4839843809604645,False
GTTGAGCTTCGTCCGG-1,-0.0773845762014389,False,-0.24327941176470588,False,0.6655207276344299,False
GTTGCAGCCGGCTTGG-1,0.5533859133720398,False,0.4466961189099917,False,1.203118920326233,False
GTTGCCACAAGTCATA-1,-0.516298234462738,False,-0.32139376130198916,False,0.020220600068569183,False
GTTGCCACGACAAGAA-1,0.44747331738471985,False,0.5733902321083172,False,0.5774888396263123,False
GTTGCCATCTACGCAC-1,-0.005188054870814085,False,0.24760126582278477,False,1.8715276718139648,False
GTTGCCGGTGGAAGTA-1,-1.3046725988388062,False,-0.9257565582371459,False,-0.4594080448150635,False
GTTGCTACGTCTTAAT-1,0.07708535343408585,False,0.13576428190069406,False,0.23865708708763123,False
GTTGCTAGATCGTTGA-1,1.40937340259552,False,1.50247509765625,False,3.242192268371582,True
GTTGCTAGTCCATACC-1,-0.6679571866989136,False,-0.9233527950310558,False,-0.6795494556427002,False
GTTGCTCCTGAGATTC-1,0.375766783952713,False,0.2897561369509044,False,-0.2853512167930603,False
GTTGCTGACTCATTCG-1,-0.10745859891176224,False,-0.06655266075388026,False,-0.9064427018165588,False
GTTGGCGTGAGCGACC-1,0.5449498891830444,False,0.5365178002125398,False,1.1467535495758057,False
GTTGGTCCGCCAATCT-1,1.8517084121704102,False,1.1477299854439593,False,0.776837170124054,False
GTTGTCCTGTGATGTA-1,0.6068037152290344,False,0.864883064516129,False,-0.48857954144477844,False
GTTGTCCTTGAGCGGT-1,-3.0769481658935547,True,-3.012952479338843,True,-1.2444921731948853,False
GTTGTCGAACCATGTT-1,-0.2768546938896179,False,-0.17497110215053763,False,0.015340114012360573,False
GTTGTCGTAATATGGA-1,1.238390326499939,False,1.3153929195804197,False,0.4168671667575836,False
GTTGTCGTGGCATTAC-1,-0.17626707255840302,False,-0.2875530238500852,False,-0.6853318810462952,False
TAACAGCAGGCCTTAC-1,-0.2685967683792114,False,0.059218612818261636,False,0.7029340267181396,False
TAACAGGAACCGACAA-1,0.16144631803035736,False,0.34391821449970045,False,0.03354092314839363,False
TAACAGGTCCATACCA-1,-0.4307985007762909,False,-0.5883214285714287,False,-0.8987501859664917,False
TAACAGTCTACTATGG-1,0.3678044080734253,False,0.25392016317016314,False,-0.6045827865600586,False
TAACAGTTCCACTTCG-1,0.21033883094787598,False,0.3239240121580547,False,0.17031778395175934,False
TAACATGCGTGCGAAC-1,0.6660391092300415,False,0.4433244005641749,False,0.5805704593658447,False
TAACATGGCCACCTCC-1,-0.2779480814933777,False,-0.06396120689655173,False,-0.10621174424886703,False
TAACCAAGGTGCTCTA-1,-0.0824941024184227,False,-0.047512316335350045,False,-0.595885157585144,False
TAACCAGATACGCTTC-1,-0.35524511337280273,False,-0.22970336943441635,False,1.2805194854736328,False
TAACCGGATGGACAGG-1,-1.800872564315796,False,-1.2697497412008283,False,0.6536483764648438,False
TAACCGTACTTCTAAC-1,0.36602118611335754,False,1.3147317224287485,False,0.596644937992096,False
TAACCTTGAGACTTCG-1,-0.23607829213142395,False,-0.6804605867797808,False,-0.608225405216217,False
TAACGAATCCTAGATA-1,1.8410090208053589,False,1.3671317204301074,False,1.2063440084457397,False
TAACGACCTTGCCTAT-1,-0.5932892560958862,False,-0.47170478547854783,False,-0.6642561554908752,False
TAACGACTGGCCGTCG-1,-0.5600815415382385,False,-0.11583264272559853,False,-0.6261540651321411,False
TAACGAGCCGAAGGTC-1,-0.6870706081390381,False,-0.7478002551020408,False,-0.563327431678772,False
TAACGAGCGTCTGGCC-1,-0.8271375894546509,False,-1.0062213114754097,False,0.9477274417877197,False
TAACGAGCTATCCGTC-1,1.3968102931976318,False,1.4402689768976897,False,1.1089259386062622,False
TAACGAGTTGCCAACC-1,-0.73958420753479,False,0.038348073278584964,False,0.5425603985786438,False
TAACGCATTGGTCCAA-1,0.231403648853302,False,0.49136759776536315,False,0.9807267189025879,False
TAACGCCGAGTACACG-1,0.7768523693084717,False,0.7651168857847165,False,-0.35559090971946716,False
TAACGCGGCTATAGGT-1,-0.36732831597328186,False,-0.3082924083769633,False,-0.3993839919567108,False
TAACGCGTAATATGGC-1,-0.981412410736084,False,-0.5553056133056132,False,0.00757951382547617,False
TAACGCGTCCTACAAC-1,0.7790878415107727,False,0.6416726235741445,False,1.7053632736206055,False
TAACGCTAGTACGCAG-1,-0.4060328006744385,False,-0.4077321855571497,False,-0.6222785711288452,False
TAACGCTCACATTCTA-1,-0.2277831733226776,False,-0.10784810126582278,False,0.37222030758857727,False
TAACGCTCATACGGCA-1,0.749886691570282,False,0.6236044479745829,False,0.8426554203033447,False
TAACGCTTATGCCATA-1,0.5426521897315979,False,0.48172846108140227,False,0.9725878834724426,False
TAACGCTTCGGCACTT-1,-0.1665368378162384,False,-0.10266725663716814,False,0.43220317363739014,False
TAACGTCACTATAATC-1,-0.812771737575531,False,-0.6614160535117057,False,-0.17255768179893494,False
TAACGTGATTCACTAG-1,-0.19698770344257355,False,-0.9124472944483485,False,-0.6867314577102661,False
TAACGTGCCATAGTTA-1,0.34377163648605347,False,1.4521588235294118,False,-0.5965602993965149,False
TAACGTTGCGTCGATG-1,0.5662517547607422,False,0.41903542234332425,False,0.2861771285533905,False
TAACTCCAACATGGAC-1,-0.890535295009613,False,-0.9160762411347517,False,-0.4780593812465668,False
TAACTCCAGGTAGGCT-1,1.3222460746765137,False,1.2484039699570817,False,0.8595587611198425,False
TAACTCCGATACGTAA-1,0.5933957099914551,False,0.6535404500401821,False,0.4787495732307434,False
TAACTTAACCTCGGTG-1,0.3315894603729248,False,0.2756085237258348,False,-0.660677433013916,False
TAACTTGCACGGCGGA-1,0.03522263467311859,False,0.06150089392133492,False,0.9069098234176636,False
TAAGAACAGGTGTAAC-1,1.104299545288086,False,0.890310737527115,False,1.192805290222168,False
TAAGAATATGAGATAG-1,0.284013956785202,False,-0.12296935608999224,False,-0.8598536252975464,False
TAAGACCGAGTGAACA-1,-0.536555290222168,False,0.1217624703087886,False,0.21708838641643524,False
TAAGACCTCAAGTGCC-1,-0.16437534987926483,False,-0.21182170212765958,False,-0.3233591318130493,False
TAAGATTGAGATTACA-1,-0.1934899091720581,False,-0.45033185404339254,False,-0.6642190217971802,False
TAAGATTGCAAGTTCT-1,0.01986161805689335,False,1.6289588441330998,False,1.0522023439407349,False
TAAGATTGCTCACTTC-1,-0.19051767885684967,False,-0.5211090342679128,False,0.3139914274215698,False
TAAGATTGGCGGTCGT-1,-3.460247039794922,True,-2.9744233466933867,False,-0.2964206337928772,False
TAAGCAAGTAATGTGG-1,-0.40820953249931335,False,-0.5566351535836177,False,-0.22025328874588013,False
TAAGCACGAGACCTAC-1,1.0530695915222168,False,0.9917787709497206,False,0.9586378931999207,False
TAAGCAGTAGATACTC-1,-0.11816661059856415,False,-0.09104218040233614,False,0.1986980438232422,False
TAAGCCACAATTGCCT-1,-1.1382008790969849,False,-1.047811028917283,False,0.2842874228954315,False
TAAGCCATACGACACG-1,0.5553752779960632,False,0.7060694514343231,False,1.2988184690475464,False
TAAGCCTGGCTTCAGT-1,0.21632398664951324,False,-0.2398799929922915,False,-0.678167462348938,False
TAAGCCTGTAGCGTCC-1,0.6384752988815308,False,0.4364793269230769,False,1.0436615943908691,False
TAAGCTCCTTCACGCC-1,0.19533081352710724,False,0.27465008361204013,False,0.1512235850095749,False
TAAGGACGCCTGGTTG-1,-0.28877636790275574,False,-0.3463570510072867,False,-0.6563657522201538,False
TAAGGATCTGAAGATA-1,-0.1027032658457756,False,-0.4982995008319468,False,-0.19037796556949615,False
TAAGGTACGGATAGTG-1,-0.6429323554039001,False,-0.488523976023976,False,0.5416358113288879,False
TAAGGTATGAATGCTA-1,0.029703227803111076,False,0.12607476635514017,False,0.12856373190879822,False
TAAGGTCCGTGACCGT-1,-0.6771863102912903,False,-0.10549697275479314,False,0.06669233739376068,False
TAAGTGGCCGCTCACC-1,0.8470370769500732,False,0.7234976816074189,False,0.7580146789550781,False
TAAGTGTCAAGGTGGC-1,-0.2852965295314789,False,-0.3609791116974494,False,-0.8326072096824646,False
TAATACCATTCTAGAT-1,1.0648369789123535,False,0.7701165670367208,False,1.8947044610977173,False
TAATACCGTTAATTGC-1,-0.7021002173423767,False,-0.6910816812053925,False,-0.39666542410850525,False
TAATAGCGCTGTACTC-1,0.8391644954681396,False,0.6251371508379888,False,0.5775659084320068,False
TAATAGGCTTGCTGAA-1,0.8231240510940552,False,1.1569890510948904,False,2.2051424980163574,False
TAATCGACATTGTTGG-1,-0.8379508852958679,False,-0.7491738868832731,False,-0.5809634327888489,False
TAATCGCAATGTAATA-1,-0.052119217813014984,False,0.03878375,False,0.12495320290327072,False
TAATCTGATAAGATGT-1,0.0005036966176703572,False,0.0045125,False,-0.23466062545776367,False
TAATGACGAAGCGGCT-1,0.24635475873947144,False,0.24424340527577937,False,0.08189434558153152,False
TAATGATCCGGTTATT-1,0.908989429473877,False,1.5044058317399618,False,1.1844093799591064,False
TAATGATCTACTAACC-1,0.7268602848052979,False,0.7299607013301088,False,0.40299785137176514,False
TAATGGCAGATGTCGG-1,-1.293239712715149,False,-2.385171551724138,False,-1.1277146339416504,False
TAATGTGCACGATCTG-1,0.65070641040802,False,0.671741935483871,False,0.882863461971283,False
TAATTAAGGAGTACTG-1,-0.9450515508651733,False,-1.084130740393627,False,-0.9355025291442871,False
TAATTACCGGTGCGAG-1,0.36362504959106445,False,0.3338637039791744,False,1.079124927520752,False
TAATTAGCTCGATTGT-1,-0.421122282743454,False,-0.9241863753213366,False,1.1041207313537598,False
TAATTCCTGCAGAAGG-1,0.6667612791061401,False,1.1617270588235293,False,-0.8905442953109741,False
TAATTGACGTCGTTCC-1,-0.27709871530532837,False,-0.13422885572139304,False,-0.10301835089921951,False
TAATTGATTCTGTCGC-1,0.001996736042201519,False,0.10778092783505155,False,0.17545323073863983,False
TACAACGGACGGCTCA-1,1.2799932956695557,False,0.8747421875000001,False,1.5961393117904663,False
TACAAGCAGATCGTTG-1,0.503874659538269,False,0.30751566125290025,False,0.6163300275802612,False
TACAAGCGCCTCTACA-1,-0.6207154989242554,False,-0.4272658626114315,False,-0.004884146619588137,False
TACAAGCGGAAGTACG-1,0.25825437903404236,False,0.3588601941747573,False,0.9892996549606323,False
TACAAGGTCGACAAGT-1,-1.0501506328582764,False,-1.598046153846154,False,-1.6528701782226562,False
TACAAGTCCACGGTGA-1,-0.883136510848999,False,-0.6059258333333333,False,-0.44236040115356445,False
TACAAGTCGAATGCAA-1,0.7368459105491638,False,0.5090566037735849,False,0.6992506980895996,False
TACAAGTGGTCTGAGG-1,0.8309366106987,False,1.2723522727272727,False,1.3868911266326904,False
TACAAGTGTCTGTCCG-1,0.5493513941764832,False,0.5930774962742176,False,0.19410990178585052,False
TACAAGTTATACGCTG-1,-2.6275863647460938,False,-2.611393906420022,False,-0.8118091225624084,False
TACACCTCGTACTCCA-1,2.4346513748168945,False,2.6286461693548384,False,-0.44004830718040466,False
TACACCTTGCGGCAGG-1,-0.5439634323120117,False,-0.6010072639225181,False,2.1608211994171143,False
TACACGAACAGCTACT-1,1.196199893951416,False,1.3188993624772314,False,1.3678011894226074,False
TACACTCAGCGTATAA-1,0.4071384370326996,False,0.4370857400722022,False,0.4220091700553894,False
TACACTCAGTAGAATG-1,-0.8954428434371948,False,-0.7343219145940872,False,-0.3053569793701172,False
TACACTGAATAGCAGA-1,0.01001674123108387,False,-0.08229011579818031,False,-0.09962546080350876,False
TACACTGCAGGTTAGA-1,-0.13837207853794098,False,-0.3791307189542484,False,-0.40597864985466003,False
TACACTGCGTCCGGAC-1,0.2340172976255417,False,-0.05188461538461538,False,0.9168736338615417,False
TACACTGTAGTCAACG-1,0.3480677604675293,False,0.4567368972746331,False,-0.25573140382766724,False
TACACTGTCGAACCAA-1,-0.5601440072059631,False,-0.27057784184514,False,0.44334447383880615,False
TACACTTAGTCGTGGT-1,-0.34182631969451904,False,-0.35914935064935066,False,-0.1900290548801422,False
TACACTTCGAGGTGAC-1,0.7062932252883911,False,-0.17969305019305018,False,-0.7159718871116638,False
TACACTTCGCACCGAT-1,0.6853976249694824,False,0.026004819277108432,False,0.2202945202589035,False
TACAGTACTTAGTGTA-1,-0.3132074773311615,False,-0.019510330578512397,False,0.3264276385307312,False
TACAGTCTCGGCACGG-1,0.42678436636924744,False,0.40732404951370466,False,0.30030113458633423,False
TACATAGCAGACCAAG-1,-0.21934473514556885,False,-0.21201088376142793,False,-0.5122323036193848,False
TACATATGCACCAGTG-1,0.6842157244682312,False,1.0593374233128834,False,-0.04715605825185776,False
TACATCGGACAACTGG-1,-1.2614332437515259,False,-1.2081858037578288,False,-0.5596311092376709,False
TACATCGTCAGCGGTT-1,-0.147910475730896,False,0.01186977562692477,False,-0.33467456698417664,False
TACATCTAACATGTCC-1,1.0881690979003906,False,0.9253100929614875,False,1.3262852430343628,False
TACATTGAATGAACGT-1,0.8962711691856384,False,0.47484799999999994,False,-0.10575340688228607,False
TACATTGACTGAGTCC-1,-0.1231033131480217,False,-0.02485,False,0.49433785676956177,False
TACCACAGGCCATTGC-1,-0.09495502710342407,False,-0.18722242783123613,False,-0.457480251789093,False
TACCAGACAACCTCAG-1,0.20057007670402527,False,-0.04576844972758791,False,-0.7616593837738037,False
TACCATCTCGGCCGAA-1,-0.38069912791252136,False,-0.7520862708719852,False,0.26782485842704773,False
TACCATGGCGCCTTGT-1,-0.4074918031692505,False,-0.3746157670454545,False,1.091929316520691,False
TACCATTGATCATTAG-1,0.2118905782699585,False,0.2325265183917878,False,0.32964155077934265,False
TACCATTGGTCTCCAA-1,1.7455239295959473,False,1.8316236024844719,False,4.4467644691467285,True
TACCGGACCGTTAGGT-1,-1.4527528285980225,False,-0.7607320490367776,False,-0.9417138695716858,False
TACCGTAGGTATAACA-1,-1.5056407451629639,False,-1.1768041176470587,False,0.0771835446357727,False
TACCTCAGGCAACAGA-1,-0.4137091338634491,False,-0.02336370481927711,False,-1.4025206565856934,False
TACCTGATCGATCTCG-1,-0.2995796799659729,False,0.012650468883205456,False,-0.8220621347427368,False
TACCTGCGGTTGTCCT-1,-0.00387876876629889,False,-0.5277666666666667,False,-0.8104811906814575,False
TACCTGTTAACGGCCT-1,-0.012617914006114006,False,-0.39518741126360624,False,-0.7262374758720398,False
TACCTGTTCGGTAACT-1,0.0963633731007576,False,0.23973192771084337,False,0.5228778123855591,False
TACGACCGAGCGCAAC-1,0.7349037528038025,False,0.8100386638611257,False,0.946953296661377,False
TACGACGCGATTCAAG-1,-0.8694969415664673,False,-1.5145877251500999,False,-1.209649682044983,False
TACGACGTCTCATATT-1,-0.05439766123890877,False,-0.4621574074074074,False,0.5315256714820862,False
TACGACGTGAAGTATC-1,0.12710340321063995,False,0.4044015486725664,False,-0.22839514911174774,False
TACGACTACCTTCCTC-1,-0.3104127049446106,False,-0.5963314310798946,False,-0.5004997253417969,False
TACGACTAGCCTTACC-1,-0.32911431789398193,False,-0.38328133704735373,False,-0.26885145902633667,False
TACGACTCTGAACACT-1,-0.07668054103851318,False,-0.037259915014164306,False,-0.03127586469054222,False
TACGACTGATAATCGC-1,-1.681778073310852,False,-1.5465055248618784,False,-1.4232772588729858,False
TACGAGATTGGTCTGT-1,-1.1326903104782104,False,-1.2642819347942278,False,-0.5786345601081848,False
TACGCCAGCACCGGAA-1,0.910151481628418,False,0.676531626506024,False,-1.3175032138824463,False
TACGCCGGAGTTCTGA-1,-0.07986337691545486,False,0.24057166666666666,False,-0.5712460875511169,False
TACGCCTTGCCGTGTT-1,-0.10253244638442993,False,-0.005076199435559737,False,-0.4011681377887726,False
TACGCTCCGGTTGGTA-1,-0.8245238065719604,False,-0.5766044992743106,False,-0.9404333233833313,False
TACGCTCCTTGAGCAA-1,-1.3026171922683716,False,0.39293857331571996,False,-0.391052782535553,False
TACGCTTCCGCAAGCT-1,-1.1601982116699219,False,-0.84987,False,-0.7161361575126648,False
TACGGAACAGACGCGG-1,0.03966144472360611,False,-0.06693511450381678,False,1.3253129720687866,False
TACGGAATACTCGTTC-1,-0.42893046140670776,False,0.027773529411764707,False,1.1884256601333618,False
TACGGAATTGAACCAA-1,0.1532575637102127,False,0.1039977973568282,False,0.66484534740448,False
TACGGACACCTCCATA-1,-1.2785619497299194,False,-2.0817697636511814,False,-0.6208224892616272,False
TACGGAGGAAGCACCT-1,0.4132746160030365,False,0.3768730941704036,False,0.4058465361595154,False
TACGGAGTCAACGAAG-1,1.6321240663528442,False,2.2008042279411764,False,1.396585464477539,False
TACGGATCAGCCATCC-1,-0.027801990509033203,False,0.5076134020618557,False,1.7163676023483276,False
TACGGATCCTTGCGAT-1,-0.5835027694702148,False,-1.0324304245283018,False,-0.5784404873847961,False
TACGGCCTTGTAGGAG-1,-1.6528630256652832,False,-2.0511040925266903,False,-0.598071813583374,False
TACGGTAGTTGCGTGA-1,0.4529278576374054,False,0.4683250345781466,False,0.2332853376865387,False
TACGGTGAGCCGATGT-1,-0.5740225911140442,False,-0.6102437993235625,False,-0.8511170744895935,False
TACGGTTAATGTACTA-1,0.18115352094173431,False,0.25952190476190473,False,-0.11376772075891495,False
TACGTACACCTTAAGC-1,0.05943659693002701,False,0.6090145631067961,False,-1.1566212177276611,False
TACGTATCCTATCACG-1,0.6414203643798828,False,0.5519232264334305,False,0.9189909100532532,False
TACGTATCGAGGTTGT-1,-0.4421263337135315,False,-0.5563306680881308,False,-0.6672976016998291,False
TACGTGACGGATCCAC-1,0.2780699133872986,False,0.4277084217975938,False,0.5859700441360474,False
TACGTGATGGTAGGAT-1,-0.05725346878170967,False,-0.6520845921450151,False,-0.11344721913337708,False
TACGTGGAGGCATGGC-1,-0.7557291984558105,False,-0.13066712141882675,False,0.7982077598571777,False
TACGTGGCATCATATG-1,0.05197012051939964,False,0.01036754068716094,False,1.4260871410369873,False
TACGTGTACATCCGTG-1,0.7968864440917969,False,1.0096758917589175,False,2.2031328678131104,False
TACGTGTTGCCACTGA-1,-0.5465809106826782,False,-0.7627481919789612,False,-0.6158729791641235,False
TACGTTACTGGTAGCG-1,-0.136056050658226,False,-0.010037202380952381,False,0.5583509206771851,False
TACGTTATCCAGACGC-1,-1.7355364561080933,False,-1.3858348254252462,False,-0.7728604078292847,False
TACGTTCCACGCTCGT-1,-1.2326622009277344,False,-1.0496246085011185,False,-0.6376885771751404,False
TACGTTCTACCGCCAT-1,0.39279159903526306,False,0.2688807495741056,False,-0.9234486818313599,False
TACTAAGGAACATCAA-1,-0.22427856922149658,False,-0.250023241954708,False,-0.4558786153793335,False
TACTAGACTAGTGACA-1,-0.45912474393844604,False,-0.2955820463320463,False,0.031709976494312286,False
TACTAGGATCAATGGC-1,0.9188634753227234,False,0.8125406063887385,False,0.19124139845371246,False
TACTAGTACACCTAAG-1,-0.02564147487282753,False,-0.03964578499613303,False,1.1983174085617065,False
TACTAGTACCGGATGG-1,-0.7342866659164429,False,-0.6775829252366959,False,-0.755717396736145,False
TACTAGTGAGACAATG-1,0.7303997874259949,False,1.527486111111111,False,0.8902773261070251,False
TACTATGTTGAATCTT-1,-1.672031044960022,False,-1.5980840950639852,False,-1.7883663177490234,False
TACTCACTACTCACTC-1,0.1556520164012909,False,0.31863997308209957,False,-0.2747727632522583,False
TACTCCGAAGTAGAAT-1,-0.06130479648709297,False,-0.3230405333333333,False,-0.4338727295398712,False
TACTCCGCCAATACAA-1,0.1953897625207901,False,0.3616662895927602,False,0.15690791606903076,False
TACTCCTACATCAACT-1,0.31568643450737,False,0.3299895048439182,False,0.3116307258605957,False
TACTCCTGAAGGATTA-1,-0.2015877515077591,False,-0.09136653386454184,False,-0.33186009526252747,False
TAGAACGATTGCCTCC-1,-1.0642871856689453,False,-0.7026219204042956,False,-0.1433185487985611,False
TAGAATTCAACGTGGC-1,0.855379581451416,False,0.7948068254990341,False,1.6857452392578125,False
TAGACACCGGCGTCAA-1,-0.9953054785728455,False,-1.4737220160791589,False,-1.05992591381073,False
TAGACAGGAGATCATT-1,-0.028347540646791458,False,-0.18182670334320777,False,-0.9339203238487244,False
TAGACAGGATGCAATA-1,0.4221135079860687,False,-0.2071498127340824,False,-0.289102166891098,False
TAGACATACGTCTAAT-1,0.3779478371143341,False,0.5434542857142857,False,1.4882726669311523,False
TAGACATATGGCGAGG-1,0.003682139329612255,False,0.02195727365208545,False,-0.18182195723056793,False
TAGACATGGTTAGGTC-1,-0.43765759468078613,False,-0.11241666666666666,False,0.2560129761695862,False
TAGACCAGGTACGATC-1,-0.9831723570823669,False,-0.5830088079859073,False,0.3294438421726227,False
TAGACCATCGATTGAG-1,-1.0781645774841309,False,-0.5930294943820225,False,-0.25536036491394043,False
TAGACCATTGCTTAGA-1,-0.6743131279945374,False,-1.016355842185129,False,-0.39708036184310913,False
TAGACCGAAGCAGAGC-1,0.06039908900856972,False,0.00027860388269310203,False,-0.07970428466796875,False
TAGACCGCGGAAGGAC-1,-0.4432898461818695,False,-0.36008377983438866,False,-0.4834165871143341,False
TAGACCGGCCAGTACG-1,0.8888705968856812,False,0.28974173913043477,False,-1.0734710693359375,False
TAGACCTGAGGAGCTG-1,0.2638527750968933,False,0.4788435114503817,False,0.3175886273384094,False
TAGACTAATATGGCGA-1,-0.56354820728302,False,-0.72830542089026,False,0.06423971056938171,False
TAGAGCAGACAGTCCA-1,-0.8801974654197693,False,-0.4713136396790663,False,-0.7626153826713562,False
TAGAGGCGATTGATTC-1,0.07566317170858383,False,0.35421978021978023,False,-0.0421270988881588,False
TAGATGAGCCGTCATT-1,0.0942360907793045,False,0.035572008113590264,False,1.833511233329773,False
TAGATGAGGACGCTTA-1,0.1067601814866066,False,0.22802155416903006,False,-1.035441517829895,False
TAGATGCGTGCCAGCG-1,1.3230491876602173,False,1.5746691449814127,False,0.3462357521057129,False
TAGATGCTGTATCGTA-1,-2.0600926876068115,False,-1.885431208053691,False,-0.7881789803504944,False
TAGATGGCTGTATGCC-1,0.10779492557048798,False,0.37974242424242427,False,0.7246444225311279,False
TAGATGGTTCCTGATG-1,-0.3583409786224365,False,-0.29267519970951344,False,-0.854723334312439,False
TAGATGTCACGGTCGA-1,1.1943376064300537,False,0.7103847290640394,False,1.6204378604888916,False
TAGCAATTATGGACCG-1,-1.1756870746612549,False,-0.9403587903639159,False,-1.8356139659881592,False
TAGCAGTCGTCATGAA-1,0.7132487297058105,False,0.449287521079258,False,0.9971650838851929,False
TAGCAGTGATTCTGTC-1,-0.07580221444368362,False,-0.6361138211382114,False,1.417458176612854,False
TAGCCGCAATACCTGC-1,-1.475966215133667,False,-1.826316584680253,False,0.3303332030773163,False
TAGCCGCTGTGGCTGG-1,-0.670128345489502,False,-0.4901096227446692,False,-0.5758834481239319,False
TAGCGGACCACTGTTA-1,-0.19474782049655914,False,-0.05673804537521815,False,0.32108667492866516,False
TAGCGTACCTTGACAT-1,0.11428101360797882,False,0.10207035398230088,False,0.5694878697395325,False
TAGCGTACGGAGCGCC-1,0.29402637481689453,False,0.16771841397849463,False,0.22322237491607666,False
TAGCGTATAGCGCTAA-1,-0.25980234146118164,False,-0.3387915185373286,False,-0.6307511925697327,False
TAGCGTCACGACAGGC-1,0.3403933346271515,False,0.2928197614107884,False,-1.2816914319992065,False
TAGCGTCTCAAGGTGG-1,0.4503648579120636,False,0.29090215326155794,False,-1.7479513883590698,False
TAGCGTCTCGGTCTAT-1,-0.9308226704597473,False,-1.0688737785016287,False,-0.5070472359657288,False
TAGCGTGGCGCAAGCC-1,-0.3008875250816345,False,-0.08414814814814815,False,-0.18415425717830658,False
TAGCTACCATACTGCT-1,-0.35852786898612976,False,-0.050486526946107786,False,-0.3671274781227112,False
TAGCTACCTGTAGGAT-1,1.056433081626892,False,0.9007761140819965,False,2.005476951599121,False
TAGCTAGAAGCGATCA-1,-0.3369322419166565,False,-0.19043813273340832,False,-0.3800390064716339,False
TAGCTAGACACTGGTT-1,-0.5109158754348755,False,-0.03269736842105263,False,0.0033806904684752226,False
TAGCTAGAGCACGCCG-1,0.09989279508590698,False,0.11241666666666666,False,-0.24071277678012848,False
TAGCTAGAGGCCTGAA-1,0.8837390542030334,False,0.7466163522012579,False,0.9150570034980774,False
TAGCTATGTTGAGCAC-1,-0.8507553339004517,False,-0.36757058359621453,False,-0.07441523671150208,False
TAGCTCGAATCGTCCG-1,0.5556350350379944,False,0.5115307453416149,False,0.4192855656147003,False
TAGCTTAACTAGGTTC-1,-0.691290020942688,False,-1.7138031045751636,False,-0.46771955490112305,False
TAGCTTAAGCTGGCGT-1,-0.5270277261734009,False,-0.006557638888888889,False,0.7790080308914185,False
TAGGACATCAGCATGG-1,-0.4106535315513611,False,-0.2795625,False,0.3285471796989441,False
TAGGACCAATTGCCAA-1,-0.6369839310646057,False,-0.6606385121249486,False,-0.6843252182006836,False
TAGGACGGCCAGCCGA-1,-0.4721963107585907,False,-0.19275906133828996,False,0.4292880892753601,False
TAGGACTTCATGTTAT-1,0.29266148805618286,False,0.49305180608365023,False,0.469692587852478,False
TAGGAGGCGTATTGCC-1,0.1715499758720398,False,0.22436297071129704,False,-0.8553082346916199,False
TAGGATGCACCGTTCA-1,0.10988171398639679,False,0.06395259259259259,False,-0.0964544415473938,False
TAGGCATCGGAGCCTC-1,-0.45809218287467957,False,-0.7248424702774108,False,0.4554842412471771,False
TAGGCATCTGCGGACC-1,-0.09634192287921906,False,0.047418856767411297,False,-0.2865912616252899,False
TAGGCGAGCGATCGGT-1,-0.7327238321304321,False,-0.9033722554890219,False,0.4671710729598999,False
TAGGCGCATATCTAAC-1,0.747302234172821,False,1.7546063829787233,False,2.9435415267944336,False
TAGGCTCCGGCATACA-1,-0.3516729176044464,False,-0.471548662704309,False,0.6459539532661438,False
TAGGCTTATCTAGCTC-1,-2.271688461303711,False,-1.387431818181818,False,-0.7822446227073669,False
TAGGTCCGTAGCCTAT-1,-0.1634480506181717,False,-0.1635561122244489,False,-0.27606332302093506,False
TAGGTCGCCGCAACTC-1,1.0633786916732788,False,1.219137106184364,False,-0.8552320003509521,False
TAGGTCTACTCGTGAA-1,0.5802190899848938,False,0.8606060606060606,False,1.9166234731674194,False
TAGGTCTGCCTCTGTA-1,0.4031328558921814,False,0.3253811158798283,False,0.1439061462879181,False
TAGGTCTTGGCTCGTC-1,0.2697160840034485,False,0.5858567792688569,False,1.306006669998169,False
TAGTATAACCTCGACA-1,0.03219503164291382,False,0.05951470588235294,False,-0.5162221789360046,False
TAGTATCCAATTACGT-1,-0.044534288346767426,False,0.32628776290630973,False,0.5719513297080994,False
TAGTATTGCCGAGTTG-1,1.0507354736328125,False,0.2353896285914506,False,-0.6397396922111511,False
TAGTCACTGGATAGGC-1,0.2449449896812439,False,0.3658065080475857,False,0.5585716962814331,False
TAGTGAACATGCAGAT-1,-0.8382031321525574,False,-0.984984126984127,False,-1.1548106670379639,False
TAGTGAATGTTCAGTG-1,-0.3830931782722473,False,-0.8271060119320789,False,-0.9988486766815186,False
TAGTGACTCAATTGCT-1,0.3072909116744995,False,0.6569158878504673,False,0.5001015067100525,False
TAGTGACTCGCTCCGC-1,-0.4038446247577667,False,-0.05848414820473644,False,0.5478132963180542,False
TAGTGAGGACATGTTG-1,0.7170386910438538,False,0.9121945621468927,False,0.7057667970657349,False
TAGTGAGGACGCGAAT-1,1.1547884941101074,False,1.4478069007263923,False,1.0654842853546143,False
TAGTGAGGTATCGACC-1,0.0014899538364261389,False,0.350157507360157,False,0.45913535356521606,False
TAGTGAGGTGCCATCA-1,0.16595648229122162,False,0.25681181619256016,False,0.04318246617913246,False
TAGTGATGACTCCTGG-1,0.1190127581357956,False,0.32795936639118456,False,0.05587628483772278,False
TAGTGCACTATTGTCA-1,0.12899768352508545,False,0.3162909604519774,False,0.672459602355957,False
TAGTGCAGTGCGGTAG-1,-0.030807558447122574,False,0.32852801724137926,False,-0.7000054121017456,False
TAGTGCTGTAGCGTTG-1,-0.4107809364795685,False,-0.27108748674443267,False,-0.11736790090799332,False
TAGTGGTTGAACCAAT-1,-0.1463649421930313,False,-0.3336481169196177,False,-0.6100345849990845,False
TAGTTACATAGAAGAT-1,0.2724682688713074,False,0.057249999999999995,False,-0.6095836758613586,False
TAGTTCAAGGTCCACG-1,-1.105905532836914,False,-1.7257477477477476,False,-1.3696517944335938,False
TAGTTCAATCGACCTC-1,-2.288062334060669,False,-4.433744027303754,True,-2.23117995262146,False
TAGTTCCGATAGAATC-1,0.5312880277633667,False,0.5176551896207585,False,-0.4949198067188263,False
TAGTTCGAAGACATGC-1,-0.29740169644355774,False,0.33795260416666667,False,0.4026481807231903,False
TAGTTCGAATTAGCGG-1,0.8511296510696411,False,0.7186426701570681,False,0.3438712954521179,False
TAGTTCGAGTAGGAAG-1,-1.0015672445297241,False,-1.3006945760926802,False,-1.0391898155212402,False
TAGTTCGATCCTCACG-1,0.46980220079421997,False,-0.14914051355206848,False,-0.5378299355506897,False
TAGTTCGTTGCTAATT-1,-0.4229552745819092,False,-0.5490666666666667,False,-0.1920444369316101,False
TAGTTGAGCCAGCCAG-1,0.8816074132919312,False,1.0549311183144245,False,2.6398236751556396,False
TAGTTGAGTTCTGCAC-1,-0.29817453026771545,False,-0.38012400681044267,False,0.12320752441883087,False
TAGTTGGCTTAGGCCT-1,-0.7524325847625732,False,-0.4603806879254747,False,1.7427362203598022,False
TATCAACGAATATGAG-1,-0.2510082423686981,False,-0.4287275902211874,False,-0.6200655102729797,False
TATCAAGGCCGCGTGG-1,0.8596999049186707,False,0.8157049659201558,False,0.813879668712616,False
TATCAAGGCTCGTCGG-1,-0.1768479198217392,False,-0.12440345821325648,False,-0.3303377330303192,False
TATCAATGCCGCTCAC-1,-0.9008681774139404,False,-0.9124312008577555,False,-0.707510232925415,False
TATCACATAGCGAACT-1,-0.12549437582492828,False,0.18017465753424655,False,-0.4212530553340912,False
TATCACCGGCATCGTG-1,-1.1297950744628906,False,-1.611049247606019,False,-1.067086100578308,False
TATCACTTCGAGCCGT-1,0.601762592792511,False,0.5067118486352357,False,0.23857355117797852,False
TATCATGGATGTTGCC-1,0.34558001160621643,False,0.6898295454545454,False,0.7909035086631775,False
TATCCAAGCGCCGTAG-1,-1.2587318420410156,False,-1.0039372586872586,False,-1.4221841096878052,False
TATCCAATACCGCAAT-1,-1.1714283227920532,False,-1.1012853982300885,False,0.1174703985452652,False
TATCCACTTGCGTATC-1,0.5080190896987915,False,0.6819603122966819,False,1.7942472696304321,False
TATCCGATCTTGGCGG-1,-0.298419326543808,False,-0.25082381615598887,False,0.12274447828531265,False
TATCCGTAAGCCAGCG-1,0.11182074248790741,False,-0.3550322727272727,False,-0.7835716605186462,False
TATCCTGCGGTTGATC-1,-0.07125045359134674,False,-0.11822416974169742,False,-0.5588287711143494,False
TATCCTGGCCGGCATA-1,0.4183998703956604,False,0.2536783831282952,False,0.4148264527320862,False
TATCTAATCACCTCGG-1,0.0025673212949186563,False,-0.32203400673400673,False,-0.9362990856170654,False
TATCTAGGAGTGGACA-1,-0.04350905865430832,False,-0.007904296875,False,-0.03535468876361847,False
TATCTAGTCGCATGCA-1,-3.1666507720947266,True,-2.5750710877862595,False,-0.11683817952871323,False
TATGAACTACGCGGTG-1,0.02013418823480606,False,0.307446511627907,False,0.04926155507564545,False
TATGAAGCGACCGTCC-1,0.42921391129493713,False,0.12874666666666668,False,0.6049003005027771,False
TATGACAATGCTTGAA-1,0.8108694553375244,False,-0.16811246200607904,False,-0.6929608583450317,False
TATGACAGCGAGAAGC-1,-0.8455744981765747,False,-0.8165302642796248,False,-0.6857872009277344,False
TATGACCGATGAAGTG-1,-0.30720987915992737,False,-0.5897694214876033,False,0.5005311965942383,False
TATGACGCCTTCCGTG-1,-0.8886545300483704,False,-0.8894254237288135,False,0.03329825773835182,False
TATGACGCGTATGTCG-1,-0.7604669332504272,False,-0.576875,False,-0.6134997010231018,False
TATGACGGAGATTGGC-1,0.6907694935798645,False,0.500048167539267,False,0.375274121761322,False
TATGACTCAATGATCG-1,-0.7706482410430908,False,-0.6640406580937973,False,-0.33289721608161926,False
TATGAGCCGCAATCCG-1,1.764061450958252,False,1.701598925410872,False,0.62054842710495,False
TATGAGCGATCCATTA-1,-1.5215280055999756,False,-1.3387057067020571,False,-0.9850022792816162,False
TATGAGGATCTACTGG-1,-0.742046058177948,False,0.046275467775467774,False,0.6827854514122009,False
TATGAGTTCCGAGTGA-1,1.380900263786316,False,1.0219285714285715,False,-1.1799474954605103,False
TATGCCACAGCCGGTG-1,-0.14025647938251495,False,-0.13399765886287626,False,-0.5450485944747925,False
TATGCTCCTGGTTAGT-1,-0.5081397294998169,False,-0.19433222281449894,False,0.5052626132965088,False
TATGGCAGTTCGTCTA-1,-0.06668972223997116,False,-0.40736673483299246,False,-0.42849427461624146,False
TATGGCCATAATAGAC-1,-0.4065568745136261,False,-0.4236189024390244,False,-0.595384418964386,False
TATGGCCGGCGACACT-1,0.1784404069185257,False,0.4898686534216335,False,0.7038739919662476,False
TATGGCCTCACGTACA-1,0.5992216467857361,False,0.7509433333333333,False,-1.247554898262024,False
TATGTAGAGCTGATCA-1,0.39592480659484863,False,0.49903710788064265,False,-0.7781351208686829,False
TATGTCATAAGCGTCG-1,-0.5358717441558838,False,-0.538494959042218,False,0.936061680316925,False
TATGTCGAGGTTGAAG-1,0.018452055752277374,False,-0.2201760714285714,False,-0.9893348217010498,False
TATGTCTAAGACGCAA-1,1.3583285808563232,False,1.4831998269896194,False,1.0161775350570679,False
TATGTTAGGCCGAACC-1,-0.10826020687818527,False,0.019174749163879595,False,-0.056358326226472855,False
TATGTTGCAGTCTAGG-1,-0.39836201071739197,False,-0.6552609060402684,False,-0.5983229279518127,False
TATGTTGGAGTTGTAA-1,-0.37646248936653137,False,-0.532274077216801,False,-0.049040716141462326,False
TATGTTGGCGAGAACA-1,1.8862652778625488,False,1.6028895859473022,False,-0.9345940351486206,False
TATGTTGGTAGGTCGT-1,-0.04952630400657654,False,0.47308680555555555,False,-0.33809396624565125,False
TATGTTGGTCCAGTGA-1,0.5365459322929382,False,0.009635714285714286,False,-0.3275415301322937,False
TATTAACTTCCGCTCA-1,-0.38167694211006165,False,-0.29765978260869563,False,-0.7209774255752563,False
TATTAAGCAGCGCCGG-1,-0.4637446701526642,False,-0.3651603448275862,False,-0.29136988520622253,False
TATTAATATGTCGACT-1,0.12021884322166443,False,0.07732527624309392,False,0.24156790971755981,False
TATTCCGGTTGTTAAT-1,0.655430257320404,False,0.7315497754491018,False,0.53557288646698,False
TATTCGACAACCGTGA-1,-0.20664142072200775,False,-0.20218336535822123,False,-0.32948216795921326,False
TATTCGATGATCTAGT-1,0.5679414868354797,False,0.3542272108843537,False,0.00425368919968605,False
TATTCGGTGGAGATTC-1,-1.1814570426940918,False,-1.2052451377633713,False,0.3394800126552582,False
TATTCGTCTGCGGTGG-1,-2.1094160079956055,False,-2.179886088709677,False,-0.8596629500389099,False
TATTCGTTAACAGGCA-1,-0.8436216115951538,False,-1.4710720858895705,False,-1.3748424053192139,False
TATTCGTTATCGCCTG-1,-1.3285155296325684,False,-1.0506389413988657,False,0.1485351026058197,False
TATTCTAAGGCTCATC-1,-0.20636865496635437,False,-0.461740297833935,False,-0.7304601073265076,False
TATTCTAGAATCGGAC-1,-2.4936017990112305,False,-2.161425461741425,False,-0.3963627815246582,False
TATTCTCAGCGGCTGG-1,-0.23951680958271027,False,-0.5542070063694268,False,-0.5528467297554016,False
TATTCTCCTATGATGG-1,0.8138495087623596,False,1.2140328521652561,False,1.3581331968307495,False
TATTGAATCCGACTAA-1,-0.13746650516986847,False,-3.182901741293532,True,-1.3690739870071411,False
TATTGAGCATGGACCG-1,-0.07599009573459625,False,-0.05559065934065934,False,0.1885129064321518,False
TATTGATCGTGATCTT-1,0.2019854635000229,False,0.16783034872761543,False,0.17360106110572815,False
TATTGATCTACTTCGG-1,-0.1510971188545227,False,-0.12229252336448598,False,-0.36069056391716003,False
TATTGTTAACCGAGAC-1,-0.100283183157444,False,0.06682834101382489,False,1.496313214302063,False
TCAACAATGGAGGCCT-1,1.6275525093078613,False,0.9932119450317124,False,0.5527177453041077,False
TCAACACCAATCATTA-1,-0.223581001162529,False,0.22388266384778013,False,-1.0637792348861694,False
TCAACAGGCCATGCCG-1,-0.10057282447814941,False,0.009681818181818182,False,1.3423153162002563,False
TCAACATGGATACAAC-1,0.42255914211273193,False,0.42711285266457677,False,-1.0879225730895996,False
TCAACCGGAGACCTCG-1,0.04896983876824379,False,-0.07429697624190064,False,1.1069527864456177,False
TCAACGTCTTCGGTCC-1,-0.3011262118816376,False,-0.2731883830455259,False,0.10628426820039749,False
TCAAGGAACCTATTGC-1,0.23759283125400543,False,0.23308594449418082,False,-0.3363301157951355,False
TCAAGGCAACGCGGCT-1,0.8289734125137329,False,0.7611595289079229,False,0.19920755922794342,False
TCAAGGCCATAGCCTG-1,0.14167369902133942,False,0.04231493099121707,False,-0.1353944092988968,False
TCAAGGCGTCTACTCC-1,-0.5228142738342285,False,-0.35144402356902354,False,-0.9825847148895264,False
TCAAGGTACACGAAGA-1,0.2821309268474579,False,0.3602246143958869,False,1.0876872539520264,False
TCAAGGTATCAACTTA-1,-1.1600207090377808,False,-1.3243555368184372,False,-0.8461024165153503,False
TCAAGGTCTGAATATG-1,0.7616385221481323,False,0.7749507469654529,False,0.6323476433753967,False
TCAAGTGATGGTTAAT-1,0.6065384745597839,False,0.7260704012112036,False,2.2130398750305176,False
TCAATATTCCGGTTAG-1,-2.075840950012207,False,-1.8922169811320753,False,-0.2718929946422577,False
TCAATCAGATGACGTG-1,0.06783612817525864,False,0.1837390158172232,False,-1.3915092945098877,False
TCAATTAATAGAACCT-1,0.8203883767127991,False,0.5901875,False,0.4434526264667511,False
TCAATTATACCAGAAC-1,0.006607683841139078,False,0.2674090485074627,False,-0.49795329570770264,False
TCACAAGACTTAGCTT-1,-1.6230523586273193,False,-1.36116,False,-0.6542502045631409,False
TCACAAGATGACTCGA-1,0.6015682220458984,False,0.6411456043956044,False,-0.4693116247653961,False
TCACAAGCTCGAGGCA-1,1.0764422416687012,False,1.3135000000000001,False,1.7673983573913574,False
TCACAAGGAGAACAAG-1,0.19687147438526154,False,0.23053735024665256,False,-0.1791788935661316,False
TCACAGCACCAAGGTT-1,-0.10256204754114151,False,-0.6665530191458027,False,-0.32222604751586914,False
TCACATAAGCGTTGCC-1,0.9386374354362488,False,1.031748652291105,False,-0.3855283558368683,False
TCACATAGACCTCCGT-1,0.4515412151813507,False,0.73494866704481,False,4.154996395111084,True
TCACATCCTGTCGCGG-1,-0.7831158638000488,False,-0.6920311562812396,False,-0.8388268947601318,False
TCACATCCTTATACAG-1,-0.24902261793613434,False,-0.5677132471728594,False,-0.1838468760251999,False
TCACATCCTTCTCAGT-1,-0.6319146752357483,False,-0.5764129263913824,False,-1.4024765491485596,False
TCACATGGATAACTGT-1,1.018747091293335,False,0.9661316425120773,False,0.8883454203605652,False
TCACATTGTCGGTGAC-1,-0.10240093618631363,False,-0.43720602409638554,False,-0.5377894639968872,False
TCACCATAGATTGTTA-1,-1.0851351022720337,False,-1.730597859327217,False,1.1265194416046143,False
TCACCGTTGCTAATGG-1,0.8554909229278564,False,0.940282894736842,False,1.4750019311904907,False
TCACGACATCAGAAGG-1,-0.02012954093515873,False,0.0761246719160105,False,-0.33084580302238464,False
TCACGATACCTAGCCA-1,-1.031928539276123,False,-0.557935922330097,False,0.8694300055503845,False
TCACGCTATCCACTAC-1,0.14019887149333954,False,0.07642118226600986,False,0.11113707721233368,False
TCACTACGACTCTGCG-1,-0.15139999985694885,False,-0.004997979117547996,False,0.10051583498716354,False
TCACTCCGCTCACTGG-1,0.6317328810691833,False,0.7789154804270463,False,-0.0350835956633091,False
TCAGAATCCTACGGTG-1,0.4647955000400543,False,-0.11951991758241758,False,-0.0036516727413982153,False
TCAGAATCGATATCAT-1,-0.7903278470039368,False,-0.7876272650653181,False,-0.7395464777946472,False
TCAGAATCTAATAGTC-1,-0.7659547328948975,False,-0.6833362445414848,False,-0.43095770478248596,False
TCAGACCGGCCTGCTC-1,0.6973697543144226,False,0.4461203995793901,False,0.7010536193847656,False
TCAGATTACCAGGTTA-1,-0.4512879252433777,False,-0.7540758426966293,False,-0.6161633729934692,False
TCAGCGCCTAGTCTTA-1,0.08985541760921478,False,0.20277118644067796,False,0.36655303835868835,False
TCAGCGTGACCTTACC-1,0.1978328675031662,False,-0.4935929734361611,False,-0.9243775606155396,False
TCAGCTACCAACTCCG-1,-0.04710401967167854,False,-0.21036271824717565,False,-0.5182958841323853,False
TCAGCTAGGATGTACT-1,0.7763341069221497,False,0.7832903225806451,False,0.24079856276512146,False
TCAGCTATTAATCGCT-1,-0.5781953930854797,False,-0.3988829568788501,False,0.20669324696063995,False
TCAGCTCGATGACTTC-1,-0.43219128251075745,False,-0.2665242825607064,False,-0.8536710739135742,False
TCAGCTCGCCAGGATG-1,-0.2345821112394333,False,-0.18463966480446928,False,-0.5522427558898926,False
TCAGGAATAGAACCTG-1,-0.8990108966827393,False,-0.7543484015984017,False,0.3692857325077057,False
TCAGGAGCAACGGTCG-1,0.7622957825660706,False,0.622064467197573,False,0.9870322942733765,False
TCAGGATACACTACAA-1,1.407745122909546,False,1.854735755573906,False,1.1195424795150757,False
TCAGTATGTAGGACAA-1,-0.6626619100570679,False,-1.035229430379747,False,-1.0003728866577148,False
TCAGTCATTGCAAGTG-1,-0.27794718742370605,False,-0.3219127936031984,False,-0.7206752300262451,False
TCAGTCCAACGGAAGT-1,-3.772277593612671,True,-3.9701339031339025,True,-1.6027714014053345,False
TCAGTCCGGCGATTGG-1,0.7794332504272461,False,0.9495058724832214,False,-0.6332718133926392,False
TCAGTCGAAGTATCTA-1,0.7651560306549072,False,0.7188230318802862,False,0.3092682659626007,False
TCAGTCGCCAAGGTTG-1,-0.9640297293663025,False,-0.7807797766749379,False,-0.683731198310852,False
TCAGTCGTCACTGAGC-1,-2.8390846252441406,False,-1.722929758308157,False,-0.8249902725219727,False
TCAGTCGTGCCGGCAG-1,-2.3341450691223145,False,-1.9433869731800766,False,-0.8737239837646484,False
TCAGTGAAGAGTTCTA-1,-0.5975266098976135,False,-0.49918461538461534,False,-0.3355238735675812,False
TCAGTGCCAAGTAGCA-1,1.1103758811950684,False,1.0330615635179152,False,0.942839503288269,False
TCAGTGTAGGACGTCG-1,-2.240121603012085,False,-2.029730946882217,False,-0.723198413848877,False
TCAGTTCAGAATCTCG-1,0.6600952744483948,False,0.5581945183608302,False,-0.5815104842185974,False
TCAGTTCTCCGGACCG-1,-0.5959823727607727,False,-0.4926894469167196,False,-0.6847633719444275,False
TCAGTTGACAGTGCCA-1,1.424989104270935,False,1.3078150921658984,False,0.662958025932312,False
TCAGTTGCAGTTCTTA-1,0.2463420182466507,False,0.4479590717299578,False,2.925682783126831,False
TCAGTTGCTAAGCCTA-1,0.02595432475209236,False,0.07954523424878837,False,-0.9663121700286865,False
TCATAATTCGTGCAGA-1,-0.43511027097702026,False,-0.18650604026845638,False,-0.6238421201705933,False
TCATACTGGTGAACCG-1,0.27270206809043884,False,0.3678706950532248,False,-0.20859295129776,False
TCATAGCTTCCAGTAC-1,0.9119658470153809,False,0.6943602777777778,False,0.9915683269500732,False
TCATAGGTAGTGACGA-1,-0.6816619634628296,False,-0.511756146369354,False,-0.43163204193115234,False
TCATAGGTATTGCGTG-1,-0.6652593016624451,False,-0.8308353813559323,False,-0.28889790177345276,False
TCATAGGTGAGTCGAC-1,0.22885838150978088,False,0.06657212581344903,False,0.08438429236412048,False
TCATAGTACTAGTTCA-1,-2.5113346576690674,False,-2.8894620383036935,False,-1.5652050971984863,False
TCATCCACGTGGTCAC-1,-0.4546818733215332,False,-0.1567409523809524,False,-1.2675299644470215,False
TCATCCATGCCAAGCG-1,-0.5855041146278381,False,-0.333673106060606,False,-0.22809383273124695,False
TCATCGCTGCGTATTG-1,0.29099833965301514,False,-0.014236171761280933,False,-0.048364993184804916,False
TCATCGCTGTGCAACA-1,-1.9237980842590332,False,-2.041847797927461,False,-1.0167956352233887,False
TCATCGGCCTGTGCGG-1,-0.5156963467597961,False,-0.3540444145356662,False,-0.09821071475744247,False
TCATCGGTCTCAGTTC-1,-1.6140254735946655,False,-1.4055332369942197,False,-0.29687780141830444,False
TCATCGTTATGTATCT-1,-0.5356907844543457,False,-0.7750465838509317,False,-1.2113878726959229,False
TCATCTATCCACGATT-1,-0.13851885497570038,False,-0.12284707903780069,False,-0.15738925337791443,False
TCATCTCATGATACGT-1,-0.05414733290672302,False,-0.018761847527472526,False,-0.30928829312324524,False
TCATCTCCAACCACCT-1,1.613245964050293,False,1.2277530211480363,False,0.2537298798561096,False
TCATCTCCAGCCGGTG-1,0.011117290705442429,False,-0.28886571306575576,False,-0.28744158148765564,False
TCATCTGCCGCTATTC-1,1.4253016710281372,False,1.2370276679841898,False,0.6940709352493286,False
TCATCTTCCACGTATG-1,0.5414156913757324,False,0.6616355646970831,False,0.8583213686943054,False
TCATCTTCGACACCGT-1,-0.36696571111679077,False,-0.18425365853658535,False,-0.47135892510414124,False
TCATGAGGCTTGACGC-1,-1.1402655839920044,False,-1.127929024812464,False,0.282850056886673,False
TCATGAGGTTGATATG-1,-1.49922513961792,False,-0.71497,False,-1.8020532131195068,False
TCATGAGTAAGACATC-1,-0.4381736218929291,False,-0.3862664596273292,False,-0.7862437963485718,False
TCATGATTCACTCAGT-1,0.28631606698036194,False,0.6202848699763593,False,0.35927531123161316,False
TCATGATTCTGATACT-1,-1.5161824226379395,False,-0.5775449844881075,False,-0.29995885491371155,False
TCATGCAGCGCCTTCG-1,-0.06535787135362625,False,-0.49234893048128336,False,-0.6135882139205933,False
TCATGGTTCCGAACTT-1,1.060176968574524,False,0.4026456852791878,False,0.07874512672424316,False
TCATTCACGCGAGCTC-1,-0.21833549439907074,False,-0.06070872446162341,False,-0.6124758720397949,False
TCATTCACTGTAATGG-1,0.18323199450969696,False,-0.08942234848484848,False,-1.2268645763397217,False
TCATTCTGATGGTGCG-1,0.34635886549949646,False,0.48006923076923075,False,0.9251233339309692,False
TCATTGATAGACTTGC-1,-0.5882971286773682,False,-0.34709018567639255,False,-0.5129974484443665,False
TCATTGATAGGTGGAA-1,-0.11106660962104797,False,0.011237595074248461,False,-0.5984762907028198,False
TCATTGCAAGTGCTCA-1,0.6863268613815308,False,0.6965845839017735,False,-0.430605411529541,False
TCATTGGCGACCGACG-1,-0.42892301082611084,False,-0.3806993865030675,False,-0.9839237332344055,False
TCATTGTTCAATGCGT-1,-0.3192095458507538,False,-0.2128163793103448,False,-0.4443756937980652,False
TCCAACATGACCGGTC-1,0.65485018491745,False,0.6256625100563153,False,1.460770845413208,False
TCCAACGAAGATGCTT-1,-0.8296388387680054,False,-0.6750160673297628,False,-0.6621144413948059,False
TCCAACGCGACGTTGG-1,-1.7947086095809937,False,-2.3308233788395905,False,-0.7051550149917603,False
TCCAACGTGGTTGTTC-1,0.10255199670791626,False,0.4662266288951841,False,0.09213878959417343,False
TCCAACTAAGACTCCA-1,0.40065744519233704,False,0.18015634291377602,False,0.0023152255453169346,False
TCCAACTGAATAAGGT-1,0.09770671278238297,False,0.4611005850585058,False,0.811532735824585,False
TCCAACTGCCGCCATA-1,0.5990801453590393,False,0.2791987704918033,False,0.8331445455551147,False
TCCAACTGGCTGAAGA-1,0.26050329208374023,False,0.588254712175242,False,0.48655447363853455,False
TCCAAGACCGCTTGAT-1,-0.31640470027923584,False,-0.10711237950279046,False,0.20797620713710785,False
TCCAATAACGTGCTAG-1,0.13179250061511993,False,0.10787360275150472,False,0.05739286169409752,False
TCCAATACTATCTGTT-1,0.7673146724700928,False,1.1235315442561205,False,0.04224729165434837,False
TCCAATACTGGAGCGT-1,0.3757430911064148,False,0.09022532467532468,False,-0.15302327275276184,False
TCCAATCCAGATACAT-1,0.5288681983947754,False,0.6182147742818058,False,0.374465674161911,False
TCCAATCTAACACGCA-1,0.7613436579704285,False,0.39053881902679055,False,0.15648020803928375,False
TCCAATTAGCAATCAA-1,0.7807866930961609,False,0.9592234352256186,False,1.8737714290618896,False
TCCAATTGGTTACAGT-1,-0.937570333480835,False,-1.5053410596026489,False,-1.0440093278884888,False
TCCACCAAGTGACGAA-1,-0.7726444602012634,False,-0.9181253731343284,False,-0.15718278288841248,False
TCCAGAGGCAAGAACT-1,-0.19426172971725464,False,-0.26695250659630604,False,-0.041664574295282364,False
TCCAGATCGGTCGAGT-1,-2.7085278034210205,False,-3.012378545006165,True,-0.3605521321296692,False
TCCAGCTCTGCTATAG-1,-0.99008709192276,False,-1.0003454106280194,False,-0.3584354817867279,False
TCCAGTACCGAGCGCA-1,-0.8383800387382507,False,-0.4145239786856128,False,-0.606023907661438,False
TCCAGTACGTGCTATG-1,0.1622987538576126,False,0.2308986046511628,False,0.658600926399231,False
TCCAGTCAGTACATTA-1,0.505375862121582,False,0.5972771668822768,False,1.1217926740646362,False
TCCAGTGATGCGTATC-1,0.7107589840888977,False,0.556812759643917,False,1.0893537998199463,False
TCCAGTGATTGGTGCT-1,1.111018419265747,False,1.17194375,False,1.2385658025741577,False
TCCAGTTGAAGTAGCA-1,-1.044331669807434,False,-0.7110535483870968,False,-0.9267255663871765,False
TCCAGTTGTACCTGTC-1,-0.10544151812791824,False,0.32364092055485494,False,0.9940005540847778,False
TCCATAGCGACTCAGT-1,-0.7305117845535278,False,-0.5073053722902922,False,-0.5732444524765015,False
TCCATCGGCTAGACGA-1,-0.3723585903644562,False,-0.2761932046138415,False,-0.037018489092588425,False
TCCATGATGTGATCAA-1,-1.3324389457702637,False,-0.6682817245119306,False,3.2175915241241455,True
TCCATGCGTCCACCAG-1,-1.3864660263061523,False,-0.9042027632561613,False,0.27033287286758423,False
TCCATGCGTCGGTTAC-1,-1.524288296699524,False,-0.9943333333333334,False,0.6961236000061035,False
TCCATGTCGGACCGAC-1,-0.6991274356842041,False,-0.4215625,False,0.159667506814003,False
TCCGAACATAGTCTGA-1,-0.9412046670913696,False,-0.7129430051813471,False,-0.23307892680168152,False
TCCGAACCTCAACCAT-1,0.6492660641670227,False,0.6945316932624113,False,0.7039108276367188,False
TCCGAAGTGACAGGCT-1,-1.9891108274459839,False,-2.1711315261044177,False,-0.24104928970336914,False
TCCGAATACTCGCTGG-1,-0.2844023108482361,False,-0.44343817567567567,False,0.1194746121764183,False
TCCGAATAGAAGCACC-1,-0.1696564108133316,False,-0.2516252431906615,False,0.0009468853240832686,False
TCCGAATCATGTTGTC-1,0.23274341225624084,False,-0.12224980299448383,False,0.2141779512166977,False
TCCGAATCGCAGGTTC-1,0.3763478398323059,False,0.5497121212121212,False,0.35550421476364136,False
TCCGACCGCAAGTCCT-1,1.7531466484069824,False,0.6863333333333334,False,-0.46642085909843445,False
TCCGAGTACGACTTAG-1,-0.2841546833515167,False,-0.17491818181818183,False,-0.26069706678390503,False
TCCGATGCGTATCCGG-1,0.15456072986125946,False,0.3618309037900875,False,0.3136257827281952,False
TCCGCCAACATTGCTC-1,0.5723207592964172,False,0.36339341085271315,False,0.6507352590560913,False
TCCGCCAAGGTCCGTT-1,0.16915637254714966,False,-0.09217063770147162,False,-0.7335919141769409,False
TCCGCCAGTGATTAAT-1,-0.9168015122413635,False,-0.9932547129391602,False,-0.6049767136573792,False
TCCGCCGGTCTATTCA-1,-0.0516158752143383,False,0.36401587301587296,False,-0.555638313293457,False
TCCGCCTTGTTCTGAT-1,-1.1323142051696777,False,-0.968876923076923,False,-0.38229188323020935,False
TCCGGCTATGCTCAGT-1,-0.44347530603408813,False,-0.10224000000000001,False,0.16526973247528076,False
TCCGGCTCTATGGACA-1,0.253706157207489,False,0.3945734584450402,False,0.6396154165267944,False
TCCGGTACGTGGCCTC-1,-1.6592023372650146,False,-0.8428528778913394,False,-0.509065568447113,False
TCCGGTTCCGTTCTAG-1,-0.8561026453971863,False,-0.8589441117764471,False,0.43311411142349243,False
TCCGTACTATCCTGCT-1,-0.14626649022102356,False,-0.013122568093385214,False,0.9000502228736877,False
TCCGTCATAAGATGAC-1,0.3965572416782379,False,0.33340304182509506,False,0.1086285188794136,False
TCCGTCCACTCGGAGC-1,-0.3877509534358978,False,-0.5820314540059347,False,-0.8011026382446289,False
TCCGTCGGTACAAGTT-1,0.9123334884643555,False,1.10618,False,-0.6119940280914307,False
TCCGTGTCTTACATAA-1,-0.8015750050544739,False,-1.1864131004366811,False,-1.127510666847229,False
TCCGTGTTCTGTTCTG-1,-0.4081115126609802,False,0.0300519801980198,False,-0.19500797986984253,False
TCCGTTGGAGCTCACT-1,-0.35129764676094055,False,-0.3790489936440678,False,-0.2177605926990509,False
TCCGTTGGTTCACTCG-1,-0.32887086272239685,False,0.10999910394265233,False,1.2676615715026855,False
TCCTAAGCTTAGGTTA-1,-3.7194161415100098,True,-3.66465261627907,True,-1.1166061162948608,False
TCCTAATTGCGGCCTG-1,0.2164139598608017,False,0.14002013942680092,False,-0.8073928952217102,False
TCCTAATTGCTCAACG-1,1.166208267211914,False,1.1502453078078076,False,2.853562116622925,False
TCCTACAAGCTCGAAC-1,-0.5788456797599792,False,-0.23277962577962577,False,0.014067193493247032,False
TCCTACCGATCGTGGC-1,0.025942528620362282,False,0.09395842161016948,False,0.12051953375339508,False
TCCTACGTAAGCCAGA-1,0.586813747882843,False,0.5347502365184484,False,0.7029569745063782,False
TCCTAGGTATCTGATG-1,-0.3595203757286072,False,-0.4786774193548387,False,-0.2824647128582001,False
TCCTATCCTCGAATCA-1,0.20712627470493317,False,0.2152023633677991,False,0.3320423662662506,False
TCCTATCCTGTCAATA-1,0.0633581206202507,False,-0.10130421455938697,False,-0.0642753466963768,False
TCCTATGAGGATTGTT-1,-1.15843665599823,False,-1.2619166666666668,False,0.20381960272789001,False
TCCTATTGACTGTTGA-1,-0.8387138843536377,False,-0.7841904422253922,False,-1.4874716997146606,False
TCCTCAAGCGAGGTCC-1,0.08947975188493729,False,0.3274372128637059,False,0.38309967517852783,False
TCCTCAATGAGGAACG-1,-0.3160335123538971,False,-0.287502093997208,False,-0.33328068256378174,False
TCCTCAATGCTAAGGC-1,-0.4064466953277588,False,-0.26165509433962264,False,-0.05305664613842964,False
TCCTCACGTGTAGACG-1,-1.8606189489364624,False,-1.5594773429454172,False,-0.16997520625591278,False
TCCTCAGTCGGATGCG-1,0.4560106694698334,False,0.24746109921484652,False,0.7581554651260376,False
TCCTCATCGTGCTGGA-1,-0.2367866337299347,False,-0.1363460949464012,False,-0.4421917796134949,False
TCCTCATGGCACCGTT-1,0.28931868076324463,False,-0.056404181184668986,False,0.6208582520484924,False
TCCTGAAGCGTGCACT-1,-1.056142807006836,False,-1.1887702702702703,False,-0.41444116830825806,False
TCCTGACACTTCACGG-1,-0.30631422996520996,False,-0.702389631043257,False,-1.012514352798462,False
TCCTGATAAGTGCCGT-1,0.28353968262672424,False,0.4050810734463277,False,0.43326133489608765,False
TCCTGCCGTGTCTAAG-1,-1.627115249633789,False,-1.2265121065375302,False,-0.7577178478240967,False
TCCTGGTGCGAGGCCT-1,-0.34657248854637146,False,-0.2592672672672673,False,-1.0088921785354614,False
TCCTGGTGGCAATAGC-1,-1.438048005104065,False,-0.8684320695102685,False,-0.4495438039302826,False
TCCTTACTCGCAATGA-1,0.785497784614563,False,0.3931170858629662,False,0.10221312940120697,False
TCCTTCCAACCGCAAC-1,-0.0451345331966877,False,-0.11139208895370033,False,-0.552294909954071,False
TCCTTGAACAGGACCA-1,0.3557780385017395,False,0.7339877883310718,False,0.1883966028690338,False
TCCTTGGCTCAAGAGT-1,0.8406025767326355,False,0.5911701631701631,False,-0.31997719407081604,False
TCGAACAGGTTGCACG-1,-0.7016857266426086,False,-0.7346096829477292,False,-0.6328579187393188,False
TCGAATCTTGCGTTAC-1,0.003676637774333358,False,0.16225734265734265,False,0.2351541966199875,False
TCGAATGGTTCCACGC-1,-0.4607485830783844,False,-0.5456341925701289,False,-0.40008309483528137,False
TCGAATTAGTTACTCC-1,-0.9574976563453674,False,-0.5842125984251968,False,-0.5686790943145752,False
TCGAATTGTACACTAT-1,1.2082374095916748,False,1.0840178571428571,False,1.0111126899719238,False
TCGACCAATCCGGTTG-1,-0.19069668650627136,False,-0.18558836324089178,False,-0.7358414530754089,False
TCGACGAAGAGCAAGT-1,0.3803001642227173,False,-0.08135416666666666,False,1.6108746528625488,False
TCGACGAAGCAGCTCA-1,0.031063565984368324,False,0.14137646370023418,False,0.6962690949440002,False
TCGACTCAGGTTAACC-1,-0.23207642138004303,False,-0.10347977684797767,False,0.2870786190032959,False
TCGACTGCAATTCTCG-1,0.9598098397254944,False,1.0207374399301004,False,0.2259557843208313,False
TCGACTTATTAATCCT-1,0.42952606081962585,False,0.42767807660961693,False,0.8808810114860535,False
TCGAGCTGGTTGCCGA-1,-0.12993115186691284,False,-0.3853577205882353,False,-0.2156585454940796,False
TCGAGTGGTAGGTCAC-1,0.2861418128013611,False,0.38848348745046235,False,-0.5725711584091187,False
TCGATAGGAGCTGCAG-1,0.0068627046421170235,False,0.10879032258064517,False,0.3509911894798279,False
TCGATATTAGACATAC-1,-0.12883897125720978,False,0.44488297872340427,False,0.19949935376644135,False
TCGATATTGTCCTAAC-1,0.024820765480399132,False,-0.04393532110091743,False,0.9689277410507202,False
TCGATCCAACGTCCTT-1,-0.298702210187912,False,-0.42003382147838214,False,-0.7416658997535706,False
TCGATCCAGTCTGTAG-1,-0.7236586809158325,False,-1.103107237892496,False,-0.7568265795707703,False
TCGATCGCACCTAATC-1,-1.4640066623687744,False,-1.126261387163561,False,0.603408694267273,False
TCGATCGTATAACGAC-1,-0.5179574489593506,False,-0.17986666666666667,False,-0.11672543734312057,False
TCGATCGTGAGGCGCC-1,-0.616156280040741,False,-0.6102619047619048,False,-0.9089504480361938,False
TCGATCGTTGTCTGAA-1,0.29598456621170044,False,0.10730681818181818,False,0.40706807374954224,False
TCGATCTAATGTTAGT-1,0.18640390038490295,False,-0.38332240437158466,False,1.0029022693634033,False
TCGATCTAGCCGATTC-1,-0.6345207095146179,False,-0.2097784140969163,False,-0.7547425031661987,False
TCGCAATAGTGACGCA-1,0.2941942512989044,False,0.27176456310679614,False,-0.13635723292827606,False
TCGCAATGATAGTTCA-1,-0.4103659987449646,False,-0.5118846960167714,False,-0.006484185345470905,False
TCGCACGATTCGGTGG-1,0.18442532420158386,False,0.3706502751031637,False,-0.5209561586380005,False
TCGCACTCTTGGACAG-1,0.7597920298576355,False,0.5857002801120448,False,1.5701231956481934,False
TCGCACTGCTGTGCTC-1,-1.1671276092529297,False,-1.097222003929273,False,0.07500295341014862,False
TCGCACTGTACGGCGA-1,0.3829796016216278,False,0.28019815825375166,False,0.5009167194366455,False
TCGCACTTACTGAAGT-1,-0.005761415231972933,False,-0.45996900269541774,False,1.3387538194656372,False
TCGCACTTCAGTGACA-1,-1.5873807668685913,False,-2.4030254476908577,False,-0.9369093775749207,False
TCGCACTTGGTCCGTC-1,-0.46854764223098755,False,-0.8631166237113402,False,-2.3717551231384277,False
TCGCCAGGCATGCCTC-1,-1.1550301313400269,False,-1.3218844221105528,False,0.603061854839325,False
TCGCCGGAAGGCAGGA-1,-0.1352086216211319,False,-0.4134459724950884,False,0.9503785371780396,False
TCGCCGTATCATGCTT-1,-0.3628065288066864,False,-0.31339573170731705,False,-0.23422212898731232,False
TCGCCGTTGTTACAAG-1,-0.6532595157623291,False,-1.0939847600518808,False,-0.9807345271110535,False
TCGCCTAATGACCGGT-1,0.9285179376602173,False,0.7514809782608696,False,1.5639793872833252,False
TCGCCTAGATAATTAA-1,-0.6269922852516174,False,-0.9262900194426442,False,-0.6724482774734497,False
TCGCCTATCGACTCCT-1,-0.34914088249206543,False,-0.07066568569746909,False,-0.23910324275493622,False
TCGCCTGACGGCCACT-1,0.3883911967277527,False,0.8200231930960086,False,1.8395097255706787,False
TCGCCTGCGTGCGTGG-1,0.33025896549224854,False,0.2320586011342155,False,1.0160173177719116,False
TCGCCTGCTATCAGTC-1,-0.1714308261871338,False,-0.0584944537815126,False,-0.037882719188928604,False
TCGCCTGGTGGATTCT-1,1.080708622932434,False,1.017034544159544,False,1.4634790420532227,False
TCGCGACGTGGTAAGT-1,-0.16857264935970306,False,-0.10749575010624735,False,-0.5638823509216309,False
TCGCGGAAGCACCACG-1,1.4913768768310547,False,1.6413255159474671,False,2.0887982845306396,False
TCGCGGAGTACAACCA-1,-1.2436625957489014,False,-1.047708548614373,False,-0.7857626080513,False
TCGCGGAGTTAGACTT-1,-0.16680195927619934,False,-0.21237405541561713,False,0.5945641398429871,False
TCGCGGTCCGGATCAG-1,-0.1071840301156044,False,-0.3973539603960396,False,0.9018136858940125,False
TCGCGTTACGCAGAAT-1,0.005764985457062721,False,0.12390814814814816,False,-0.5899390578269958,False
TCGCTTACTCGCAAGT-1,-0.4556857645511627,False,-0.4208238423028786,False,-0.5780842304229736,False
TCGGAACGTCTGCAAG-1,-0.13561126589775085,False,-0.1713679318357862,False,-0.38323768973350525,False
TCGGAATCAGCCTAAC-1,0.007610462140291929,False,0.012449571522742254,False,2.0018584728240967,False
TCGGACATTCTATGAG-1,0.5521296262741089,False,0.6439450736126839,False,0.6803936958312988,False
TCGGACCAACCATACA-1,0.46069207787513733,False,0.8222410440122825,False,5.191929817199707,True
TCGGACCAGATTCAAT-1,0.30905842781066895,False,0.43910819521178635,False,-0.24533993005752563,False
TCGGACCAGGATCGCC-1,-0.2932353615760803,False,-0.24568588981371384,False,-0.4780803918838501,False
TCGGACGTTGCCTCAG-1,-0.687812864780426,False,-0.6912380952380952,False,-0.3054472804069519,False
TCGGACTGCCACCTCC-1,0.25726181268692017,False,0.4575136570561457,False,-0.3249540328979492,False
TCGGAGCGTTACCTCG-1,0.2251465618610382,False,0.5630333333333333,False,0.4672369658946991,False
TCGGAGCTGAGTCGGA-1,0.8424355387687683,False,1.2365833333333334,False,1.171236276626587,False
TCGGAGGCTGTAGTTG-1,0.5547773241996765,False,0.5378050153531219,False,0.9242675304412842,False
TCGGAGTGGTACTTGC-1,-0.9751418232917786,False,-0.2612824232081911,False,-0.608322262763977,False
TCGGAGTTGTCTTGTT-1,-0.38775160908699036,False,0.26041846522781775,False,0.0418357215821743,False
TCGGCACTGGCGCCGA-1,-3.3144471645355225,True,-3.986991103202847,True,-1.8754355907440186,False
TCGGCGCAGAATGTCT-1,0.4828964173793793,False,0.388725,False,-0.10135811567306519,False
TCGGCGCAGATAGATA-1,0.5011898279190063,False,0.40495167910447766,False,0.5688759088516235,False
TCGGCGCTATCACGTG-1,0.5364625453948975,False,0.7284252095422308,False,3.1959128379821777,True
TCGGCGGAACATACGC-1,-0.9035521149635315,False,-0.4674,False,-0.19314737617969513,False
TCGGTAATTACGTGGA-1,-0.029584964737296104,False,-0.04412313612313612,False,0.4133089780807495,False
TCGGTAGGCATCACGC-1,-0.4257763624191284,False,-0.1396195335276968,False,0.3918606638908386,False
TCGGTATCGTAATTGG-1,0.19518576562404633,False,0.37877147918511955,False,0.1237921491265297,False
TCGGTATCTAGTATAC-1,0.1987590342760086,False,0.13005065359477122,False,-0.6628212332725525,False
TCGGTGATCGCCGGCC-1,-0.534822404384613,False,-1.171394970414201,False,1.2726296186447144,False
TCGGTGTCAACAGGCA-1,-0.20033995807170868,False,-0.3562227324913892,False,-0.8014689683914185,False
TCGGTGTCTAACCAAG-1,0.25304412841796875,False,0.44707386051619985,False,1.1743937730789185,False
TCGTAAGGCGTTCAGG-1,-0.046933863312006,False,-0.28847069825436406,False,-0.3953467309474945,False
TCGTATACAAGACGAG-1,0.5174769759178162,False,0.1803438890790825,False,-0.3243613839149475,False
TCGTATAGGAGCCTAT-1,-2.5563604831695557,False,-2.098318487394958,False,-0.5977816581726074,False
TCGTATCAACAGCACC-1,0.2605467736721039,False,0.4502879984208449,False,1.3395599126815796,False
TCGTATCACGTTATGA-1,-1.2270429134368896,False,-1.2674750677506776,False,-0.6587712168693542,False
TCGTATGCCGGACGTT-1,-0.26382726430892944,False,-0.14263142292490116,False,-0.9748753905296326,False
TCGTATGTCGTGCCTA-1,0.6328834295272827,False,0.7276817307692307,False,0.47681355476379395,False
TCGTATGTGGCCATTA-1,0.22078530490398407,False,1.0383635187580853,False,0.33482474088668823,False
TCGTATTAGATCCGGT-1,1.071799397468567,False,1.105092788971368,False,3.251840591430664,True
TCGTATTCTGAGTGGC-1,-1.328400731086731,False,-0.9978692835365854,False,0.5120579600334167,False
TCGTCAAGCCTAATCT-1,-0.22504617273807526,False,0.07773671137605564,False,1.0859063863754272,False
TCGTCAAGTCCAGGTT-1,-0.6579040884971619,False,-0.5454607469512195,False,-0.5268892645835876,False
TCGTCACGATGTTCGA-1,0.4312152862548828,False,0.3805990299110752,False,1.3758114576339722,False
TCGTCAGAACAGCCAG-1,0.41884148120880127,False,0.38473285198555957,False,0.7387457489967346,False
TCGTCATCGTACCAAT-1,-0.1639375388622284,False,-0.25656329497274377,False,0.25624942779541016,False
TCGTCCAGCATGGCTT-1,0.2145879715681076,False,-0.19190319865319866,False,-0.9311535954475403,False
TCGTGCCTCGGTAGTT-1,-0.06430207192897797,False,-0.011324529074529074,False,0.287526398897171,False
TCGTTAGCCAGGCCAG-1,-0.3717315196990967,False,-1.1175361930294907,False,0.8296117782592773,False
TCTAACAAGCCAATCC-1,0.4881855249404907,False,0.030524817518248176,False,-0.025915974751114845,False
TCTAACTCTATGTTCT-1,-1.2414098978042603,False,-0.5785627971473851,False,-0.16285094618797302,False
TCTACAACTGGAACTT-1,0.43658217787742615,False,0.48375127491886877,False,0.16496261954307556,False
TCTACACTAATTACTC-1,0.2864140570163727,False,0.6333474702380952,False,-0.24739789962768555,False
TCTACACTCCGGCTCC-1,0.2699625492095947,False,0.5182401038286827,False,2.3037359714508057,False
TCTACACTGAGCTTCT-1,-0.09165563434362411,False,-0.0918644171779141,False,0.26959267258644104,False
TCTACAGCACCGAACC-1,-0.6854645609855652,False,-0.5862265100671141,False,-0.8391010761260986,False
TCTACAGCACGTCCGA-1,-1.3388030529022217,False,-1.7249254587155962,False,-0.6772961020469666,False
TCTACAGCTGAATCAA-1,-1.705406665802002,False,-1.939425,False,0.6819625496864319,False
TCTACAGGTACGCAGT-1,0.08596692234277725,False,0.24773860589812333,False,0.19054420292377472,False
TCTACATAGACGTGAG-1,0.5475326180458069,False,0.7756455972101133,False,1.3741244077682495,False
TCTACATGAACTATAC-1,0.7736575603485107,False,0.7718339296362552,False,0.9914241433143616,False
TCTACATGAATCTGAT-1,-0.6917628049850464,False,-0.7554598674521356,False,-0.3223707377910614,False
TCTACATGTCCGACTT-1,1.1936653852462769,False,1.0826821223709369,False,0.8304463624954224,False
TCTACATTCGATCGCC-1,0.19520606100559235,False,-0.16961497064579256,False,0.11622564494609833,False
TCTACATTGGAGTAAT-1,0.6013457775115967,False,0.7605171073094867,False,0.1405102014541626,False
TCTACCGGTCAATAGC-1,-0.5636194348335266,False,-0.7360321535393818,False,-0.4787750840187073,False
TCTACTCCGACTCGGC-1,-1.3031792640686035,False,-1.1511376008064516,False,-0.8332875967025757,False
TCTACTCGTTCATCGC-1,-0.8033627271652222,False,-0.895654777486911,False,-0.8891276121139526,False
TCTACTGTCTCAATGA-1,0.9471730589866638,False,0.6745,False,0.9323035478591919,False
TCTACTTAACCGGCCT-1,-2.9941065311431885,False,-2.65311568986569,False,-0.8107929825782776,False
TCTACTTAGGTTCTTA-1,-0.48477989435195923,False,-1.145968686868687,False,-0.0889773964881897,False
TCTACTTAGTATTAGT-1,-0.40731319785118103,False,-0.4641445707070707,False,0.47336408495903015,False
TCTACTTCACCGTGGA-1,0.8352362513542175,False,1.9582614754098362,False,2.688356876373291,False
TCTAGAACTTCTTGCA-1,-0.20682305097579956,False,-0.4375747899159663,False,1.2419627904891968,False
TCTAGAATTGCGGTTG-1,-0.5190021991729736,False,-0.5282399999999999,False,-0.39529356360435486,False
TCTAGACGGTGGCTGA-1,-0.23617704212665558,False,0.13984177708495713,False,0.6371316313743591,False
TCTAGAGTCTCCACGC-1,-0.22374416887760162,False,0.17915479331574316,False,0.5228975415229797,False
TCTAGATAAGGTTAGC-1,0.17110013961791992,False,0.1662250936329588,False,0.4258526861667633,False
TCTAGCAGCGGATCAG-1,-1.3491259813308716,False,-0.9551040044493883,False,-0.48175469040870667,False
TCTAGCGGAATGGATC-1,0.7905728220939636,False,1.0675625,False,1.8207348585128784,False
TCTAGCTCCGAGGACC-1,-0.5732173919677734,False,-0.11716666666666667,False,-0.10982999205589294,False
TCTAGCTTATTCGCCA-1,-2.1931145191192627,False,-2.0781725865209473,False,-0.78963303565979,False
TCTAGGCGGAAGGCAC-1,0.330601304769516,False,0.28027550598926065,False,0.2975393533706665,False
TCTAGGCTTAAGACTG-1,-0.43867185711860657,False,-0.20070628473706711,False,-0.38892874121665955,False
TCTATGATCGGTGCCT-1,-0.29226475954055786,False,-0.46826798561151073,False,-1.919737696647644,False
TCTATTCCTTCCGGAA-1,2.2104649543762207,False,2.750239179954442,False,0.584669828414917,False
TCTATTCTGCATTGGC-1,0.3492104113101959,False,0.33052651515151515,False,0.6335373520851135,False
TCTATTGATGCATGCC-1,-0.23699767887592316,False,-0.23677598152424942,False,-0.12450725585222244,False
TCTATTGGCTTCGATC-1,-2.3851494789123535,False,-1.7143388677191072,False,-0.9971147179603577,False
TCTGAGCGTAATTGTC-1,-1.2131297588348389,False,-0.7786263520157325,False,-0.6258463859558105,False
TCTGAGTCAGATCTTG-1,0.2846255600452423,False,0.273736074270557,False,-0.017814911901950836,False
TCTGATCATAATGATT-1,0.2405867576599121,False,0.09275500667556742,False,0.5351158976554871,False
TCTGCAAGGACGGCAA-1,0.027718495577573776,False,-0.003480392156862745,False,-0.02256021276116371,False
TCTGCAATTCACAAGA-1,-1.100035548210144,False,-0.5153814997263273,False,-0.5782353281974792,False
TCTGCCTGGATGTCAG-1,0.312610924243927,False,-0.26784492753623185,False,2.2711994647979736,False
TCTGCGAGGTGCACGT-1,0.3149193525314331,False,-0.19815380184331796,False,-0.5700550675392151,False
TCTGCGCTTGCAGATA-1,-0.8302464485168457,False,-0.689572625698324,False,1.196812629699707,False
TCTGCGTGCTATTCTA-1,-0.49796971678733826,False,-0.5603444040036396,False,-0.4154319763183594,False
TCTGCGTGCTTCAGAC-1,-0.6437097787857056,False,-0.5420639269406392,False,-0.3754987418651581,False
TCTGGATATTAACCTA-1,-0.7614043951034546,False,-0.578431784107946,False,0.4484875500202179,False
TCTGGTAATCGTCCAA-1,0.35372236371040344,False,0.31236656200941915,False,-0.20512798428535461,False
TCTGGTATCTGTAGCC-1,0.7052562236785889,False,0.3121262050832603,False,1.0383738279342651,False
TCTGGTCACTATCTGT-1,0.8658994436264038,False,0.6662429227237949,False,0.8813943266868591,False
TCTGGTCCTCCACTGT-1,-0.7859336733818054,False,-0.8857733463035019,False,-0.5435510277748108,False
TCTGTACGCTGTCCTC-1,0.47087952494621277,False,0.6619245762711864,False,0.9043850302696228,False
TCTGTCACCGTTAATA-1,-0.7261632084846497,False,-0.4940444340505145,False,0.45083707571029663,False
TCTTACATTACTTCGC-1,0.0035982008557766676,False,-0.30748269809428286,False,-0.6406977772712708,False
TCTTACCATTCTAAGC-1,-0.3996841013431549,False,-0.2777352941176471,False,0.12944136559963226,False
TCTTACCGCACTGAAT-1,0.7716194987297058,False,1.0037089761570828,False,0.9374445676803589,False
TCTTACCGCTCGTATG-1,-0.36270612478256226,False,0.31908430913348945,False,0.7670179009437561,False
TCTTACCGGATCCGCT-1,0.02018623799085617,False,0.5414074299634591,False,-0.12378081679344177,False
TCTTACGAATCAGTGC-1,-0.5412368178367615,False,-0.6543001302083333,False,1.3730485439300537,False
TCTTACGAGGAATAAG-1,-0.23503310978412628,False,-0.09501738016831321,False,0.08200830966234207,False
TCTTACGAGGCCGACA-1,2.128408908843994,False,0.9080071065989848,False,-0.16893905401229858,False
TCTTACGGCCGCAACA-1,0.0369984470307827,False,0.3304398595258999,False,-0.7119125723838806,False
TCTTACTCTGTATGCG-1,-0.0920250192284584,False,0.03343002915451895,False,0.8269504904747009,False
TCTTACTGAGACTAGT-1,-0.33601242303848267,False,-0.48759944134078215,False,-0.14740465581417084,False
TCTTAGATGCCTCCGA-1,0.7295175194740295,False,0.905931151241535,False,0.8783631920814514,False
TCTTAGGCCTGGCGTA-1,-0.8844946026802063,False,-0.8277764705882352,False,-0.45966553688049316,False
TCTTAGGCGACAGTCA-1,-1.3622621297836304,False,-1.8431323119777157,False,-1.2162550687789917,False
TCTTAGTCGCGGCAGA-1,0.2981722354888916,False,0.6659620253164557,False,-0.44722896814346313,False
TCTTAGTCGTCTCGGC-1,-0.8864246606826782,False,-0.4647392923649907,False,-0.34343665838241577,False
TCTTCGAACAGCGTTA-1,0.7846883535385132,False,1.3585859173126615,False,-0.07643524557352066,False
TCTTCGAATTGTATAC-1,-1.1640088558197021,False,-1.221964125560538,False,0.3603840172290802,False
TCTTCGCCATTCGAAT-1,-0.5582124590873718,False,-0.5981738715829625,False,-0.8196166753768921,False
TCTTGAGCGGCAACGC-1,-2.1617393493652344,False,-1.5163410532994923,False,-0.47038450837135315,False
TCTTGAGTCATTATAC-1,0.4485982656478882,False,0.3560770631067961,False,1.443968653678894,False
TCTTGAGTCTCCGAAT-1,0.03962213173508644,False,0.2798799682034976,False,1.1358025074005127,False
TCTTGCACCAATCTAT-1,-1.4230132102966309,False,-0.6650609329446064,False,0.44879841804504395,False
TCTTGCACGTATGGAC-1,2.264346122741699,False,2.229769113149847,False,0.5605955123901367,False
TCTTGCACTATTCAGA-1,0.1860196888446808,False,0.698093621399177,False,1.14191472530365,False
TCTTGCACTGGTGCTC-1,1.0143824815750122,False,0.8524930555555555,False,0.0501813106238842,False
TCTTGCAGACTGCGAG-1,-1.348341703414917,False,-1.2303810344827586,False,-0.659042477607727,False
TCTTGCCACGTTCACT-1,0.5448318123817444,False,0.5563019047619048,False,-0.858493447303772,False
TCTTGCCATCGTTGTA-1,-1.0020300149917603,False,-0.9148592833876221,False,-0.7242562174797058,False
TCTTGCCGGAGCCAGA-1,0.17459142208099365,False,0.0634195957820738,False,1.251571536064148,False
TCTTGCCGGCAGTCTA-1,-0.15156985819339752,False,0.17202844036697248,False,1.4505970478057861,False
TCTTGCTCCGTCGGCA-1,0.1574050337076187,False,-0.07041949685534592,False,0.010062460787594318,False
TCTTGTTACCGGTTAC-1,-0.7040026783943176,False,-0.6601489361702128,False,-0.5730116963386536,False
TCTTGTTATTCTTGAT-1,-0.5903963446617126,False,-0.7372366265060242,False,-0.31984373927116394,False
TGAACCAATGTTGAGC-1,-0.28712624311447144,False,0.25081909547738696,False,0.6884047389030457,False
TGAACGAATCTTAATT-1,-0.5483236312866211,False,-0.47953962703962705,False,-0.10282783955335617,False
TGAACGGACACGTATC-1,-1.110703945159912,False,-0.738423202614379,False,-0.41133299469947815,False
TGAACGGACATTGAGT-1,0.0797736868262291,False,-0.006444267515923566,False,-0.5574666857719421,False
TGAACGGATCTGGTAC-1,0.4722736179828644,False,0.47431668994413406,False,0.44513607025146484,False
TGAACTCAAGGTCGGT-1,1.1490017175674438,False,0.44966666666666666,False,0.0955214723944664,False
TGAAGATACAATCTGC-1,3.470447063446045,False,1.5228568019093078,False,0.6236196160316467,False
TGAAGCACCGTCATGA-1,0.2183486372232437,False,-0.0017948376796168175,False,0.11071931570768356,False
TGAAGTATGATCGTGC-1,-0.7251073122024536,False,-0.6699562125748503,False,-1.097208857536316,False
TGAATACAGACTGCTC-1,-0.3814065158367157,False,-0.14140931780366056,False,-0.4109858274459839,False
TGAATATGGCCTGCCA-1,0.8068045377731323,False,1.0422571251548947,False,0.7880631685256958,False
TGAATGCGGTTATGGA-1,-0.8920429348945618,False,-0.9374819494584837,False,-0.9596308469772339,False
TGAATGGTGCTTCGAT-1,0.10208617895841599,False,0.3126690962099125,False,0.7081964612007141,False
TGAATGTACCTTCGTC-1,-0.08048486709594727,False,-0.012984774238711935,False,0.9333517551422119,False
TGAATGTTGACATCGT-1,-0.5496362447738647,False,-0.4237599451303155,False,0.5404173135757446,False
TGAATTATGCCGCAGT-1,-0.029168684035539627,False,0.3090774533657745,False,0.6040484309196472,False
TGAATTCGTGGTATAA-1,-0.6837207078933716,False,-0.4764769811320755,False,-0.702652633190155,False
TGACAGTACTATTCTA-1,-0.5958858132362366,False,-0.4312273998136067,False,-0.5944862961769104,False
TGACATTACAACGCCG-1,0.9277302622795105,False,-0.05396,False,-1.3743654489517212,False
TGACCAACAGATAGGT-1,-0.5416685938835144,False,-0.2625138999205719,False,-1.4234949350357056,False
TGACCAAGCTGCACAT-1,-1.866371512413025,False,-1.29382981530343,False,-1.0761971473693848,False
TGACCAATCAGCCACG-1,0.6342023611068726,False,0.6824875,False,1.2014527320861816,False
TGACCAGCACTCCAGC-1,-1.0622299909591675,False,-0.8595398230088496,False,-0.0503963828086853,False
TGACCAGGCTCATGCA-1,-0.4798414707183838,False,-0.8330617540217955,False,0.71951824426651,False
TGACCATCCATCTGCT-1,0.6412409543991089,False,0.9849042288557214,False,0.9828968644142151,False
TGACCATGTACACTCA-1,0.5487275123596191,False,0.6306062906724512,False,-0.2872808873653412,False
TGACCTCACGCACGAG-1,-0.1478109359741211,False,0.1325081560283688,False,-0.4586164057254791,False
TGACCTCACTCCTTAT-1,0.5000075697898865,False,-0.33725,False,-0.8724395632743835,False
TGACCTCCTTCAGATT-1,-0.8536880016326904,False,-0.7363520023215322,False,-0.25198885798454285,False
TGACCTGTCTATCTCG-1,1.731309175491333,False,1.3168809523809524,False,-0.26595714688301086,False
TGACGCTCACCAAGCC-1,-0.36608371138572693,False,-0.18489041514041515,False,-0.8519280552864075,False
TGACGCTCGCGGTAGT-1,0.18934525549411774,False,-0.17727243589743588,False,0.933821439743042,False
TGACGCTGCAGCTCAT-1,0.5639908313751221,False,0.3815585432266848,False,0.5803983807563782,False
TGACGCTGCGATAGTA-1,-0.0597250759601593,False,0.11472659817351599,False,1.689632534980774,False
TGACGCTTACTAGACA-1,0.8093379735946655,False,0.605351618705036,False,-0.09327925741672516,False
TGACGGAGCGCTATAC-1,0.5930799841880798,False,0.5006089700996678,False,-0.8183192610740662,False
TGACGGCAGCCAGACC-1,-0.8762727975845337,False,-0.8889436229205175,False,-0.7049902081489563,False
TGACTCCAAGTCTACC-1,-0.492129921913147,False,-0.4441866055456172,False,-0.7345970273017883,False
TGACTCGGCCGACCGA-1,1.0888439416885376,False,0.5418577405857741,False,-0.22852744162082672,False
TGACTCGGTGTCATCG-1,-0.7066034078598022,False,-0.699982880755608,False,-0.6669251322746277,False
TGACTCTGCTCGCACG-1,1.5122898817062378,False,1.0809902419984387,False,0.8806988000869751,False
TGACTTAATGCGTTGG-1,1.002824306488037,False,0.6418500590318771,False,-0.017646847292780876,False
TGACTTCGGCGTAACA-1,0.4151095747947693,False,0.03265059991725279,False,-0.40410056710243225,False
TGACTTGCACTCACGG-1,-0.8003043532371521,False,-1.3004896710022953,False,0.023882444947957993,False
TGAGAACGAGTTCTGT-1,-0.4136594235897064,False,-0.48503853503184713,False,-0.5919283628463745,False
TGAGACAAGGACGACC-1,1.5507357120513916,False,1.8057975746268657,False,0.6005599498748779,False
TGAGACAGAAGTGCTC-1,0.31148985028266907,False,-0.08591449683321604,False,-0.7020463943481445,False
TGAGACCTGAGCCGAG-1,0.8479945063591003,False,0.662349974266598,False,1.1951627731323242,False
TGAGACGTGAACGGTC-1,-0.09776773303747177,False,-0.21297245927075253,False,0.029528800398111343,False
TGAGACTATTGAATCT-1,0.21678638458251953,False,0.17430608728943336,False,0.07368601858615875,False
TGAGATGCTCTAATGA-1,-2.326349973678589,False,-1.7066968590211833,False,-0.05779000371694565,False
TGAGCACCTCGACGTT-1,-0.1422082483768463,False,-0.10029008746355685,False,0.03507760167121887,False
TGAGCATAGTCTTATT-1,0.7043770551681519,False,1.0589882319173363,False,0.8211025595664978,False
TGAGCCGCGTGATCAT-1,0.21264706552028656,False,0.16368619246861926,False,0.6698595285415649,False
TGAGGAATCCATAGAA-1,0.6233368515968323,False,0.6685833333333333,False,0.08323225378990173,False
TGAGGTAGGACTACTG-1,-0.5091549754142761,False,-0.6494460243760882,False,-0.6633471250534058,False
TGAGTAAGCGCAATCC-1,-0.08706497400999069,False,0.22985611510791365,False,-0.18062345683574677,False
TGAGTACGCTGCTCAG-1,0.8506738543510437,False,0.7101041055718476,False,0.08707079291343689,False
TGAGTATTCTAGGACT-1,0.3614453971385956,False,0.32051277860326893,False,-0.48401185870170593,False
TGAGTGACCTACTCGT-1,-0.04300956800580025,False,0.08939156626506024,False,0.49529141187667847,False
TGAGTGAGATCGCTAA-1,0.22777320444583893,False,0.2827396449704142,False,1.4874916076660156,False
TGAGTGAGGCACGCCT-1,-0.03425105661153793,False,-0.0694009009009009,False,0.176129549741745,False
TGAGTTCGCTTGACCT-1,-3.7110507488250732,True,-3.341789207419899,True,-1.1400002241134644,False
TGAGTTGTCCTCGCTT-1,0.5410090684890747,False,0.5467477263740609,False,1.2895888090133667,False
TGAGTTGTTAGCACCG-1,-1.280477523803711,False,-1.1280857798165136,False,-0.7491379976272583,False
TGATAAGCAGTAAGAA-1,-0.07434020936489105,False,-0.12035988023952096,False,-0.18762387335300446,False
TGATAGGAGCATCAAC-1,0.6244930028915405,False,0.6564189976689977,False,-0.22782079875469208,False
TGATCCGCACTCCTTA-1,0.41265857219696045,False,0.5788461939520334,False,-0.14067326486110687,False
TGATCGGACCTGGATG-1,-0.556926965713501,False,-0.6091980891719745,False,-0.5405846834182739,False
TGATCTTGCCTATTGT-1,-0.16669747233390808,False,0.09919117647058824,False,-0.6690585613250732,False
TGATGGAACTAACGAA-1,-0.4157726764678955,False,-0.49704132712456345,False,-0.5168867111206055,False
TGATGGATGATCACGG-1,-0.06352987140417099,False,0.4919882352941176,False,-0.2509482502937317,False
TGATGGCCGGCATCGC-1,-1.2596789598464966,False,-1.6616061061061063,False,-1.0637708902359009,False
TGATGGCTAATCCATA-1,-0.5174908638000488,False,-0.36254375,False,-0.13647602498531342,False
TGATGGCTGCGACGAT-1,1.026635766029358,False,-0.25821470160116444,False,-0.6944089531898499,False
TGATGGTTCCACTGAT-1,2.165184736251831,False,2.995220326409495,False,2.3766262531280518,False
TGATTAGAATGACATA-1,1.1257013082504272,False,1.0418092391304348,False,1.329283595085144,False
TGATTCAACGACAAGG-1,-0.9871294498443604,False,-1.2042664271047228,False,-0.8852137923240662,False
TGATTCAAGATCGAGC-1,-0.4624995291233063,False,-0.4439117136659436,False,0.4118082821369171,False
TGATTCGTCTGGATCT-1,-1.4673579931259155,False,-0.9577985978330147,False,-0.9838610291481018,False
TGCAACAGTGAAGCTC-1,-0.421336829662323,False,0.31075412221144516,False,1.3709285259246826,False
TGCAACGTTACCTGGT-1,0.09348543733358383,False,0.1222248322147651,False,0.234766885638237,False
TGCACCGGTCACCTCC-1,-0.5871896743774414,False,-0.6520913621262457,False,-0.6760279536247253,False
TGCACGAATGTACTAA-1,0.23713095486164093,False,0.06800136239782016,False,-0.3171941339969635,False
TGCACGAGTAGAGTTA-1,0.0735028088092804,False,-0.004299220963172805,False,0.4552708566188812,False
TGCACGAGTGTCAGCC-1,1.2055712938308716,False,1.181724,False,0.4540953040122986,False
TGCACGCTCCTATCCG-1,0.13065166771411896,False,0.2679360967184801,False,0.06367770582437515,False
TGCACGGCTGAGACTT-1,0.6028681397438049,False,0.5985678198791873,False,0.6514222621917725,False
TGCACGGCTGGTAAGG-1,0.5279867053031921,False,0.11848910576486608,False,-0.6234349608421326,False
TGCACGTAGTTCGAAG-1,1.134860634803772,False,1.2462190476190476,False,0.9717323184013367,False
TGCACGTGATTATCAA-1,0.455466091632843,False,0.5524220261809903,False,2.068164348602295,False
TGCACTCCAGCTACTC-1,0.8313891887664795,False,0.8710119783616693,False,0.9026954770088196,False
TGCAGAACTATCAACT-1,0.6344366073608398,False,0.3100781990521327,False,-0.6889545321464539,False
TGCAGAAGCAGTAGGC-1,0.7551566362380981,False,0.6600685175751401,False,0.8664994239807129,False
TGCAGAATCGGAGGCT-1,-0.18567916750907898,False,-0.4797590822179732,False,0.005895060021430254,False
TGCAGACAATACTGTT-1,1.5574498176574707,False,1.8053309932397295,False,2.172722101211548,False
TGCAGAGCCTTGCCGG-1,-0.7378720641136169,False,-0.8050483870967742,False,-0.9287320971488953,False
TGCAGAGGTCGTAATT-1,-0.8401176333427429,False,-0.7364496242694126,False,-0.6114550828933716,False
TGCAGATGAGATCTAG-1,0.4936225116252899,False,0.17020093457943924,False,0.6674716472625732,False
TGCAGTACAACGAGTG-1,0.5327813625335693,False,0.8502903682719546,False,0.6340789198875427,False
TGCAGTCGAGCACCAA-1,0.10422772914171219,False,0.016677197802197802,False,-0.21274420619010925,False
TGCAGTTATTCCACTC-1,-0.29141372442245483,False,0.05403351498637602,False,-0.5103399157524109,False
TGCAGTTGTCGGAGCG-1,0.15370213985443115,False,0.33725,False,2.2913248538970947,False
TGCATTAATGGCCACC-1,0.8670384883880615,False,0.8995256629597946,False,0.5031681656837463,False
TGCATTCACGTGTACT-1,-0.7940412163734436,False,-0.8573669763513513,False,-1.2763370275497437,False
TGCATTCGCCAGCGAT-1,-0.34910908341407776,False,-0.3367238689547582,False,0.9753390550613403,False
TGCATTCGCTACAATG-1,0.8196990489959717,False,0.9117980408503543,False,0.3231726586818695,False
TGCATTCGTCTACAGG-1,-8.538299560546875,True,-5.481409366869037,True,0.06508081406354904,False
TGCATTCTTACGGAGG-1,-1.610534906387329,False,-0.9593277202072539,False,0.9688365459442139,False
TGCATTGCTGTCGGCG-1,-1.2626402378082275,False,-1.016018987341772,False,-0.41281360387802124,False
TGCCAATCCATGTCTA-1,1.3675678968429565,False,1.207932392996109,False,0.9487559199333191,False
TGCCACAATGCTACCG-1,-0.8278197050094604,False,-0.36672894947874896,False,-0.6732473969459534,False
TGCCACCTATTACATT-1,-0.8805820941925049,False,-0.5296283124128311,False,-0.6727829575538635,False
TGCCACTATCAGGCAG-1,1.1108344793319702,False,1.3882436363636363,False,1.2255357503890991,False
TGCCACTCAACCGGCC-1,-0.924379289150238,False,-0.38580867850098616,False,0.2661486864089966,False
TGCCACTTAAGTGATG-1,-1.8256622552871704,False,-1.2741834470989761,False,-0.49954861402511597,False
TGCCAGACGAGTTAGG-1,-0.815049946308136,False,-1.3460610021786492,False,-0.47860708832740784,False
TGCCAGCTATTGTAGA-1,0.45305460691452026,False,0.7090121184919209,False,0.33928242325782776,False
TGCCAGGATGAGGTTC-1,0.022929545491933823,False,0.019859095688748683,False,0.7341287136077881,False
TGCCAGTGATTCGTGC-1,-0.484527587890625,False,-0.29912608695652176,False,-0.842556893825531,False
TGCCAGTGCAGAGTAT-1,-0.06034478917717934,False,-0.04332430730478589,False,-0.264375776052475,False
TGCCAGTTATGCAGCT-1,0.40965938568115234,False,0.4012650462962963,False,-0.7557108998298645,False
TGCCGAATCAAGCGTC-1,0.002591909607872367,False,0.352534236453202,False,-0.8661977052688599,False
TGCCGACGATGAACTG-1,-0.06040775775909424,False,-0.24210642317380351,False,-0.29234546422958374,False
TGCCGAGTTAAGAACG-1,0.47756484150886536,False,0.604705766192733,False,0.23558346927165985,False
TGCCGGAACTTAGGCA-1,-0.28978997468948364,False,-0.18875932835820894,False,0.33475714921951294,False
TGCCGGCATTATAGAT-1,-0.47638916969299316,False,-0.4656806960744637,False,-0.6831344962120056,False
TGCCTAAGTTAATTAT-1,0.5639282464981079,False,0.45772427745664734,False,0.2467573881149292,False
TGCCTACGCAGGCTGC-1,-0.0064880093559622765,False,0.0947092709270927,False,-0.19538304209709167,False
TGCCTATCAATGCCAT-1,0.6349402070045471,False,0.8276021437578814,False,1.6712713241577148,False
TGCCTATCGGCTATGT-1,0.4211612939834595,False,0.36939757252812316,False,0.7107353210449219,False
TGCCTATGGACTGGTC-1,0.9453516602516174,False,1.2402704117236565,False,1.371408224105835,False
TGCCTTAGGCGTCTAT-1,-1.1783984899520874,False,-1.0635088852988692,False,-0.9446465969085693,False
TGCGAACATATCGGCT-1,0.6753472089767456,False,0.7633613550815558,False,0.09234987944364548,False
TGCGAATTCTCCGCAC-1,0.3607649505138397,False,0.6045251336898395,False,0.8907447457313538,False
TGCGACTACGTGCGAG-1,0.6641736626625061,False,0.6812619047619047,False,-0.3401157259941101,False
TGCGAGCCAGACGAAT-1,0.5382114052772522,False,0.5168891444342226,False,0.4555845260620117,False
TGCGATCGGATTCACT-1,0.8319962620735168,False,0.9254939626783754,False,-0.7976647019386292,False
TGCGATCTTGCTCGAT-1,-0.6064198017120361,False,-0.5245472742759796,False,-0.49038106203079224,False
TGCGATGTGCCTTGGC-1,0.7696259617805481,False,0.7363807339449542,False,0.3437374234199524,False
TGCGATTAGCTCCGCC-1,-0.01714528352022171,False,0.23195475113122171,False,-0.004362902138382196,False
TGCGCAATTGATCATA-1,-2.5135810375213623,False,-1.3467702479338841,False,-0.2652123272418976,False
TGCGCCGAACGGACTC-1,0.9227708578109741,False,0.91190625,False,1.055550217628479,False
TGCGCCGATCGCGAAG-1,-0.920374870300293,False,-0.5202363636363636,False,-1.0479481220245361,False
TGCGCCTCTGGCTACA-1,-1.1863195896148682,False,-1.2290957740009187,False,-0.7913410067558289,False
TGCGCCTCTTCGGCGA-1,-1.4063159227371216,False,-1.3305981112277019,False,-0.6208329200744629,False
TGCGCTCATAGAACGA-1,0.3680042624473572,False,0.2039186046511628,False,-1.5478649139404297,False
TGCGGACATTCGCCGG-1,1.8776401281356812,False,1.831763959390863,False,0.10971274971961975,False
TGCGGACGATACGGAC-1,-1.110305905342102,False,-1.1229434167573449,False,-1.5616536140441895,False
TGCGGACTCACGTGAT-1,-0.1990836262702942,False,-0.9253014157973174,False,-1.2618789672851562,False
TGCGGACTTAACTTCC-1,0.29625120759010315,False,0.5600287206266318,False,0.1457769125699997,False
TGCGGACTTCTGTCGC-1,0.5874457955360413,False,0.6759541861300754,False,0.6629275679588318,False
TGCGGAGGCTGGACCG-1,1.2939082384109497,False,1.4133005836575874,False,1.726619005203247,False
TGCGGATCATCCTAGA-1,1.7974746227264404,False,1.750310968137255,False,4.277541160583496,True
TGCGGATCGGATCTTA-1,-0.5685267448425293,False,-0.6320913173652694,False,0.16761629283428192,False
TGCGTATCTTGTACCG-1,-0.448959618806839,False,-0.16281034482758622,False,-1.2300537824630737,False
TGCGTCCTAAGTTCCA-1,-0.3499835133552551,False,-0.19127611940298508,False,-0.21674440801143646,False
TGCGTCTGGATCGGAT-1,0.3718632757663727,False,0.6652178899082568,False,2.1925883293151855,False
TGCGTGTCAGCCAGTG-1,-0.2566004991531372,False,-0.6565879668049792,False,1.814430832862854,False
TGCGTGTCGGCGGATA-1,-0.6512194871902466,False,-0.4884310344827586,False,0.24288471043109894,False
TGCGTTAGCACGTACC-1,0.0036236185114830732,False,0.15266975881261596,False,0.2727835774421692,False
TGCGTTATGTTCCGGA-1,-1.1360576152801514,False,-0.6484405418966381,False,-0.7584221363067627,False
TGCGTTATTGTTGCGA-1,-1.8485891819000244,False,-1.7258696275071632,False,-0.2681185305118561,False
TGCGTTGTATTGCCTG-1,-0.6191862225532532,False,-0.25018545994065283,False,-0.07248073071241379,False
TGCTACATCACCGGAT-1,-0.592666506767273,False,-0.2999372340425532,False,0.2755114436149597,False
TGCTACTTGTGGCTGG-1,0.20626184344291687,False,0.5511506342494715,False,0.689200758934021,False
TGCTATCCATGTAATA-1,1.3892765045166016,False,1.2921667641895846,False,0.4224238395690918,False
TGCTATCCTAAGACGA-1,-1.0608326196670532,False,-1.2020145278450363,False,-0.659827709197998,False
TGCTATGGTTGCGACA-1,-1.1766656637191772,False,-1.4004543946932007,False,-0.1770821213722229,False
TGCTATTGCGGCGTGG-1,0.016900671645998955,False,0.2980999170812603,False,0.5214899778366089,False
TGCTATTGGTAAGTTC-1,-0.12221839278936386,False,-0.12658080808080807,False,-0.3324483633041382,False
TGCTATTGTCAAGGAG-1,-0.3609910011291504,False,-0.1678181818181818,False,0.16680468618869781,False
TGCTCAGATTGGTAGC-1,0.9883382320404053,False,0.9390180236171535,False,1.7037914991378784,False
TGCTCCTAACGGAAGA-1,-2.0490963459014893,False,-1.4365170380078638,False,-0.7473917007446289,False
TGCTGTATTAGCGGTC-1,1.4768197536468506,False,0.786548087431694,False,-1.333838939666748,False
TGCTGTCAGAACGAAG-1,-0.33751654624938965,False,-0.9036570512820512,False,-2.6211509704589844,False
TGCTGTCTTGTTAATG-1,0.7253251671791077,False,0.12672424242424243,False,1.0010277032852173,False
TGCTGTGAAGTCAAGA-1,0.4001556932926178,False,0.08914096916299559,False,0.6583285927772522,False
TGCTGTTCTGTAGACC-1,-0.5229372382164001,False,-0.4752536976170912,False,-0.26654624938964844,False
TGCTGTTCTTGTCCAA-1,-0.29512152075767517,False,-0.3440357142857143,False,-0.9623139500617981,False
TGCTTACTCACCGGTC-1,0.686654806137085,False,0.6738079685362517,False,2.211669921875,False
TGCTTAGCTCCTGGCT-1,-2.2659823894500732,False,-1.9344385964912278,False,-1.0002576112747192,False
TGCTTAGTTGACTTAC-1,0.9468897581100464,False,1.1868884120171674,False,0.7652796506881714,False
TGCTTATGACGCTGGC-1,-0.583928108215332,False,-1.0029902597402598,False,0.04856801778078079,False
TGCTTATGCGGTTCTG-1,0.30709075927734375,False,0.275396288209607,False,-0.1877249926328659,False
TGGAAGACGTGAGTAG-1,-0.4298679530620575,False,0.20486082910321488,False,0.9034817218780518,False
TGGAAGACTAGTCTTG-1,-0.9814001321792603,False,-0.7701048048048048,False,-1.2279915809631348,False
TGGAAGCCATAACAGT-1,-2.921123743057251,False,-2.1317164835164837,False,1.7306972742080688,False
TGGAAGCTAGTAATAC-1,-3.3528761863708496,True,-3.125455309139785,True,-1.4871362447738647,False
TGGAAGCTCCATCGAC-1,-1.170523762702942,False,-1.0342333333333333,False,-0.4493885636329651,False
TGGAAGGTTCGCTTGC-1,0.005883342120796442,False,-0.1776354961832061,False,-0.5641718506813049,False
TGGAAGTCCGCAGTCT-1,-0.532498300075531,False,-0.44561842105263155,False,-0.12910562753677368,False
TGGAAGTCTGGACTAA-1,-0.825729489326477,False,-0.8080522252497729,False,0.34429240226745605,False
TGGACGCCTGCGACCG-1,2.0311436653137207,False,1.1732681992337164,False,1.2580646276474,False
TGGACTGACGTACCAC-1,-0.3840751647949219,False,-0.21849188034188036,False,-0.525101900100708,False
TGGACTGAGTACCTAG-1,0.34194687008857727,False,0.4019388888888889,False,-0.44165071845054626,False
TGGACTTCGCGGAACT-1,0.17127691209316254,False,-0.2980759825327511,False,-0.9904202222824097,False
TGGAGTCGGCAAGCTC-1,-0.8556297421455383,False,-1.1359627492130115,False,-0.7081718444824219,False
TGGAGTGAACGCGGTC-1,-0.5843029022216797,False,-0.8409246737841044,False,-0.5478116869926453,False
TGGAGTGATGGCTCTT-1,0.11349590867757797,False,0.03690660377358491,False,0.5753650665283203,False
TGGAGTGCTCCTGATC-1,-1.2715827226638794,False,-1.1076579254079253,False,-1.2827250957489014,False
TGGAGTTGAGTCGACA-1,0.47937026619911194,False,0.4589915514592934,False,1.057890772819519,False
TGGAGTTGGTGAATCA-1,0.222438246011734,False,0.4283903548680619,False,1.0217026472091675,False
TGGATCATTGTAACGG-1,0.8155273795127869,False,0.8379554744525548,False,0.63787442445755,False
TGGATCCAGTCACTTC-1,-1.175723671913147,False,-1.190989641434263,False,-0.751227080821991,False
TGGATCGGCCTCCATG-1,-0.997308075428009,False,-0.7008934782608696,False,-0.334471195936203,False
TGGATTAGTACATTGC-1,0.10900253057479858,False,-0.2717,False,-0.08882835507392883,False
TGGCAAGCGACACTTA-1,0.6785377860069275,False,0.8388327272727273,False,0.3446030020713806,False
TGGCATCGATCAATTG-1,0.018355559557676315,False,-0.3492371352785146,False,-0.43444007635116577,False
TGGCATGCGTTCACGC-1,1.262276291847229,False,0.9451792364990689,False,0.8503715395927429,False
TGGCATGTTCGAACAG-1,-1.6940687894821167,False,-1.0583773674242425,False,-0.3311058282852173,False
TGGCCAACATTCTGAG-1,-2.042179584503174,False,-1.8885222029988464,False,-0.8040286302566528,False
TGGCCAAGCGTACAAG-1,-0.35644131898880005,False,-0.4309710973724884,False,-0.03689316287636757,False
TGGCCACTCCGCGGAC-1,0.15969976782798767,False,-0.007412087912087912,False,0.20128056406974792,False
TGGCCAGAATCACTTG-1,-0.8865020275115967,False,-0.7573233809924306,False,-0.8245547413825989,False
TGGCCAGAGTATCTCC-1,0.23483726382255554,False,0.10964778325123152,False,0.24479222297668457,False
TGGCCAGATCCGGACA-1,0.9984537959098816,False,0.6840762345679012,False,0.5063628554344177,False
TGGCCGTCTATCAGGA-1,0.43566060066223145,False,0.8495054054054054,False,-0.27311480045318604,False
TGGCCTGACATACTCA-1,0.5067923665046692,False,0.9388863742417172,False,0.7086977362632751,False
TGGCCTGGCACTGTGG-1,0.9672887325286865,False,0.8432247191011236,False,0.9413287043571472,False
TGGCGAATTCTATGGT-1,1.01911199092865,False,1.9341887351778655,False,0.6618446111679077,False
TGGCGACACTGCCGGA-1,0.04919150844216347,False,0.17787243681449688,False,0.3190426528453827,False
TGGCGACAGCACGGCC-1,-0.07576370239257812,False,-0.10664928511354078,False,-0.24368776381015778,False
TGGCGACATACGCTCA-1,0.1401311755180359,False,0.2148917233560091,False,0.007510880008339882,False
TGGCGATGAGTGGCAG-1,-0.9386134743690491,False,-1.0276927272727272,False,-0.7420599460601807,False
TGGCTCACTCAATCAC-1,-2.560159206390381,False,-2.953998349834983,False,-1.952052116394043,False
TGGCTCCGCATCAGAT-1,-1.5769269466400146,False,-0.8157863164721141,False,-0.7421080470085144,False
TGGCTGGAGTTATTGT-1,1.6073596477508545,False,0.8147425742574257,False,-1.3573431968688965,False
TGGTACAAGACACTGA-1,-0.12050674855709076,False,0.020957481602616516,False,-1.174588680267334,False
TGGTACAAGACCAATC-1,0.8928462266921997,False,0.8279743290548425,False,0.6248292326927185,False
TGGTACCAATACTTAC-1,-0.28694283962249756,False,-0.16295693277310924,False,0.028116973116993904,False
TGGTACCAGATTGTTA-1,1.886799931526184,False,1.458714342948718,False,-0.23292788863182068,False
TGGTACGGACGTAGTT-1,-1.5883206129074097,False,-1.0773337944664032,False,1.872169017791748,False
TGGTACGGTCGGCGAA-1,-0.042292553931474686,False,0.14309230769230769,False,1.0342012643814087,False
TGGTACGTGCTGTTGA-1,-0.02967127040028572,False,-0.016748306997742664,False,-0.016511239111423492,False
TGGTACTGACCGCTGC-1,-0.4684678316116333,False,-0.661984603237268,False,-0.9670471549034119,False
TGGTACTGGTATCTTG-1,-0.5761566162109375,False,-0.0801298955613577,False,0.2845913767814636,False
TGGTAGCATCAAGTCT-1,-0.9196380376815796,False,-0.8575992489270386,False,-0.6680319309234619,False
TGGTAGCCAGTTGACA-1,0.5909642577171326,False,0.7730426951300867,False,0.5178371071815491,False
TGGTATGCAAGTCTAT-1,0.4900384843349457,False,0.515834174659263,False,0.06275639683008194,False
TGGTATTAGCTAGACC-1,-0.38999179005622864,False,-0.9132275280898876,False,0.09570363163948059,False
TGGTATTCCTAGTCCA-1,0.42273324728012085,False,0.3067478668941979,False,1.1280760765075684,False
TGGTATTGAGTTGTAA-1,0.13513819873332977,False,0.3796766156882092,False,2.220228672027588,False
TGGTCGCCGGCTTACT-1,-0.10732904821634293,False,0.23946916488222697,False,1.4224060773849487,False
TGGTCTCAGAATGCAC-1,-0.6897914409637451,False,-0.8123463338533541,False,-0.5911321043968201,False
TGGTCTGCTCAGGTTG-1,-0.1773979663848877,False,-0.35337262606417813,False,0.05254059657454491,False
TGGTGCACGACCTTAG-1,0.5339242815971375,False,0.09385244648318043,False,1.0979728698730469,False
TGGTGCAGACCGAAGT-1,0.9244924783706665,False,0.8162496473906912,False,0.8109351396560669,False
TGGTGCAGTACCATGC-1,-0.35288164019584656,False,-0.3703996750609261,False,-1.1198755502700806,False
TGGTGCATTGTAATCC-1,0.7431243658065796,False,1.2361509615384616,False,-0.23179692029953003,False
TGGTGCCGCTGCAACA-1,1.4698420763015747,False,1.0634491660047656,False,0.380411297082901,False
TGGTGCCTAGCACGGC-1,0.6090806722640991,False,0.5179983660130719,False,0.9816142320632935,False
TGGTGCCTTCCGCTAA-1,0.9171141386032104,False,0.5802909463148316,False,0.5228632688522339,False
TGGTGCGAACGTGGCG-1,0.5574126839637756,False,0.5046508620689655,False,0.6151132583618164,False
TGGTGCGAATCCTGCT-1,0.38297238945961,False,0.4340020491803278,False,0.12379458546638489,False
TGGTGCGAGGTCGTAT-1,-0.7912949323654175,False,-0.6927702042628775,False,-0.656467080116272,False
TGGTGCTTCTAGGCAA-1,1.1308114528656006,False,1.2680997056659309,False,-0.09609059244394302,False
TGGTTGAACACGCCAA-1,-1.2137280702590942,False,-1.5085591397849463,False,-0.6539025902748108,False
TGGTTGCCTCCGGCTT-1,0.4197366535663605,False,0.5667190721649484,False,0.3996983468532562,False
TGGTTGGATTGAGCTG-1,0.5105412602424622,False,0.5453047263681592,False,0.7284327149391174,False
TGGTTGGCGAAGCCTT-1,-0.09402653574943542,False,-0.01190412802871672,False,-0.2512513995170593,False
TGGTTGGTATCGGCAT-1,0.7596132159233093,False,1.0670298602287165,False,2.9720797538757324,False
TGTAAGATCTTCACAT-1,-0.1955123096704483,False,-0.4315281425891182,False,-0.38965675234794617,False
TGTAAGGTGAGCGACC-1,-0.30838361382484436,False,-0.8270082025677603,False,-0.6114452481269836,False
TGTAAGTGATCAGACC-1,0.21904072165489197,False,0.2644300361881785,False,0.15314196050167084,False
TGTAATACTACACGGT-1,-1.1916426420211792,False,-1.0183243467440894,False,-0.17373493313789368,False
TGTAATAGCCGATTAT-1,0.1620512753725052,False,0.24299769484083422,False,1.141425371170044,False
TGTAATCATATGAGAC-1,0.12219204753637314,False,0.00824446142093201,False,0.14061148464679718,False
TGTAATCGAGACTGGC-1,0.8233370184898376,False,0.9021896551724138,False,2.837425470352173,False
TGTAATGCCTAACACC-1,-1.8237202167510986,False,-1.811789234760052,False,-0.38355037569999695,False
TGTAATTGTATCCTCG-1,-0.31970205903053284,False,-0.4076922365988909,False,-0.3284316062927246,False
TGTACCAACTACGCAT-1,-0.8623857498168945,False,-0.7749285714285714,False,-0.45253491401672363,False
TGTACCACATACTGGT-1,-0.562101423740387,False,-0.5286621621621621,False,0.6711274981498718,False
TGTACCTGCAGGAACA-1,0.733036994934082,False,1.2105910404624278,False,-0.7606582641601562,False
TGTAGCCGTACATAAC-1,0.8868408203125,False,0.09947171717171717,False,-0.5465131998062134,False
TGTAGGAGCTTCAATA-1,0.35025548934936523,False,0.7373771186440677,False,1.1989293098449707,False
TGTAGGATCAGAGCGT-1,-2.927353620529175,False,-1.6568386627906977,False,-0.6621831655502319,False
TGTAGGCACGTACCTC-1,0.5623438358306885,False,0.530787851037851,False,0.15331292152404785,False
TGTAGGCAGGTCTAGC-1,-0.9465774297714233,False,-0.7656911421911422,False,0.676879346370697,False
TGTAGGTCACTACATG-1,-1.3967273235321045,False,-1.482363871635611,False,-0.1353025734424591,False
TGTAGGTCTGAACGCA-1,-0.25614410638809204,False,-0.3067819314641745,False,-0.45395323634147644,False
TGTAGGTTCTGGCTTA-1,0.3884793221950531,False,-0.25109460382513665,False,-0.39511969685554504,False
TGTATCACGGTGGAAC-1,0.45012935996055603,False,0.6577491721854305,False,0.11981973797082901,False
TGTATCGGCGGTCGCA-1,0.9193875789642334,False,0.7151841269841269,False,0.14496038854122162,False
TGTATGATTGTAGGTG-1,0.16786478459835052,False,0.42190946502057614,False,-1.0107771158218384,False
TGTATGCAGGATTCAC-1,-0.6390406489372253,False,-0.5453631329113924,False,0.3851633071899414,False
TGTATGCCTATCTTAT-1,-1.1857333183288574,False,-0.8933705148205928,False,0.6451889872550964,False
TGTATGCTCGCCTAGT-1,0.9856466054916382,False,0.7452242718446602,False,0.6370919346809387,False
TGTATGGAACTACGCA-1,1.8407008647918701,False,1.9573879813302215,False,1.9153897762298584,False
TGTATGGTGCCAAGGT-1,4.413519859313965,False,5.49615777262181,False,-0.1830487996339798,False
TGTATGTCGAGGAAGC-1,-0.788891613483429,False,-0.6057931677018633,False,-0.32860705256462097,False
TGTCAACTCATCAACG-1,-0.025484438985586166,False,0.45373524783634933,False,0.027891552075743675,False
TGTCAAGCGGATCGGT-1,0.46230387687683105,False,0.5767192982456141,False,0.23250864446163177,False
TGTCACAGACGTATCC-1,-0.09568250924348831,False,-0.22648478488982163,False,-0.4244879186153412,False
TGTCACTAGCTCAGAC-1,-0.3571769893169403,False,-0.44296826424870467,False,-0.8874180316925049,False
TGTCAGAAGTTGTAAC-1,-0.0860787034034729,False,0.24113659359190556,False,1.3400779962539673,False
TGTCAGACGAAGCACC-1,0.7348819375038147,False,0.5604541062801932,False,0.12602297961711884,False
TGTCAGTGGCTTCCAT-1,0.05867927521467209,False,-0.5024042718446602,False,-1.2425191402435303,False
TGTCATCCAAGCTGCG-1,-1.3476570844650269,False,-1.6945706036745407,False,-0.894726574420929,False
TGTCATGCATGAGCAC-1,0.48265087604522705,False,0.37033410374935793,False,0.40804043412208557,False
TGTCATGTGACACGCT-1,-0.22934894263744354,False,-0.3296100323624595,False,0.04793715476989746,False
TGTCCATGTATGGAAT-1,-1.4661061763763428,False,-1.2952421662125342,False,-0.7272235751152039,False
TGTCCGATAGTCACAG-1,0.9053686261177063,False,0.9757994923857868,False,0.6370400190353394,False
TGTCCGGATGGCAGTT-1,-1.0010559558868408,False,-0.9654553971486761,False,-0.7853766083717346,False
TGTCGAGTGCGTTAGC-1,1.7190115451812744,False,1.2068588469184889,False,-0.26422518491744995,False
TGTCGATTCACGTAGT-1,1.074195384979248,False,0.8184244521337947,False,0.2398693710565567,False
TGTCGCGGAAGAGCTA-1,-3.6283180713653564,True,-3.7761649616368285,True,0.9226567149162292,False
TGTCGTTCATACGATA-1,-0.4074670672416687,False,0.05972671755725191,False,-0.5099292397499084,False
TGTCTACTAGATTGCC-1,0.017330842092633247,False,0.006131818181818181,False,-0.42060232162475586,False
TGTCTGGCTTGTCTGT-1,0.07769712805747986,False,-0.026266348273328435,False,0.15280941128730774,False
TGTCTGTAAGCGAACT-1,-1.767813801765442,False,-1.117602189781022,False,-1.3984524011611938,False
TGTCTTGCGACTAATT-1,0.3562026023864746,False,0.46070956123117224,False,0.29108813405036926,False
TGTCTTGGAATTGGCA-1,-0.43125298619270325,False,-0.46991699123661146,False,-0.4416586756706238,False
TGTTAAGGAAGTCTTA-1,1.0945420265197754,False,0.8673992322456814,False,0.3287239372730255,False
TGTTACCTATTGGACA-1,0.7405861616134644,False,0.693386,False,0.8853117823600769,False
TGTTCACTCACGGTAA-1,-0.5635910034179688,False,-0.6140741246020919,False,0.2549389898777008,False
TGTTCACTGTCTTCCT-1,0.1012546569108963,False,0.10452205455600697,False,0.5645912885665894,False
TGTTCAGAACGGTGTA-1,-0.9810042381286621,False,-1.228743051914001,False,-0.7410232424736023,False
TGTTCAGATAACGGTC-1,-1.1577967405319214,False,-1.504287429378531,False,-0.9271008968353271,False
TGTTCAGCGAGGCAGT-1,0.8095278143882751,False,1.0599285714285713,False,0.9050664901733398,False
TGTTCATAGTATGACG-1,-0.5694059729576111,False,-2.597987931034483,False,-2.828819990158081,False
TGTTCATTGGTCCAAG-1,0.12026217579841614,False,0.11777947794779478,False,-0.1080702692270279,False
TGTTCCTCACATTAAT-1,0.1302826702594757,False,0.3535437556973564,False,0.42559900879859924,False
TGTTCGCAACCGCCAA-1,-0.4571375250816345,False,-0.6159421221864951,False,-0.8783396482467651,False
TGTTCGTGACCAGTAG-1,-1.1582674980163574,False,-2.1010675,False,2.031475782394409,False
TGTTCTGCTCTGTCGT-1,0.8968952894210815,False,0.7974480755265069,False,0.8492740392684937,False
TGTTGCGTCCAAGATT-1,0.3712930977344513,False,0.318364,False,0.4136736989021301,False
TGTTGGAACCTTCCGC-1,0.48315104842185974,False,-0.28135922787193973,False,-0.7837928533554077,False
TGTTGGAACGAGGTCA-1,-0.4782101511955261,False,-0.23169164456233424,False,-0.40442395210266113,False
TGTTGGAAGCTCGGTA-1,-1.1033161878585815,False,-1.0232016129032258,False,0.296484112739563,False
TGTTGGATGGACTTCT-1,2.4681756496429443,False,1.074297619047619,False,-0.6804084777832031,False
TGTTGGCCAGACCTAC-1,0.4669991731643677,False,0.20353653585926929,False,-0.5027690529823303,False
TGTTGGCCTACACGTG-1,-0.15337374806404114,False,0.054166347992351815,False,0.08658359199762344,False
