"spot_id","log_total_counts_z","log_total_counts_outlier","n_genes_by_counts_z","n_genes_by_counts_outlier","pct_counts_mt_z","pct_counts_mt_outlier"
"AACACTTGGCAAGGAA-1",-0.424906509900034,FALSE,-0.610094567352558,FALSE,-0.801556801613886,FALSE
"AACAGGATTCATAGTT-1",-2.25271627096165,FALSE,-1.3997667074743,FALSE,0.263183602781979,FALSE
"AACAGGCCAACGATTA-1",0.0566019227620999,FALSE,0.113130326282888,FALSE,-0.238135959643727,FALSE
"AACAGGTTATTGCACC-1",0.543546977762262,FALSE,0.200095846782521,FALSE,-0.550989020698473,FALSE
"AACAGGTTCACCGAAG-1",0.508038492813933,FALSE,0.641318123137258,FALSE,0.608608582642266,FALSE
"AACAGTCAGGCTCCGC-1",-1.73901790611719,FALSE,-1.80105167201858,FALSE,-0.713380131955841,FALSE
"AACAGTCCACGCGGTG-1",-1.11602066549599,FALSE,-0.514329393356376,FALSE,-0.915438509656383,FALSE
"AACATACTCATATGCG-1",-0.0386535071846707,FALSE,0.534609773592917,FALSE,-0.0173755165126868,FALSE
"AACATAGTCTATCTAC-1",-0.334003578799154,FALSE,0.407957510199243,FALSE,-0.8766409528026,FALSE
"AACATCTAATGACCGG-1",-2.16783532902115,FALSE,-1.67995329310202,FALSE,-1.16759593976938,FALSE
"AACATCTTAAGGCTCA-1",-1.36021637826423,FALSE,-1.19231610096719,FALSE,-1.17913236807962,FALSE
"AACATGACGCAGCGTG-1",-1.15335282429314,FALSE,-1.13024666614778,FALSE,-0.4674707196833,FALSE
"AACATGACTTGGCTGC-1",0.556366017274589,FALSE,0.756470294647295,FALSE,1.66335668559281,FALSE
"AACATGCGCAAGTGAG-1",-0.458196049436756,FALSE,-1.08937517655108,FALSE,-0.470199347529574,FALSE
"AACCAAGGTATCAGGC-1",-0.360061370252538,FALSE,-0.486805645793694,FALSE,-0.796949564636898,FALSE
"AACCAATCTGGTTGGC-1",-1.26737293026919,FALSE,-0.925679036476002,FALSE,-0.167285693150784,FALSE
"AACCACTAACATGATT-1",1.02926788729669,FALSE,0.638657482216915,FALSE,0.611512606248854,FALSE
"AACCACTGCCATAGCC-1",1.13335700397738,FALSE,-0.263607920718836,FALSE,0.00507256512225024,FALSE
"AACCAGAATCAGACGT-1",0.598279082072572,FALSE,0.579616466652017,FALSE,0.290245034092029,FALSE
"AACCATAGAATTCGAA-1",-1.12148662948735,FALSE,-1.74408060739591,FALSE,-0.52593089770729,FALSE
"AACCATCGGAAGCGAC-1",-1.02244408685845,FALSE,-0.725508846685272,FALSE,0.0944636372807178,FALSE
"AACCATGAATTGCCTT-1",-1.32795214590323,FALSE,-1.1921143628072,FALSE,-1.19857648091703,FALSE
"AACCGCATGTATGTTA-1",-0.353350452739828,FALSE,-0.0886491877486445,FALSE,1.10066740784223,FALSE
"AACCGCCAGACTACTT-1",-0.136945518401661,FALSE,-0.658646813058488,FALSE,-0.891808366306569,FALSE
"AACCGCGGTAACTACA-1",0.153217708490132,FALSE,-0.013341555498384,FALSE,-0.222648070721501,FALSE
"AACCGTGCTTATGTTG-1",-0.692000721387415,FALSE,-0.914555862879767,FALSE,-0.511996313004164,FALSE
"AACCTAAGATACTGAG-1",0.83410137338388,FALSE,0.668490476687349,FALSE,0.387707761792334,FALSE
"AACCTACAGAGGTAGT-1",0.533609353989188,FALSE,0.715989473157227,FALSE,0.158040895463917,FALSE
"AACCTACCTACCGGTT-1",-2.13231766503253,FALSE,-1.72057339054649,FALSE,-1.20376353521001,FALSE
"AACCTACTGTAACTCA-1",2.02203270519592,FALSE,2.55447907380425,FALSE,0.433979339815267,FALSE
"AACCTGACAGTGCCGC-1",0.27219452678592,FALSE,0.242507383467446,FALSE,-0.352094280765793,FALSE
"AACCTTAGCGTCCGGT-1",0.59206366131556,FALSE,0.628547210449261,FALSE,2.9065276872411,FALSE
"AACGAAGCGTGGAAGT-1",-0.0932578280962441,FALSE,0.14243453463905,FALSE,-0.329160403832888,FALSE
"AACGAATTGACCGGTT-1",-0.681853805484733,FALSE,-0.583734172677623,FALSE,-0.559375581375334,FALSE
"AACGACCATTCGAATC-1",0.606179701294007,FALSE,0.301329552936375,FALSE,0.127583399306774,FALSE
"AACGAGCCTCTTCGGC-1",-0.382888314521039,FALSE,-0.274011461017158,FALSE,-0.375365524427676,FALSE
"AACGAGCTAATAACTA-1",0.343559186832084,FALSE,0.13144055671077,FALSE,-0.075824522931968,FALSE
"AACGCTTCGAGTAACT-1",-4.10579156782125,TRUE,-3.76219881621347,TRUE,-1.8535798136396,FALSE
"AACGGCACAGAATATT-1",-0.642754735505605,FALSE,-0.514559190871238,FALSE,-1.66147116234371,FALSE
"AACGTCGCGACAAGGT-1",-0.906183202364311,FALSE,-0.392502485051651,FALSE,0.422492822375622,FALSE
"AACGTGACGGTCCACC-1",0.163107434267021,FALSE,-0.0684082044547673,FALSE,-0.571165969485849,FALSE
"AACTAGCACTGTTCGA-1",0.115574544286683,FALSE,0.731160223441552,FALSE,1.27853558116496,FALSE
"AACTAGCATCACGTAC-1",-0.803547518234772,FALSE,-0.713060278433101,FALSE,-0.920487737287763,FALSE
"AACTAGCCTAATAGCA-1",-1.7305473741627,FALSE,-1.05248386587928,FALSE,1.03131105477192,FALSE
"AACTAGCCTTGCAATA-1",0.538529555880532,FALSE,-0.00486410877545251,FALSE,-0.472499055860682,FALSE
"AACTAGCGCTCCAGTT-1",0.946907778550686,FALSE,1.24312572636658,FALSE,0.98857088671637,FALSE
"AACTAGGCCTGACACC-1",0.540821162222373,FALSE,0.295833813900132,FALSE,0.0332742561609967,FALSE
"AACTATCTAGCAGTAT-1",0.139120338985699,FALSE,0.109140736277683,FALSE,-0.347334253004007,FALSE
"AACTATGCTGCATTCG-1",0.454311453105082,FALSE,0.794660849794336,FALSE,0.354463252772893,FALSE
"AACTATGTGCTTGTTA-1",0.15436978605839,FALSE,0.275301938855544,FALSE,-2.11282456365254,FALSE
"AACTATTCTGCGGCCT-1",0.46029148908547,FALSE,0.083232536239632,FALSE,-0.508970278347628,FALSE
"AACTCAACCTTGACCA-1",0.27602114248406,FALSE,0.116204226625542,FALSE,-0.0113699662417456,FALSE
"AACTCAACTTGACAGC-1",0.151559705383258,FALSE,-0.524839833255617,FALSE,-0.675235962874125,FALSE
"AACTCACCGAACTTAT-1",-0.0139947270033425,FALSE,-0.287926514211233,FALSE,-0.225007146718489,FALSE
"AACTCACCTCGGTGTT-1",-0.17199399823195,FALSE,0.326734126542002,FALSE,-0.658682830256161,FALSE
"AACTCAGATCCATGCC-1",1.11388250246223,FALSE,1.02342422235125,FALSE,0.987201433293393,FALSE
"AACTGCAACGTCCTGG-1",0.480407084371134,FALSE,0.554573160414508,FALSE,0.637773371013317,FALSE
"AACTGCAATACGGATT-1",-0.902977025364152,FALSE,-0.752655973689903,FALSE,0.487813055788719,FALSE
"AACTGCCGGAGTAACA-1",0.790679826625569,FALSE,0.731282723953912,FALSE,0.671060128817244,FALSE
"AACTGCCTCGATAGGT-1",1.1184090923269,FALSE,0.843172690951973,FALSE,0.725011800614611,FALSE
"AACTGCGATCGACTAA-1",0.442214161639291,FALSE,0.461043626716309,FALSE,-0.677182977688576,FALSE
"AACTGCGATGAATAGG-1",1.06365565941875,FALSE,1.31192652528828,FALSE,0.364926662409871,FALSE
"AACTGCTACCTCGATA-1",0.372863656341708,FALSE,1.01856144462809,FALSE,-0.0578187669491551,FALSE
"AACTGGATACTTCACT-1",0.900717855016614,FALSE,0.933108391556979,FALSE,1.12087884175907,FALSE
"AACTTAACAGTGAGGA-1",0.529271655054521,FALSE,0.463806434966294,FALSE,0.569503669280241,FALSE
"AACTTATGATACGTAC-1",0.10335668935135,FALSE,-0.304173646426199,FALSE,-0.203714699506067,FALSE
"AACTTCAAGGATAATC-1",0.149978281879741,FALSE,0.389681245454073,FALSE,-0.308838354152698,FALSE
"AACTTCACAATAACTG-1",1.75118387406499,FALSE,1.04138252640164,FALSE,1.00167528816002,FALSE
"AACTTCAGATACTACC-1",0.37985011476625,FALSE,0.355034877017563,FALSE,0.410293201003402,FALSE
"AACTTCAGCATGGCCG-1",-0.76606827662181,FALSE,-0.836620619726783,FALSE,2.52829515198756,FALSE
"AACTTCATCTTCTGGT-1",0.638854450121601,FALSE,0.574051203859377,FALSE,0.164520985201897,FALSE
"AACTTCGCTTAGTCAG-1",-0.158791062503723,FALSE,-0.321626919050244,FALSE,-0.265907100107925,FALSE
"AACTTGCAACTTGGAC-1",0.190423737835253,FALSE,0.0906997956507004,FALSE,-0.337466902402002,FALSE
"AACTTGGTTAATACTA-1",-0.387665029211574,FALSE,-0.53203506412136,FALSE,-0.0914621542687383,FALSE
"AAGAATTCTGGCTGCA-1",0.105316439067316,FALSE,-0.297392558218603,FALSE,-0.724705896580881,FALSE
"AAGACAATCTCCTGCA-1",-1.15859020396992,FALSE,-0.737923212466464,FALSE,-2.01195990998741,FALSE
"AAGACTAAGGAGATCC-1",0.764486898475851,FALSE,0.63872135435235,FALSE,0.21962967924581,FALSE
"AAGACTCAAGGCTCCA-1",0.0419467940938357,FALSE,-0.127153401604554,FALSE,-0.669084003998077,FALSE
"AAGACTGCTACTTCCT-1",0.866436386707454,FALSE,0.515017367397783,FALSE,-0.38456859209065,FALSE
"AAGACTGTCATAGTGC-1",0.680613695115804,FALSE,0.523992851536695,FALSE,0.764763076392945,FALSE
"AAGAGCAGATGTGCCA-1",0.102728658997004,FALSE,0.330086857736954,FALSE,0.810417381267676,FALSE
"AAGATACAGGCGAACG-1",-0.465464428355449,FALSE,-0.389433602096562,FALSE,0.297379311011191,FALSE
"AAGATAGTCGACCTTG-1",1.22438717035292,FALSE,1.2789691718908,FALSE,1.5158825359219,FALSE
"AAGATGAAGGTCATCG-1",-0.736547363075553,FALSE,-0.685485293099321,FALSE,-0.533165489180657,FALSE
"AAGATGCACTATACTT-1",-1.78465405751997,FALSE,-1.05025268000373,FALSE,1.19577248640227,FALSE
"AAGATGGCCGCTAGTT-1",0.771682843794781,FALSE,0.699955921994208,FALSE,0.319502690733849,FALSE
"AAGATTAGGCTGTCTA-1",-0.858402736987973,FALSE,-0.60116190481394,FALSE,-0.280523829510969,FALSE
"AAGATTATCTAGCATA-1",-0.741634321195938,FALSE,0.429738195272609,FALSE,1.25100634706628,FALSE
"AAGATTGACACTCGAT-1",-0.75932134576556,FALSE,-0.183194746966837,FALSE,1.46630152223941,FALSE
"AAGCAAGAGCGTGATC-1",-0.378960560097354,FALSE,-0.352615989389615,FALSE,-0.339256006956581,FALSE
"AAGCAGCCTACTAAGC-1",-0.122183677715732,FALSE,-0.266013714563314,FALSE,-0.738588633258174,FALSE
"AAGCAGCGGACACGTG-1",0.63095887893648,FALSE,0.0206524349398939,FALSE,0.132287949273544,FALSE
"AAGCAGTATCAGAATC-1",0.265232951730598,FALSE,0.390121228357974,FALSE,-0.595567695505079,FALSE
"AAGCAGTGAGTGCGAC-1",-0.451713856304393,FALSE,0.446975297144866,FALSE,-0.195732482241993,FALSE
"AAGCAGTGGCATCACT-1",0.722381751969141,FALSE,-0.111083027579686,FALSE,-0.467895199847788,FALSE
"AAGCAGTGTACACCGC-1",-0.308234950975644,FALSE,-0.404693850117649,FALSE,0.310795738510601,FALSE
"AAGCAGTGTAGAATCT-1",-0.65446844382667,FALSE,-0.708612872310021,FALSE,-0.99318162776838,FALSE
"AAGCATCAAGCGTGAT-1",-0.529463981213551,FALSE,-0.66832352885111,FALSE,0.225052460750753,FALSE
"AAGCATTGAGTGGTTG-1",0.445437810600897,FALSE,0.452151924107349,FALSE,0.421438205456559,FALSE
"AAGCCACCATTCAAGA-1",0.839997475703952,FALSE,1.32194842261713,FALSE,-1.51220808452303,FALSE
"AAGCCACGCATAATGA-1",0.340419134075313,FALSE,0.353003981411033,FALSE,0.44362145501168,FALSE
"AAGCCACTATGTCTAA-1",0.513600647158914,FALSE,0.381145073286123,FALSE,0.380583835780018,FALSE
"AAGCCAGATATCAGAA-1",0.465365640314495,FALSE,0.47202085592384,FALSE,-0.280784582093948,FALSE
"AAGCCAGATCCAACAT-1",0.462896017435169,FALSE,0.314761883424838,FALSE,-0.233077432067377,FALSE
"AAGCCAGGCCGACGTG-1",-0.641772317080713,FALSE,-0.295614420527614,FALSE,0.194049910067684,FALSE
"AAGCCAGGCTGCTTGA-1",-0.578893761846693,FALSE,-0.511426294104721,FALSE,-0.678049828299104,FALSE
"AAGCCAGGTTACGAAC-1",0.357212946968981,FALSE,0.23884197953119,FALSE,0.381470622299675,FALSE
"AAGCCATCCGTGCTAT-1",3.17052574136773,FALSE,2.14398326935527,FALSE,0.393242918963792,FALSE
"AAGCCATCGCGATATG-1",-0.0669699268909579,FALSE,-0.151195664527215,FALSE,-0.0200991618707389,FALSE
"AAGCCATTATCTGCCA-1",0.860724072359834,FALSE,1.07835089691843,FALSE,0.318363104285036,FALSE
"AAGCGACGAACCGCCT-1",0.345178925533598,FALSE,0.0585329147496095,FALSE,0.248929910433381,FALSE
"AAGCGAGGAAGTGAAC-1",0.609429258024028,FALSE,0.623642045613152,FALSE,1.20587892788696,FALSE
"AAGCGTTCGTCTGTCC-1",0.113219657275466,FALSE,0.666876217869599,FALSE,0.653806160979585,FALSE
"AAGGACATAACCGCAC-1",-0.383833794984798,FALSE,-0.463832492971517,FALSE,0.406832232349421,FALSE
"AAGGACCAACATGGCT-1",-1.10156231227462,FALSE,-1.27173233189472,FALSE,0.178916248038848,FALSE
"AAGGACCTGCAAGCAT-1",0.906049015053327,FALSE,0.673384934880445,FALSE,0.745732619468584,FALSE
"AAGGAGGCACTCAATT-1",0.485307704153949,FALSE,0.445158657662497,FALSE,0.961016094956323,FALSE
"AAGGAGTGGCTACCAA-1",0.780790406955289,FALSE,0.726784050448626,FALSE,0.872686311170322,FALSE
"AAGGCAGTCTGATCAC-1",-1.18229687188262,FALSE,-0.826669081980284,FALSE,-1.40490657985755,FALSE
"AAGGCATGAACAGCTC-1",0.488006838904602,FALSE,0.911524719550705,FALSE,0.769885732397497,FALSE
"AAGGCCAATTCAATAA-1",-0.310845285820726,FALSE,-0.271684915853282,FALSE,-0.304219053032471,FALSE
"AAGGCCAGTCGCAATT-1",0.716530042983344,FALSE,0.660411216510775,FALSE,1.30280464784424,FALSE
"AAGGCCGACCTACCTG-1",0.273976710597009,FALSE,0.300628088912913,FALSE,0.866192283385187,FALSE
"AAGGCCGACTATGTAA-1",0.112990001896483,FALSE,-0.0843112187745102,FALSE,-0.438973265871944,FALSE
"AAGGCCGATTCTGAGC-1",0.639682565302642,FALSE,0.607365569598719,FALSE,0.281969991571202,FALSE
"AAGGCCTCGCGAGGAA-1",-0.760670031535189,FALSE,-0.991896691464826,FALSE,-0.738450461151487,FALSE
"AAGGCGAACAGCATAA-1",-0.476896721869743,FALSE,-0.769583974795731,FALSE,-0.855404860874198,FALSE
"AAGGCGAACTAGTAGA-1",-0.521188318950531,FALSE,-0.689697078781404,FALSE,-0.721841272218023,FALSE
"AAGGCGACGGTGTCGG-1",-1.07288707987021,FALSE,-0.6522325561437,FALSE,0.449971804469967,FALSE
"AAGGCGAGGTTCATGT-1",-1.9679643219934,FALSE,-1.80465021080741,FALSE,-0.822865621770443,FALSE
"AAGGCGCCGACAATCT-1",-1.87408603776904,FALSE,-2.05633633587322,FALSE,-0.830641062854105,FALSE
"AAGGCGCCTAACATAG-1",-0.000602104699557001,FALSE,-0.126233408397716,FALSE,1.45372087857794,FALSE
"AAGGTGGATATGATCG-1",-0.955541781241316,FALSE,-0.895031357889623,FALSE,-0.608794192916243,FALSE
"AAGGTGTCCATTAAGA-1",-0.0800787860862633,FALSE,-0.229316544782112,FALSE,-0.240396741375474,FALSE
"AAGGTTGCAGAAGCAG-1",1.97133280845787,FALSE,2.03210548298512,FALSE,1.53069258062699,FALSE
"AAGGTTGCTGAGTTGA-1",-0.590563282043116,FALSE,-0.840566204367475,FALSE,0.523349914517682,FALSE
"AAGTACTAAGGTTACG-1",0.467517978949717,FALSE,0.33388768629616,FALSE,-0.295936334062666,FALSE
"AAGTACTACAGTAGAA-1",0.651514586333812,FALSE,0.831757712050846,FALSE,0.360897677501722,FALSE
"AAGTACTGGATGCGCA-1",-0.813825601970963,FALSE,-0.499040810987329,FALSE,-0.0965002330122708,FALSE
"AAGTATTGTAGGTCGC-1",0.0759671673027293,FALSE,0.221452643304722,FALSE,0.0766002885466886,FALSE
"AAGTCGCTATCCTGTC-1",-0.581689785682637,FALSE,-0.176915344313726,FALSE,2.21794037542582,FALSE
"AAGTCGGACACTTCAG-1",0.650898637909118,FALSE,0.857425192238213,FALSE,2.07641386025793,FALSE
"AAGTCTACCGGTTGGA-1",-1.13556063400745,FALSE,-0.782260591205541,FALSE,-0.915380259899136,FALSE
"AAGTCTACGCACTCGG-1",0.795632178301008,FALSE,0.881611228820601,FALSE,-0.69818147361214,FALSE
"AAGTCTGTCAATTCTT-1",0.70295163254405,FALSE,0.713919620446694,FALSE,0.130058398879919,FALSE
"AAGTCTTAAGTTGCCA-1",-1.65058014712072,FALSE,-0.950166759813009,FALSE,-0.916352042913107,FALSE
"AAGTGAGCCTGTTACA-1",-0.433944012781376,FALSE,-0.400942018381398,FALSE,0.241265947334582,FALSE
"AAGTGATCCACGAGCG-1",0.640250085805743,FALSE,0.589363142458568,FALSE,1.37184029923709,FALSE
"AAGTGGACGAATCTAC-1",0.265062011380523,FALSE,0.338613934130915,FALSE,-0.34107786458974,FALSE
"AAGTGGCGAAGTTAAT-1",0.35472798615816,FALSE,0.511898908391427,FALSE,0.539995336630767,FALSE
"AAGTGGCGAGTGTACA-1",-0.55885502368598,FALSE,0.0895864541972842,FALSE,0.220318517777978,FALSE
"AAGTGGTTCCTCGCGT-1",-0.377711843857777,FALSE,-0.37122018705856,FALSE,0.606486298039119,FALSE
"AAGTTAAGCACTATAA-1",0.471111160216968,FALSE,0.558852707036138,FALSE,0.39249217306812,FALSE
"AAGTTACTATTACATC-1",-0.753711456752759,FALSE,-0.920785839882423,FALSE,-0.73352474578452,FALSE
"AAGTTCCTATTGCTGG-1",0.900511755455378,FALSE,0.630772821942632,FALSE,0.120233574493227,FALSE
"AATAACATGTGCTATG-1",1.05497136134198,FALSE,1.24629598618321,FALSE,0.525446275456606,FALSE
"AATAACATGTTACGTC-1",0.648043102368146,FALSE,0.219763712761817,FALSE,-0.514543616720939,FALSE
"AATAACGTAACTGTGA-1",1.08744813363972,FALSE,0.830374521599313,FALSE,0.669712004991842,FALSE
"AATAACGTATTGAACA-1",0.676545024821498,FALSE,0.874515556681357,FALSE,-0.917333501548929,FALSE
"AATAACTCTACGATGT-1",-0.0729814499047139,FALSE,0.205835665146046,FALSE,-1.35017345040784,FALSE
"AATAACTTCATACGGA-1",-0.59133400639751,FALSE,-0.830742201978958,FALSE,-0.0342242146895646,FALSE
"AATACAATGCGAGCAG-1",0.149849905835205,FALSE,0.380036372115805,FALSE,0.232376454406149,FALSE
"AATACGAGAACACTCG-1",-0.275489603218039,FALSE,-0.335562855770869,FALSE,0.46034748909227,FALSE
"AATACGCATATCCAGA-1",0.357119832743765,FALSE,0.0660275486255852,FALSE,-0.288365352569514,FALSE
"AATACGGTACGGCCTA-1",-0.364786782473196,FALSE,-0.33362316765858,FALSE,1.53668960758076,FALSE
"AATACGTAGACAGTTA-1",0.327093423909025,FALSE,0.376492188088545,FALSE,0.657034203798909,FALSE
"AATACTAACCACTTAT-1",-1.62077136863874,FALSE,-0.698346300846104,FALSE,-1.94942740706247,FALSE
"AATAGATAGCCTAACC-1",-0.6052803133694,FALSE,-0.382298340902319,FALSE,0.808006088423605,FALSE
"AATAGCACGGAAGCGA-1",-2.21755496136945,FALSE,-2.11473327603511,FALSE,-0.289282626103085,FALSE
"AATAGTATAGTTGTCG-1",-0.841276395391501,FALSE,-0.479644532004596,FALSE,-0.575156451740559,FALSE
"AATAGTCGTTATCTAG-1",-0.259591668326449,FALSE,-0.192402524895677,FALSE,0.31331990824638,FALSE
"AATAGTGCTCATAGAA-1",-0.470614064615297,FALSE,-0.177769409397198,FALSE,2.39716113537027,FALSE
"AATAGTGGAAGAGCAT-1",0.0999066005240191,FALSE,0.12666474182086,FALSE,-0.0983812174412726,FALSE
"AATAGTTGGTGCTCAG-1",-0.581306790883666,FALSE,-0.4880489622875,FALSE,-0.16450076580049,FALSE
"AATATTAGGCTTCTGG-1",-0.405820440112876,FALSE,-0.0835568857779041,FALSE,0.0149878745693977,FALSE
"AATCCGCCGACCTGAG-1",-0.660244777168071,FALSE,-0.811278273319112,FALSE,-1.01510952158936,FALSE
"AATCCGCCTGGTCAAT-1",1.12036625677471,FALSE,1.05078403188442,FALSE,1.09553437616632,FALSE
"AATCCGGAGCTTGTCT-1",-1.28269028482925,FALSE,-1.38367655691043,FALSE,-1.12156370483644,FALSE
"AATCGAACGGACGGAG-1",-1.2505778877006,FALSE,-0.227408241465193,FALSE,-0.440328446444684,FALSE
"AATCGAATGTAACAGT-1",0.930681068688633,FALSE,0.831372100551127,FALSE,0.398639077119244,FALSE
"AATCGACTATCGCTAG-1",-1.71429444916478,FALSE,-1.49252711434931,FALSE,-0.492307652844844,FALSE
"AATCGGCGCCAACGGT-1",0.833308986729232,FALSE,1.14413446514743,FALSE,2.78170214061034,FALSE
"AATCTATCTAACCGAG-1",-0.407118990067691,FALSE,-0.520519335939244,FALSE,-0.189796455484397,FALSE
"AATCTGCGAGACGTTC-1",-0.820851623962585,FALSE,-1.03236736535156,FALSE,-0.734809375996589,FALSE
"AATCTTAGCCTCTGTC-1",-0.858056497453064,FALSE,-0.732778987867348,FALSE,-1.36784656539563,FALSE
"AATGAACTACGTCCAG-1",0.498368312692523,FALSE,0.473641691248804,FALSE,0.452646308909496,FALSE
"AATGAAGACGGTTCAG-1",-0.907795419396377,FALSE,-0.427360483496467,FALSE,-0.568499110687074,FALSE
"AATGAAGAGGATGTAT-1",-2.01095415911396,FALSE,-1.63538908048018,FALSE,0.550777632693167,FALSE
"AATGAATCGGAAGGCA-1",-0.0377030204393786,FALSE,0.109108636061131,FALSE,1.5064165430775,FALSE
"AATGATTACAACCTAA-1",0.402643662758975,FALSE,0.702905061179952,FALSE,0.243979587099651,FALSE
"AATGCAATCACTGTCG-1",0.530553949847108,FALSE,-0.252933656323531,FALSE,-0.945770400441822,FALSE
"AATGGACATCCTACTC-1",-1.08176735285216,FALSE,-0.91507378223356,FALSE,-0.5065987945589,FALSE
"AATGGAGGACCTGGTG-1",-0.655480242467534,FALSE,-0.066877658340319,FALSE,-0.753802120539083,FALSE
"AATGGCATAGTATCAT-1",1.47621916004376,FALSE,1.36262086612647,FALSE,1.14507468009553,FALSE
"AATGGTCGAACGTGAA-1",-0.44278623893492,FALSE,-0.239238242503906,FALSE,-0.782363086545458,FALSE
"AATGGTCGATACTCGG-1",-0.0324169642066759,FALSE,-0.0133043405597553,FALSE,-0.398773444427864,FALSE
"AATGGTCTCGAGCGCT-1",0.336796936408311,FALSE,0.425388421998665,FALSE,-0.145807624893467,FALSE
"AATGGTGCGTCCTAAC-1",-0.0603739994270478,FALSE,-0.0518086329860758,FALSE,-0.286906561054653,FALSE
"AATGGTTATTCTAGCT-1",0.250179456949033,FALSE,0.467346453580307,FALSE,1.18186502056465,FALSE
"AATGGTTGAGTCGGAA-1",-0.501137071600923,FALSE,-0.705022208023888,FALSE,-0.355771475229722,FALSE
"AATGTACTTAACATCA-1",-0.953148822150396,FALSE,-0.978843382599255,FALSE,-0.560205594621415,FALSE
"AATGTAGTCTTACGAG-1",1.07797598767892,FALSE,1.06916934201388,FALSE,0.061466537169008,FALSE
"AATGTCAGGTCATTAC-1",-0.134932919053087,FALSE,0.136490947838928,FALSE,0.687034760739786,FALSE
"AATTACCAACTCCGTA-1",-0.632764772669325,FALSE,-0.96518241860881,FALSE,-1.54511747527694,FALSE
"AATTAGCAACCGTTCC-1",-1.47728999480103,FALSE,-1.72697256389633,FALSE,0.454379467034174,FALSE
"AATTAGCTTAGGTGTA-1",1.41725511160366,FALSE,1.39854919820181,FALSE,1.64170927758352,FALSE
"AATTATACCTCAATGA-1",-0.89842703024675,FALSE,-0.795673650327219,FALSE,-0.942147183383278,FALSE
"AATTCTAACATCGTGC-1",-0.305762621107797,FALSE,-0.173520184697747,FALSE,-1.05987618224743,FALSE
"AATTCTCAGACGCAAC-1",0.421513595102157,FALSE,0.333816322763403,FALSE,0.6315236611679,FALSE
"AATTCTCGCACCAGTA-1",1.06909168471249,FALSE,0.886954021507847,FALSE,0.615088996145757,FALSE
"AATTCTTGCATTGGTC-1",0.775756802067501,FALSE,1.03605209256874,FALSE,1.26121711774488,FALSE
"AATTCTTGGATACGGA-1",-0.99481314310334,FALSE,-1.12537148538151,FALSE,-0.186251478289616,FALSE
"AATTGCATTGAAGAAT-1",-0.410331316994088,FALSE,-1.3626161516403,FALSE,-1.51472411815492,FALSE
"AATTGCGGTGCTAATA-1",-0.392515517267209,FALSE,-0.904759100397432,FALSE,-0.312481305479826,FALSE
"AATTGCGTCAGACACT-1",-0.107267236952327,FALSE,-0.191273212742172,FALSE,0.192558319568159,FALSE
"AATTGGACGGCATCGT-1",-0.78323368256443,FALSE,-0.618379684321884,FALSE,-0.776430212697708,FALSE
"AATTGGAGACATGGAG-1",0.378219343849002,FALSE,0.794709684946057,FALSE,0.324882195672919,FALSE
"AATTGGCTTGAGTTGC-1",0.06375843730954,FALSE,-0.366299818183411,FALSE,0.29700678242108,FALSE
"AATTGGTTATGATACA-1",-0.540531071692919,FALSE,-0.593456687153739,FALSE,-0.727501461539031,FALSE
"AATTGTAGAATCCTAG-1",-0.980646354319887,FALSE,-0.783588295751704,FALSE,-1.15385820239768,FALSE
"ACAACCTTGGTGTCAA-1",0.299805016103242,FALSE,0.27468078406314,FALSE,-0.17561336083437,FALSE
"ACAACGAGCGATCTGA-1",-0.73956107665371,FALSE,-0.861539351431129,FALSE,-0.787301800467277,FALSE
"ACAACGCCGATAGTAT-1",0.711661005448703,FALSE,0.672892379562106,FALSE,0.0258679408187756,FALSE
"ACAACGTGAATTCACG-1",0.703994203958151,FALSE,0.56833602354284,FALSE,1.08507627927297,FALSE
"ACAACTAACCAGTGGA-1",0.767355335038486,FALSE,0.710198031088815,FALSE,-1.31813378287915,FALSE
"ACAACTAAGGTGTTAT-1",0.620279645290217,FALSE,0.731734267740399,FALSE,0.465819938408279,FALSE
"ACAACTAAGTGGCGCT-1",0.0314863917161324,FALSE,0.0156148505234324,FALSE,-0.262766272428863,FALSE
"ACAACTGAATCCAGTC-1",-1.23429841900728,FALSE,-0.900097625117493,FALSE,-0.0221238740898326,FALSE
"ACAACTGTCGTGGATA-1",-0.436081247774816,FALSE,-0.337470910537115,FALSE,0.000803352433874425,FALSE
"ACAAGTAGTTCCGGTA-1",0.700854549479072,FALSE,0.597167292060728,FALSE,1.45000329383429,FALSE
"ACAATACAATCCTTAA-1",0.345677447578261,FALSE,0.225534160793835,FALSE,0.547787038326918,FALSE
"ACAATACACTTCCATC-1",-0.0507512837507632,FALSE,-0.17680123482952,FALSE,-0.622404731340269,FALSE
"ACAATACAGGCGCCGT-1",-0.350086980304872,FALSE,-0.0933169949406583,FALSE,0.2264082585438,FALSE
"ACAATACGCCTTATTC-1",-0.428499240587936,FALSE,-0.0556226614805247,FALSE,0.173231822763467,FALSE
"ACAATAGGATCCAACC-1",0.0948102027356209,FALSE,-0.324438107689254,FALSE,-0.566973768730629,FALSE
"ACAATATCATCCGGTA-1",0.641938289845252,FALSE,0.553206790474048,FALSE,1.41478326297385,FALSE
"ACAATTGGTCGCGTAA-1",0.292981665583704,FALSE,0.703815391508955,FALSE,-1.0859054414315,FALSE
"ACAGAAGTGATCAATC-1",0.0937066045355338,FALSE,0.0107146902334564,FALSE,0.15505186468121,FALSE
"ACAGAATAAGAACCAT-1",0.763499324142925,FALSE,0.699686206381568,FALSE,-0.130492903907879,FALSE
"ACAGAATAAGATAGTG-1",0.293158516934914,FALSE,0.669647259681853,FALSE,0.276386655990242,FALSE
"ACAGAATCCGTTGCTT-1",1.3379386297717,FALSE,0.944513518433365,FALSE,0.114419150628645,FALSE
"ACAGAATCTTGATAAG-1",-0.400828270058557,FALSE,-0.239059658297345,FALSE,0.397768419142489,FALSE
"ACAGAATGTCTTATTG-1",0.646766150632562,FALSE,0.591252559686215,FALSE,0.561056497317856,FALSE
"ACAGAATGTTGAGTCC-1",0.22079756083563,FALSE,0.261340757910733,FALSE,1.23436214564281,FALSE
"ACAGCCAGGCATAAGC-1",-0.27166940419302,FALSE,0.244730562680911,FALSE,-0.637657454892551,FALSE
"ACAGGAACTACAGAAC-1",0.665021924724115,FALSE,0.938520780614719,FALSE,-0.109084267659171,FALSE
"ACAGGACTGAGCCGAT-1",-0.227057922821839,FALSE,0.472142825137257,FALSE,1.63810828113231,FALSE
"ACAGGAGTCATAATGT-1",0.94395941345034,FALSE,0.920798025691415,FALSE,0.300663568383375,FALSE
"ACAGGATACCGGATTC-1",-0.0457871961558379,FALSE,0.155753014722383,FALSE,-0.679581295556629,FALSE
"ACAGGCACGCGAGGAT-1",0.922348457265576,FALSE,0.983024789162053,FALSE,-0.110686323089189,FALSE
"ACAGGCCTTCTAATGC-1",-0.120765228208276,FALSE,-0.329999836201271,FALSE,-0.459893170730595,FALSE
"ACAGGTACCAAGGAAG-1",-0.568119609761629,FALSE,-0.286494432728918,FALSE,0.844791228195159,FALSE
"ACAGGTGGACGACCTC-1",0.951984805628981,FALSE,0.864744229534259,FALSE,1.8496624410765,FALSE
"ACAGGTTCAGTGAACG-1",0.285247662745094,FALSE,0.558882139798746,FALSE,1.50602156480764,FALSE
"ACAGTACGCACTACCT-1",0.30133316821125,FALSE,-0.0614289389978216,FALSE,0.277277396834399,FALSE
"ACAGTCACAATATTAG-1",-0.114704917614373,FALSE,0.235930698434374,FALSE,-0.151614674169432,FALSE
"ACAGTTGAGGCTAATG-1",-0.280203002478137,FALSE,-0.844023660380502,FALSE,-0.989765209340068,FALSE
"ACATAACCTCTGCCTT-1",-0.113019301274061,FALSE,-0.0330632230488275,FALSE,1.03776397546918,FALSE
"ACATAAGACGCATATG-1",0.25989225984576,FALSE,0.426655281089236,FALSE,0.362238385057237,FALSE
"ACATAAGCAATGCGGT-1",-0.373416706316262,FALSE,-0.0189997112731291,FALSE,-0.0277429296554439,FALSE
"ACATCACTGGCGTTCG-1",-1.7756761831804,FALSE,-2.95567888350117,FALSE,0.877686783042317,FALSE
"ACATCGAAGTGATTAA-1",-0.387686356024999,FALSE,-0.480713689366268,FALSE,0.797328120906564,FALSE
"ACATCGCCACAAGAGG-1",-0.749377036230771,FALSE,-0.977362547920762,FALSE,0.124858848675065,FALSE
"ACATCGCCTAGTATGT-1",0.073164643557809,FALSE,0.290968792612783,FALSE,0.191095207555241,FALSE
"ACATCGGCTTACAAGG-1",-0.379244520181427,FALSE,-0.739618513039397,FALSE,-0.772497082522933,FALSE
"ACATCGTAGACAGGTT-1",0.365332283281865,FALSE,0.437530851114037,FALSE,0.226643789118518,FALSE
"ACATCGTCGGTCTACC-1",-0.311400773445048,FALSE,-0.229952623695542,FALSE,0.369330267756539,FALSE
"ACATCTACCTGTTCTA-1",-1.81609720799151,FALSE,-1.99381495984687,FALSE,-0.632717666837056,FALSE
"ACATCTATCCGAACCA-1",-1.02989227845666,FALSE,-0.541934148144918,FALSE,0.269233868861241,FALSE
"ACATCTCAGTATTGCA-1",0.98086935138051,FALSE,0.682650836141515,FALSE,2.06524577898199,FALSE
"ACATCTCGACAACCAC-1",0.000698816404945802,FALSE,-0.0518838269381601,FALSE,-0.696573091242667,FALSE
"ACATCTCGCATAGAAT-1",-1.08132066085705,FALSE,-0.787013743439269,FALSE,1.84341441482181,FALSE
"ACATGGATGCGTAAGC-1",-0.397020456655396,FALSE,-0.176874505129905,FALSE,-1.18258078513097,FALSE
"ACATGTTCACCGGCAG-1",-0.193353081989163,FALSE,-0.0946037571703595,FALSE,0.0645610536357235,FALSE
"ACATGTTCCAGGACGT-1",0.82913859887802,FALSE,1.09994914123412,FALSE,0.603328048439188,FALSE
"ACATGTTGCTTGATCT-1",0.85761427863153,FALSE,1.08956036570136,FALSE,0.502695850585002,FALSE
"ACATTCCTGAGTTCCG-1",0.20923401100612,FALSE,0.0763448044021156,FALSE,0.716264038210068,FALSE
"ACATTGAACTAAGCTA-1",-0.54321956392706,FALSE,-0.230856285634123,FALSE,-0.253785947183977,FALSE
"ACATTGAAGGCGGTGC-1",-0.122193254916544,FALSE,0.561429470599494,FALSE,-0.252897793560133,FALSE
"ACATTGAATACGCATA-1",0.21582887149411,FALSE,-0.0814576082929114,FALSE,-0.773675910046644,FALSE
"ACATTGCAGTTCGGCA-1",-0.505171634637226,FALSE,-0.226294606743311,FALSE,-0.498893237665291,FALSE
"ACATTGGTTCACAGTG-1",-0.281018562589735,FALSE,-0.464014496942556,FALSE,-0.528670329824565,FALSE
"ACATTGGTTCTGCCGT-1",0.583790440677861,FALSE,0.741208983600331,FALSE,-0.517336481154563,FALSE
"ACATTGTACATTCTTG-1",1.44938134273328,FALSE,0.589427986447318,FALSE,0.239129557116275,FALSE
"ACCAAGCACTTGCGCA-1",-0.425544968968062,FALSE,-0.309510921553794,FALSE,0.399836623351096,FALSE
"ACCAAGGCTTCGCTAG-1",0.0978965887819538,FALSE,0.0758487544365482,FALSE,0.0974272510759641,FALSE
"ACCAAGTGATGGTGAG-1",0.6025988624113,FALSE,-0.0593241462887567,FALSE,-1.16209773310909,FALSE
"ACCAAGTGGCTGTATG-1",0.206112582832154,FALSE,-0.393452354281048,FALSE,-0.666742987794134,FALSE
"ACCAATCATGGTTCAT-1",0.608922518160949,FALSE,0.782391945104622,FALSE,1.14968270069777,FALSE
"ACCAATGAGCCTCATC-1",-0.237874164245576,FALSE,0.0617298829250788,FALSE,-0.165318031093382,FALSE
"ACCAATGATCGCGGCC-1",-0.347736109233054,FALSE,-0.350629104350115,FALSE,-0.318840568194776,FALSE
"ACCACGGAAGTTAATT-1",0.633901335861015,FALSE,0.498558600183636,FALSE,2.15498856470817,FALSE
"ACCACGGATCCGGATA-1",-0.957017946011217,FALSE,-0.685592462133466,FALSE,-1.03834604823878,FALSE
"ACCACGGCCTCGCACC-1",0.00360660789617144,FALSE,0.0976310953528914,FALSE,0.705016017738163,FALSE
"ACCAGCACTCCAATAC-1",1.46560168079991,FALSE,1.10139893732416,FALSE,1.44166573268905,FALSE
"ACCAGTATGAAGTTCC-1",-0.22489097214362,FALSE,-0.442930769054821,FALSE,-0.414067878459429,FALSE
"ACCATAACTCCTCGTA-1",-1.96484406210518,FALSE,-0.86283258616016,FALSE,0.0798149421331827,FALSE
"ACCATCCGTTCGAGTG-1",-1.27459175063152,FALSE,-1.08141650017169,FALSE,-0.712858394592907,FALSE
"ACCATTAGATCGTGGC-1",-0.242180972136653,FALSE,-0.305404800185124,FALSE,0.159894925814931,FALSE
"ACCGAAGATGTCGGCA-1",-1.09416578051137,FALSE,-0.989565532283024,FALSE,0.622871850531579,FALSE
"ACCGAAGCCGAATTAA-1",1.47552101156894,FALSE,1.77289065624166,FALSE,1.35755180747046,FALSE
"ACCGAGAACGTGTTGG-1",0.659268517071003,FALSE,0.771467078334873,FALSE,0.491305246355356,FALSE
"ACCGAGGTGATACCGA-1",-0.198837506663349,FALSE,0.278337473334191,FALSE,-0.906883398558088,FALSE
"ACCGATTCCGGATACT-1",-0.105497021088062,FALSE,-0.487569385367118,FALSE,-0.0123250947271095,FALSE
"ACCGATTGAGGATCTG-1",-1.48329233230957,FALSE,-1.50937251754405,FALSE,-1.22399094026868,FALSE
"ACCGCAGGTCGAGTTG-1",-0.401687342979221,FALSE,-0.419816938687068,FALSE,-0.26106939967019,FALSE
"ACCGCTTGCTAAGCAG-1",0.418171786795553,FALSE,0.585603504046211,FALSE,1.05055529223208,FALSE
"ACCGGACGCCAAGCGT-1",0.712214872067362,FALSE,0.682318998602304,FALSE,1.61302140168046,FALSE
"ACCGGCACCATACTGC-1",1.66544146346717,FALSE,1.33746070010418,FALSE,0.714091082501034,FALSE
"ACCGGCACGTACGAAC-1",-0.229027329859463,FALSE,-0.149886611154685,FALSE,-0.601088207211865,FALSE
"ACCGGCCGACCTGCAC-1",-1.05422827569044,FALSE,-0.844709816352371,FALSE,-0.791609372314013,FALSE
"ACCGGCCTCAGGAGTT-1",-0.652978031789481,FALSE,-0.323375877111188,FALSE,0.0842616659569827,FALSE
"ACCGGCTATCGTGCGG-1",0.208293371081275,FALSE,0.363556653472027,FALSE,0.314004365448947,FALSE
"ACCGTACACGACCGTC-1",-0.223439937697263,FALSE,-0.330841491393648,FALSE,-0.792919225326657,FALSE
"ACCGTACTATCGGAGG-1",0.95703630058192,FALSE,0.809741299055846,FALSE,0.969627595991103,FALSE
"ACCGTAGGCGGAGGTT-1",-0.201412505859013,FALSE,-0.195007603136727,FALSE,-0.127497156063017,FALSE
"ACCGTCGAGTATACTC-1",0.10476461836565,FALSE,0.227764699981083,FALSE,0.157247742930519,FALSE
"ACCGTGTTATAAGTCG-1",-0.773393803193599,FALSE,-0.845077882658243,FALSE,-0.48802828088161,FALSE
"ACCTAACAATCTTCAA-1",1.34733509723212,FALSE,1.49542834523596,FALSE,0.617998742428135,FALSE
"ACCTAAGTGATAATCA-1",1.68106913222948,FALSE,1.20539064600868,FALSE,-0.178724345731198,FALSE
"ACCTAATGTTACCAAT-1",-1.06748176525255,FALSE,-1.02212737953443,FALSE,2.26969311583568,FALSE
"ACCTAATTGTCGCTGA-1",0.400996424139809,FALSE,-0.242722955087863,FALSE,0.810631907624912,FALSE
"ACCTATAACGAACTAC-1",1.54916033221316,FALSE,1.01237699648479,FALSE,-0.366730535694889,FALSE
"ACCTATGCTACCGGAT-1",0.173963979850309,FALSE,0.908938059087768,FALSE,-0.17331425269348,FALSE
"ACCTCCGATTATAAGA-1",-1.01631309461762,FALSE,-0.898964625606779,FALSE,-0.754307249051148,FALSE
"ACCTCCTAGAGGCATG-1",-1.92355929884592,FALSE,-1.4800153414323,FALSE,-1.21813763529686,FALSE
"ACCTCGCACTAAGAGC-1",0.513834581408492,FALSE,0.485931655005798,FALSE,1.70643000029413,FALSE
"ACCTGCCACTATCAAT-1",0.273409123362379,FALSE,0.477482279938627,FALSE,-0.00238589268643509,FALSE
"ACCTGCCAGAGGATCT-1",-0.129406668743488,FALSE,-0.304769442681192,FALSE,0.0268508098598743,FALSE
"ACCTGCTTATAGTTCG-1",-1.3484850357342,FALSE,-1.57473846636688,FALSE,0.222520071201089,FALSE
"ACCTGCTTGAGCCTGG-1",0.528571809583255,FALSE,0.816714425956278,FALSE,0.208048907780927,FALSE
"ACCTGCTTGCTACGAC-1",-0.571577658457313,FALSE,-0.966472124602143,FALSE,-0.803965617929625,FALSE
"ACCTGTAACCGAATAA-1",-0.724700371695365,FALSE,-0.846138038989864,FALSE,-0.155058929945903,FALSE
"ACCTGTCTGCGGTTGT-1",-0.0420997668435007,FALSE,0.0038522259876204,FALSE,0.286071633748501,FALSE
"ACCTGTGGCGCTGCAA-1",-0.424447482146374,FALSE,-0.60260056052001,FALSE,-0.591995933759156,FALSE
"ACCTGTGGTCACCTCG-1",-0.952126209840962,FALSE,-1.32192440780034,FALSE,-1.48508734801159,FALSE
"ACCTTCAGACCTCGGT-1",-0.316050613854485,FALSE,-0.485836569525687,FALSE,-0.820942598164503,FALSE
"ACCTTGGCTCTGTAAG-1",-1.77366482037187,FALSE,-1.45743269811092,FALSE,0.243230996950745,FALSE
"ACGAACATAGGATCGG-1",0.276248245666903,FALSE,0.235316386728857,FALSE,-0.576440983705737,FALSE
"ACGAACGCACGAGCAC-1",0.362984668492123,FALSE,0.425132933456924,FALSE,0.732971716527473,FALSE
"ACGAAGCCACCTGAGG-1",0.124840113740966,FALSE,0.151005167954347,FALSE,-0.324558367243945,FALSE
"ACGACAAGCACTTCAC-1",0.909141655024457,FALSE,0.69479211725884,FALSE,-0.273927632157156,FALSE
"ACGACTGAAGACTTAC-1",0.115425472437226,FALSE,-0.026907835779099,FALSE,0.589672323305814,FALSE
"ACGAGGACAACTCACC-1",0.124400552874265,FALSE,-0.0642371190662935,FALSE,-0.0151860593605779,FALSE
"ACGAGGACCTGCTAGT-1",-0.18355174872934,FALSE,-0.0969440411272903,FALSE,-0.674877115330181,FALSE
"ACGAGTGCGTGCGTTC-1",-0.119290817715251,FALSE,0.339893928497602,FALSE,0.249569417019699,FALSE
"ACGATGACTATTAGAT-1",0.0660751519653879,FALSE,-0.343136644404436,FALSE,-0.423496949743167,FALSE
"ACGATGCGAAGGAGCA-1",0.510421953342828,FALSE,0.363670779490051,FALSE,1.57960656849784,FALSE
"ACGATGCTCCAATACA-1",0.486144390639547,FALSE,0.738166411176562,FALSE,2.71147205296527,FALSE
"ACGATGTCGCACAATC-1",0.163841050371752,FALSE,-0.131480408729285,FALSE,0.782749665519993,FALSE
"ACGATGTCGTTGCCAA-1",-1.05246027121794,FALSE,-1.0396170755975,FALSE,-3.65210836262448,FALSE
"ACGATGTTACCTCATT-1",-1.12883302067899,FALSE,-1.7679807088473,FALSE,-0.960703249765368,FALSE
"ACGCAACGAAGAGTAT-1",-0.00179915210335284,FALSE,-0.0818812884517514,FALSE,-0.876571756056063,FALSE
"ACGCAAGGCATAAGTC-1",-1.09507631318309,FALSE,-1.60839863508296,FALSE,-0.639700344391131,FALSE
"ACGCAATAGTATACGA-1",0.179553190427182,FALSE,0.62497363758248,FALSE,-0.219998259617499,FALSE
"ACGCACATTGTAAGTA-1",-0.51701425183736,FALSE,-0.758562126991061,FALSE,-1.54594506671371,FALSE
"ACGCCGGCATCACTGG-1",1.28303525594799,FALSE,1.1821767294354,FALSE,0.9532790474234,FALSE
"ACGCCTCCGATGTTCC-1",-3.85660305158205,TRUE,-3.29165880454242,TRUE,-1.01765730078324,FALSE
"ACGCGGAAGAGTTCCG-1",-3.12619625229192,TRUE,-3.24457151209565,TRUE,-0.104757894143683,FALSE
"ACGCGGCTCAAGTTCA-1",0.15906497165445,FALSE,0.0801348611923984,FALSE,-0.101052248719866,FALSE
"ACGCGTAGACTCAACT-1",0.503095617441547,FALSE,0.393328821359766,FALSE,0.462770652741281,FALSE
"ACGCGTCGGTGAGGTT-1",-0.316189486013407,FALSE,-0.261783528237906,FALSE,2.63298105144029,FALSE
"ACGCGTTCCAGCCTTC-1",-0.124602150075847,FALSE,-0.423276730990398,FALSE,-0.290392883661975,FALSE
"ACGCGTTCGCGATCAT-1",-0.732400975083313,FALSE,-0.891638224306515,FALSE,-0.628973617387759,FALSE
"ACGCTCAGTGCTATTC-1",0.0966637225200492,FALSE,0.397776006525894,FALSE,0.111449375172147,FALSE
"ACGCTGCGATTAACGA-1",0.724785981984691,FALSE,0.651601444781156,FALSE,0.466428941243384,FALSE
"ACGGCCGTCAACGTAT-1",-1.47998236992352,FALSE,-0.867906810956536,FALSE,-0.720343625032493,FALSE
"ACGGCCGTGACATTAA-1",-0.0658459786031447,FALSE,-0.0205726721192705,FALSE,1.32365970456327,FALSE
"ACGGCCTTGCCAGAAC-1",-0.186387970308648,FALSE,-0.129313939035414,FALSE,1.31374661619068,FALSE
"ACGGCTATGGCATACC-1",0.270829590723256,FALSE,0.561296833640684,FALSE,0.324981115109201,FALSE
"ACGGCTTAACGATAGT-1",-0.223415292278863,FALSE,-0.113951063387164,FALSE,-0.343453359543881,FALSE
"ACGGCTTACGTATGCC-1",0.546487243304188,FALSE,0.343493657174535,FALSE,-0.946414927323064,FALSE
"ACGGCTTATTGGTATG-1",0.578564377159681,FALSE,1.08911115507852,FALSE,0.36649116624221,FALSE
"ACGGCTTCAGGTACCG-1",0.00579345430223472,FALSE,-0.222245664815567,FALSE,-0.362172380173258,FALSE
"ACGGCTTCCATCGGAA-1",-0.700037653512961,FALSE,0.0659826929539645,FALSE,0.800720313726628,FALSE
"ACGGCTTCGATTAAGC-1",0.185062947221786,FALSE,0.278811357135509,FALSE,0.954101470134109,FALSE
"ACGGCTTGTTCAATCG-1",-0.215630303019344,FALSE,-0.106272064466231,FALSE,-0.741796441423717,FALSE
"ACGGTCGCATCTAGAA-1",0.867487780392704,FALSE,1.80385212426432,FALSE,2.21535378772033,FALSE
"ACGGTCGGACAGGCGA-1",0.536199036999882,FALSE,0.866019386808365,FALSE,1.21782723834002,FALSE
"ACGGTGATAATGTTAC-1",0.832335739321982,FALSE,0.942569134443177,FALSE,0.698006959472391,FALSE
"ACGGTGTACGGTGCCA-1",2.39581330084105,FALSE,2.72414067315793,FALSE,-0.628633864891484,FALSE
"ACGGTTACATCCGAAG-1",-0.780855268931713,FALSE,-1.27112121053264,FALSE,-0.531350432880739,FALSE
"ACGGTTCACCTTCCGG-1",-0.118562782951922,FALSE,-0.376039946501852,FALSE,-0.393292067883267,FALSE
"ACGGTTCGCAAGTAAC-1",0.025255501812549,FALSE,0.45846653527153,FALSE,2.16087537336078,FALSE
"ACGGTTCGTACAGTTG-1",0.368726605962365,FALSE,0.31428689064301,FALSE,0.969150448945676,FALSE
"ACGGTTCGTCCGACCG-1",0.187983005508307,FALSE,-0.217993871966526,FALSE,-0.297330026246804,FALSE
"ACGTCAGATTACTTCG-1",0.757321121657358,FALSE,0.730371444467356,FALSE,2.24315978840337,FALSE
"ACGTGCAATTATTCGG-1",0.0987155530152117,FALSE,0.0600909050174691,FALSE,0.704203488322024,FALSE
"ACGTTAATACAATGAC-1",0.729821279532817,FALSE,0.838800173864306,FALSE,0.600804788469487,FALSE
"ACGTTACGCAGACAGC-1",0.611158357741712,FALSE,0.56094309761833,FALSE,0.512594587726647,FALSE
"ACGTTAGGCTCAAGCC-1",1.00856080576429,FALSE,1.22814996566402,FALSE,2.78836019608154,FALSE
"ACGTTAGTACTGGACA-1",1.72549321737375,FALSE,1.66370187065062,FALSE,3.20333716083999,TRUE
"ACGTTCACGACTAGGT-1",-1.4854508305689,FALSE,-1.20314387872815,FALSE,-0.257277995709951,FALSE
"ACGTTCACTAGTTGTA-1",0.850421505102259,FALSE,0.729960301761671,FALSE,3.07910222493959,TRUE
"ACGTTCCATTACCTCA-1",-0.157605430522106,FALSE,-0.483724972362847,FALSE,-0.0657165005197125,FALSE
"ACGTTCGTCCGCCTAT-1",-0.283805818364805,FALSE,-0.371269580597546,FALSE,-0.536921715231319,FALSE
"ACGTTCTATGCACGAC-1",-0.792198492947852,FALSE,-0.630139739224284,FALSE,-0.485739288262829,FALSE
"ACGTTCTGCCATAATC-1",0.349652368793089,FALSE,0.367234463009105,FALSE,0.874954601699034,FALSE
"ACTAATGCCTTGCATC-1",-0.425346796901965,FALSE,-0.391525719376116,FALSE,0.486965346771146,FALSE
"ACTAATTCTATGCGCA-1",0.298245480998047,FALSE,0.918712579177033,FALSE,0.232983404893233,FALSE
"ACTACAATGACCGTAA-1",0.222338766380224,FALSE,0.440924457597061,FALSE,0.183893902356386,FALSE
"ACTACCAACTGTGGCT-1",0.337383146075412,FALSE,0.31957966735481,FALSE,0.345512645361351,FALSE
"ACTACGCCTCATGATT-1",0.850793128609991,FALSE,0.750050381190041,FALSE,0.35975437526924,FALSE
"ACTAGATCTGAAGCGG-1",-0.28463831923554,FALSE,-0.227468765519962,FALSE,-0.0106497386098828,FALSE
"ACTATCAAGGACGGAA-1",-0.520893314538459,FALSE,-0.433465349284105,FALSE,0.106886660744268,FALSE
"ACTATGAGGTTCTGTC-1",-0.273781320162949,FALSE,-0.252301638191788,FALSE,-0.076122174486174,FALSE
"ACTATTACCAGGTGCT-1",-0.99008465839924,FALSE,-0.922474907521773,FALSE,-0.767146603505982,FALSE
"ACTATTAGACAGGCTG-1",-0.46342267553699,FALSE,-0.139837670342214,FALSE,-0.0564452086936254,FALSE
"ACTATTAGCCTAATCG-1",2.53410372611377,FALSE,2.71776457256823,FALSE,4.04055685011507,TRUE
"ACTATTGTTCGCACAG-1",0.672861301329467,FALSE,0.48067489225322,FALSE,0.833716953149562,FALSE
"ACTCAGCGGTAGATTG-1",0.355933015435123,FALSE,0.372953155990775,FALSE,1.66205934942238,FALSE
"ACTCAGCTCGAGTGTC-1",-1.79832427321599,FALSE,-1.01807494971405,FALSE,-0.171165558156298,FALSE
"ACTCAGCTTCTGAGAC-1",-0.824486994065426,FALSE,-0.83109665776763,FALSE,-0.146425483105906,FALSE
"ACTCAGGCCTGCAACT-1",0.704488136648419,FALSE,0.720614772566145,FALSE,0.348652299221411,FALSE
"ACTCAGTAGATACAAT-1",-0.219409421881874,FALSE,0.0169722490729676,FALSE,0.885542220253895,FALSE
"ACTCAGTGAGCCTCCA-1",0.374747661593099,FALSE,0.629911404637145,FALSE,1.14278307850068,FALSE
"ACTCCAGGCCGAAGAC-1",0.359185927177921,FALSE,0.486797276006662,FALSE,0.348564813099114,FALSE
"ACTCCAGTAGCTCCAG-1",0.521107657011199,FALSE,0.50412173875939,FALSE,0.0194940908717138,FALSE
"ACTCCTATGTTCCTAC-1",-0.955929691464731,FALSE,-1.08165124574128,FALSE,-0.265895647670966,FALSE
"ACTCCTGACCACTGAG-1",-0.108214828842389,FALSE,-0.0918637776775285,FALSE,0.305121998670965,FALSE
"ACTCCTTGTCCAGACC-1",0.75576078629181,FALSE,0.721106752369461,FALSE,0.19062446534308,FALSE
"ACTCGAACGTTCGTTA-1",-0.101770411473119,FALSE,-0.171694338183838,FALSE,0.552851169956702,FALSE
"ACTCGAGTCCAAGTTG-1",-0.546907236140187,FALSE,-0.460570124050704,FALSE,-0.996614680255935,FALSE
"ACTCGATTGATATCCA-1",-0.0274678219473242,FALSE,-0.041102771989971,FALSE,0.136920675517577,FALSE
"ACTCGTATTGTCAGAA-1",0.653675232823723,FALSE,0.537741506800134,FALSE,0.945650350871973,FALSE
"ACTCGTTCCTGATACA-1",0.360308597494687,FALSE,0.298544643529413,FALSE,0.0216463667459587,FALSE
"ACTCTAAGCTTGCGCC-1",0.259932072007576,FALSE,0.222350175003365,FALSE,-0.178131491333511,FALSE
"ACTCTACTTCCGCATT-1",0.613646796715425,FALSE,0.562257729109752,FALSE,0.47948188121121,FALSE
"ACTCTGACCTTACTGA-1",-0.126076288792372,FALSE,0.221330618417132,FALSE,-0.180767739566713,FALSE
"ACTCTTGCGGAGAACC-1",0.200471894610447,FALSE,-0.00521512693450579,FALSE,-0.601571696090007,FALSE
"ACTGACGGCCATGTCT-1",0.0685789214991305,FALSE,0.221158071358263,FALSE,-0.766069537845926,FALSE
"ACTGACGGCGAATAGT-1",0.625652463050086,FALSE,0.143508457488528,FALSE,1.12197629078159,FALSE
"ACTGACGTGATATTGG-1",0.719910776608711,FALSE,0.947796005851743,FALSE,0.131821682150734,FALSE
"ACTGACTCTGCTGGCC-1",-0.764001416953405,FALSE,-0.276746748649156,FALSE,1.28357557269987,FALSE
"ACTGACTGTCATCTAC-1",-2.00756411171733,FALSE,-2.28635012149461,FALSE,-0.883891833480463,FALSE
"ACTGAGACCTTAGCAC-1",0.949266388013077,FALSE,0.836720789784657,FALSE,0.65907478844485,FALSE
"ACTGAGCGATTACTAA-1",0.391081788755088,FALSE,1.40348372263023,FALSE,0.401068555636476,FALSE
"ACTGAGCGCAACTCAT-1",1.73593509347754,FALSE,1.75692691887811,FALSE,5.28307215059378,TRUE
"ACTGATACAGAACGTC-1",-0.0792158049484087,FALSE,-0.201524376582976,FALSE,-0.481257083137536,FALSE
"ACTGATACCTTCACTA-1",1.16288089213166,FALSE,1.038961068386,FALSE,2.21091751767668,FALSE
"ACTGATACTCCATTAC-1",-0.831217856584691,FALSE,-0.716535864494019,FALSE,0.0238850373875224,FALSE
"ACTGATAGCACGGTCT-1",0.777353131608909,FALSE,0.685002715949753,FALSE,0.325397335650338,FALSE
"ACTGCAAGGCTTCTCG-1",1.1954350668699,FALSE,0.840153899367049,FALSE,0.729774353397038,FALSE
"ACTGCATCTTGTTCCA-1",1.14757526777192,FALSE,0.966057501091874,FALSE,1.84362430373173,FALSE
"ACTGGTAAGGCCTCAG-1",-2.30488524584599,FALSE,-2.10097910772646,FALSE,-0.862208857910313,FALSE
"ACTGGTGATTCCGATC-1",0.147867136275562,FALSE,-0.100729719272704,FALSE,-0.311896176385792,FALSE
"ACTGGTTCTGAACGAT-1",-0.471680988345747,FALSE,0.29750221304945,FALSE,-0.472591384714278,FALSE
"ACTGTACAATTCTACT-1",0.760323821840426,FALSE,0.464022432567329,FALSE,0.192844417603905,FALSE
"ACTGTACATCCGATAC-1",-0.417901359217886,FALSE,-0.240599550170145,FALSE,0.55587433080728,FALSE
"ACTGTAGACAAGGAAT-1",0.380261245526634,FALSE,0.324124189491405,FALSE,1.23259393059476,FALSE
"ACTGTAGAGTGCCGGC-1",0.257895937254381,FALSE,-0.0230348687366858,FALSE,-0.183779231666357,FALSE
"ACTGTATTCTAGTCCA-1",-0.145205800666729,FALSE,-0.121364699644118,FALSE,-0.15361237452819,FALSE
"ACTTAAGCCAGTAGGA-1",-0.34145789179028,FALSE,0.141599611018729,FALSE,0.377251111742631,FALSE
"ACTTCGACGGATCATT-1",-0.274006427617619,FALSE,-0.160200673187527,FALSE,1.14264537261943,FALSE
"ACTTGAAGCGAGCGGT-1",1.01707183805561,FALSE,0.938911229954227,FALSE,0.650088228375133,FALSE
"ACTTGAATTAGCCGGT-1",0.00778428782292376,FALSE,-0.558112770677768,FALSE,-1.14888622555804,FALSE
"ACTTGACTGAGCACGA-1",-1.35104105863029,FALSE,-0.650906192496918,FALSE,-0.427013189875562,FALSE
"ACTTGAGCCGTTCTTA-1",0.0066844591203691,FALSE,-0.372479414287388,FALSE,-0.760405588514173,FALSE
"AGAACAGGAGCATGGA-1",0.0236962463721479,FALSE,-0.187029827146005,FALSE,-0.516088195111985,FALSE
"AGAACATACTGGTCGT-1",2.48985837260017,FALSE,2.31794502510213,FALSE,0.906424122878267,FALSE
"AGAACTTCGATGCGTA-1",-0.157637892109689,FALSE,0.0831237368199396,FALSE,0.399457545055447,FALSE
"AGAAGCAATGAGGAAC-1",-0.181842615830977,FALSE,0.00382147167249905,FALSE,-0.196886687417278,FALSE
"AGAAGCAGCCTAAGCT-1",1.17686872894228,FALSE,1.81581011508635,FALSE,4.78710650345585,TRUE
"AGAAGCTGGCCTAGTG-1",0.924890053147774,FALSE,-0.107100796697802,FALSE,-0.127694045223174,FALSE
"AGAAGGATGGTATGAA-1",-0.37371957314901,FALSE,-0.264128368289231,FALSE,-0.36527026090337,FALSE
"AGAAGGCGTAGAATAG-1",0.0599976535325065,FALSE,-0.204712124908363,FALSE,-0.768019755056094,FALSE
"AGAAGTTAACCAGAGC-1",0.959056658147725,FALSE,0.876579236418954,FALSE,2.43872873833667,FALSE
"AGAAGTTGAGCGCAAG-1",0.146293261502261,FALSE,0.116514544179745,FALSE,0.0300056011392279,FALSE
"AGACAAGACGTATCGC-1",0.506320145722209,FALSE,0.690350276500197,FALSE,0.144452061541366,FALSE
"AGACATCTTAGCACCT-1",-0.422538523591381,FALSE,-0.122807322048103,FALSE,0.10195790684934,FALSE
"AGACCGAAGACTACTC-1",-0.654135329918287,FALSE,-0.587506143505164,FALSE,2.76621296571757,FALSE
"AGACCGACCGCAGACA-1",-0.506709274581678,FALSE,-0.619589421691749,FALSE,-1.11879908766877,FALSE
"AGACCGCCAAGTTCAA-1",0.921651920076421,FALSE,0.926872352802132,FALSE,4.65895915463027,TRUE
"AGACCGCCGGCCAATG-1",-0.722963422226143,FALSE,-0.586906752782561,FALSE,-0.31512041972102,FALSE
"AGACCGGAGCAACGCT-1",0.32950693693206,FALSE,0.261335805273568,FALSE,0.0744660516843245,FALSE
"AGACCGTCACTGAGCT-1",-1.28448559437312,FALSE,-0.872445653401975,FALSE,-0.410497434252438,FALSE
"AGACCGTCATTAGTTA-1",-0.145971392474647,FALSE,0.0407088488284026,FALSE,0.57134922610723,FALSE
"AGACCTATCCTTATAG-1",0.273542219305081,FALSE,0.147126659391213,FALSE,0.119733723510396,FALSE
"AGACCTCAGCGAGGTG-1",0.108066943395743,FALSE,0.327199283073844,FALSE,0.331680663499043,FALSE
"AGACCTTCGCGTGAAC-1",0.747147878794221,FALSE,0.620037416973854,FALSE,-0.0926453819039762,FALSE
"AGACGATGCTGATAAT-1",-1.42091695234064,FALSE,-1.32450599711945,FALSE,-0.38913844787519,FALSE
"AGACGCGTGATGCATC-1",0.480401791932486,FALSE,0.584067118057558,FALSE,1.4700611508468,FALSE
"AGACGCTTGGCCTCAC-1",0.290536767632697,FALSE,0.218539549025626,FALSE,-0.0605560204430539,FALSE
"AGACGGCCTTACGGAG-1",-0.67560871371594,FALSE,-0.474619353377718,FALSE,-0.155603626390358,FALSE
"AGACGTAGGCGGACCG-1",-1.68342375154771,FALSE,-1.81557857415795,FALSE,0.666923010674911,FALSE
"AGACGTGGCGTTGAGT-1",-0.664529531222326,FALSE,-0.332520297128022,FALSE,-0.0966076741679728,FALSE
"AGACGTTGCACCGCCA-1",-1.10261071060381,FALSE,-1.09674339965695,FALSE,-0.420392685013697,FALSE
"AGACTACGTGCTCCAT-1",-0.985551139168427,FALSE,-1.22196519678381,FALSE,0.127428390169778,FALSE
"AGACTCAGACAGATAA-1",0.401012914195916,FALSE,0.601731380641402,FALSE,0.114652863437476,FALSE
"AGACTCATGACCTGGC-1",-0.803718641997136,FALSE,-0.899219653619954,FALSE,-0.584075827102876,FALSE
"AGACTCATTGCGGACA-1",-0.173771912230696,FALSE,-0.182811216616476,FALSE,-0.559194785034029,FALSE
"AGACTCCGCTTCGTAT-1",-2.19017226091053,FALSE,-1.70738483824145,FALSE,3.07968092777022,TRUE
"AGACTCCTGTATGGCG-1",1.20102906999861,FALSE,1.26022226185644,FALSE,0.680841302719167,FALSE
"AGACTCCTTATCATAC-1",-0.921840276760195,FALSE,-0.870603897692765,FALSE,-0.104887861699465,FALSE
"AGACTCGACTCCTAAT-1",0.89575916707913,FALSE,0.710502925481002,FALSE,1.18256815448508,FALSE
"AGACTCTATTAGCGCT-1",1.00408874937766,FALSE,0.655930676880938,FALSE,0.588616014935879,FALSE
"AGACTGGAACCGTTGG-1",0.053070227565539,FALSE,0.202042120136205,FALSE,0.867228066586057,FALSE
"AGACTGGTAAGGAGGT-1",0.828034720320775,FALSE,1.27904237773973,FALSE,-0.0139578118325184,FALSE
"AGATAACCAATACGCC-1",-1.08760138054861,FALSE,-0.909776872357506,FALSE,-0.870518372621237,FALSE
"AGATAAGCCACTCATA-1",-1.0994382753008,FALSE,-0.890113044000041,FALSE,-0.256158994300406,FALSE
"AGATAAGTGCTACGAC-1",-1.03155201744524,FALSE,-0.911863825372385,FALSE,-1.13625884050723,FALSE
"AGATACAAGGATGGTG-1",1.3602171573448,FALSE,1.31975550774935,FALSE,-0.0903505564055463,FALSE
"AGATACATCTACGCAC-1",0.212515794817888,FALSE,0.236612787722233,FALSE,0.268789989525334,FALSE
"AGATACTAATCAGGCG-1",1.25599873995021,FALSE,1.37492141386124,FALSE,-0.00774867861789575,FALSE
"AGATAGGTGAATTGCC-1",0.303231760427516,FALSE,0.597805707692126,FALSE,-0.247107329125022,FALSE
"AGATAGGTGACCGCGT-1",-2.99237310417644,FALSE,-3.13821172476169,TRUE,-0.934649478195148,FALSE
"AGATCAAGCATCTACT-1",-4.84489965489763,TRUE,-3.32199479328858,TRUE,-1.25013763053197,FALSE
"AGATCAGTCGATAGAA-1",-0.627244175773846,FALSE,-0.315509758407731,FALSE,-0.131212759842576,FALSE
"AGATCATTCACGCTGT-1",0.304933617041681,FALSE,0.29031936495443,FALSE,0.360677533852527,FALSE
"AGATCTAACGAGCTCA-1",-1.7478563654531,FALSE,-1.71970837022018,FALSE,-0.693064923715852,FALSE
"AGATCTCCGCCTTATT-1",-1.6821344516146,FALSE,-1.18468071508799,FALSE,-1.63046796836025,FALSE
"AGATGAGGCGCCTCCA-1",1.12538385591252,FALSE,0.902652724992869,FALSE,-0.286792530133261,FALSE
"AGATGCACGTAGGTGC-1",0.30699820762404,FALSE,0.470495364540514,FALSE,1.34593574617432,FALSE
"AGATGCTCCGTCATCT-1",-1.2476427001291,FALSE,-1.94963684919848,FALSE,-0.966592915810186,FALSE
"AGATTGAGTTAGGAAC-1",1.4518730121011,FALSE,1.31901665296675,FALSE,0.354548552649214,FALSE
"AGATTGCGCCTCGCTC-1",-0.312190633979623,FALSE,-0.250296921030049,FALSE,-0.0797508720034044,FALSE
"AGCAACAGTATGTCGC-1",1.06731962542858,FALSE,1.00418275668988,FALSE,1.88273313125303,FALSE
"AGCAATAACAATTCCA-1",1.18344521970295,FALSE,0.824313064639975,FALSE,0.949424365530981,FALSE
"AGCACCTCCAATCACG-1",0.576442780686794,FALSE,0.486651404389621,FALSE,1.0966755080897,FALSE
"AGCACGAGATAACGGT-1",-0.519659798365979,FALSE,-0.364626811932845,FALSE,-0.463605185757954,FALSE
"AGCACGATACCTAAGC-1",0.849647090535023,FALSE,0.78186234895201,FALSE,-0.62528055567723,FALSE
"AGCACGCTCGATCTAA-1",-0.0897937283607813,FALSE,0.00225884042262586,FALSE,-0.570963039425614,FALSE
"AGCACGGAGGCAGTCA-1",-2.19501140653027,FALSE,-0.9409850207765,FALSE,0.838255406941904,FALSE
"AGCACGTGCACCTCTG-1",-1.00884838253768,FALSE,-0.740511233680883,FALSE,-0.579277611098905,FALSE
"AGCACGTGCACTGTAA-1",-0.00337560212988245,FALSE,-0.135648077657599,FALSE,0.793801499764654,FALSE
"AGCACTCATACAGAAC-1",0.976065552292455,FALSE,0.386317658781037,FALSE,0.238235828853406,FALSE
"AGCACTGCATCCTAGC-1",0.340945755222754,FALSE,0.624527546477853,FALSE,-0.0282108826735873,FALSE
"AGCAGGATAGGTCTCC-1",-0.910482020137916,FALSE,-0.765815442310722,FALSE,-0.367643759424696,FALSE
"AGCAGGTAAGTATCTG-1",0.694765946134927,FALSE,0.830773960607369,FALSE,0.661677773616241,FALSE
"AGCAGGTATGCCATTG-1",0.0384865569306033,FALSE,0.221188946420577,FALSE,0.265249927752938,FALSE
"AGCATCCTGACAGCCG-1",-2.10912337351548,FALSE,-1.57453702203271,FALSE,-0.630104722029042,FALSE
"AGCATGAGCGAATATT-1",1.19482848917357,FALSE,1.72246744949892,FALSE,1.58973782590988,FALSE
"AGCATGCACCGCGTCA-1",0.431787942364252,FALSE,-0.281990065053729,FALSE,0.837716803985545,FALSE
"AGCATTAGACGGATTG-1",-0.816227869532033,FALSE,-0.550618748179517,FALSE,-0.60404916068638,FALSE
"AGCCAGATACTCGAAC-1",-0.695520033041904,FALSE,-0.451113475167063,FALSE,0.381984248662888,FALSE
"AGCCAGCGGCAAGCGT-1",0.169766565053683,FALSE,0.230673918656429,FALSE,-0.15914853058055,FALSE
"AGCCAGCGTTACAGTC-1",-0.801325922670249,FALSE,-0.870549058939519,FALSE,0.443566386785453,FALSE
"AGCCGACCGATGTACA-1",0.376637803238574,FALSE,0.3623135684784,FALSE,0.694398898455633,FALSE
"AGCCGATGTTCTACTC-1",0.726198282817282,FALSE,0.787273282196082,FALSE,0.92679586197504,FALSE
"AGCCGGCCTATTCCAG-1",0.359997332148397,FALSE,0.503100418453805,FALSE,0.118552145923946,FALSE
"AGCCGTAGACTCTGAA-1",0.123305401049564,FALSE,-0.0924967739953364,FALSE,-0.705964754331654,FALSE
"AGCCGTAGTGGAGTGC-1",-0.480112166166832,FALSE,-0.629889715849444,FALSE,-0.425046610139798,FALSE
"AGCCGTATCTTCGTCT-1",-1.22628157600872,FALSE,-0.96076264065716,FALSE,0.0608603701385251,FALSE
"AGCCGTATTCAACCGT-1",-0.349849310578942,FALSE,-0.32302263471436,FALSE,0.551929134961521,FALSE
"AGCCGTTGCATCCTAG-1",-0.406712670103244,FALSE,-0.00829290676470592,FALSE,0.0993801145563097,FALSE
"AGCCTCCGAACTACCA-1",1.19629528837404,FALSE,1.14177624913193,FALSE,0.958755489123349,FALSE
"AGCCTCGCATGGTCCT-1",0.103294494246733,FALSE,0.214947283029521,FALSE,0.188527217629964,FALSE
"AGCCTCTATGCAGCAA-1",0.494252223751746,FALSE,0.338434451377046,FALSE,0.00216762597313484,FALSE
"AGCCTCTGTTCCGATG-1",0.268120437790815,FALSE,0.371201945280326,FALSE,0.477158863962471,FALSE
"AGCGACAGCTACATCG-1",0.0260477796773288,FALSE,0.016825129498655,FALSE,0.279955004607823,FALSE
"AGCGACATCCTTCTAA-1",-1.0845000534266,FALSE,-1.69247516311338,FALSE,-2.10318862969589,FALSE
"AGCGACCGTTCTATAC-1",0.119439949856137,FALSE,0.00640845368357322,FALSE,-1.37215973033096,FALSE
"AGCGACTATGTATCTT-1",-0.201771036008688,FALSE,-0.490101189813003,FALSE,-0.610823408978545,FALSE
"AGCGAGAACAGATTCT-1",-0.567994539738127,FALSE,-0.896021168386371,FALSE,-0.662152643661409,FALSE
"AGCGAGGAACTGGTCC-1",0.441890928655626,FALSE,0.316337510873634,FALSE,0.627756105945389,FALSE
"AGCGCAGATGAGGTGC-1",-1.11592157646124,FALSE,-0.764075491800566,FALSE,0.510838947590774,FALSE
"AGCGGAATGTCGCTGT-1",-0.507865153539707,FALSE,-0.189235601257418,FALSE,-0.285234580919118,FALSE
"AGCGGCGAATAATCTT-1",0.359657746497741,FALSE,0.101440410979358,FALSE,-0.420314135837349,FALSE
"AGCGGTACGCCGAGAA-1",-0.606985327715876,FALSE,-0.636597067600796,FALSE,-0.286986687696606,FALSE
"AGCGGTACGGCGCATC-1",0.778066618189553,FALSE,0.471340921867539,FALSE,0.426045481594604,FALSE
"AGCGGTGAGTGACATG-1",0.840596112514162,FALSE,1.08502308306576,FALSE,3.00222506595557,TRUE
"AGCGGTGCAGGCATCT-1",0.643021134384948,FALSE,0.324391622145121,FALSE,0.241557462043179,FALSE
"AGCGGTTAATCGAAGT-1",0.661143441603092,FALSE,0.652082972053975,FALSE,0.740699868429611,FALSE
"AGCGGTTAGACTCGCC-1",0.477411022404126,FALSE,0.311922734305696,FALSE,0.282390092415187,FALSE
"AGCGTGCCTGTATGCC-1",0.61117570679401,FALSE,0.414179723955239,FALSE,2.21319256640604,FALSE
"AGCGTGCGCCTGATCG-1",0.0286580593919729,FALSE,0.727508798631268,FALSE,0.63496179197684,FALSE
"AGCGTGCTTCGCTCAT-1",-0.477106112877165,FALSE,-0.987938758194747,FALSE,-0.910684385651276,FALSE
"AGCGTGGCACCGACAA-1",-0.698984435301343,FALSE,-0.492809009402524,FALSE,1.15669904229911,FALSE
"AGCGTGTATGTACGGT-1",0.0211554838900335,FALSE,0.204141250168374,FALSE,-0.117877615444948,FALSE
"AGCGTTACAGTCCTGG-1",-0.00766451121189795,FALSE,-0.660887153168025,FALSE,-0.585553184082255,FALSE
"AGCGTTATACCTGTTG-1",0.271480299930686,FALSE,0.156425516207319,FALSE,0.407705102982942,FALSE
"AGCGTTATAGCGCACT-1",0.381987624519214,FALSE,0.887257976116305,FALSE,0.791417941307725,FALSE
"AGCGTTGGCTCACGAT-1",0.728708327322592,FALSE,0.0587656869481632,FALSE,1.69520651533852,FALSE
"AGCTACCAGCGTTACT-1",-0.415456008270733,FALSE,-0.347387578108508,FALSE,0.607311876299396,FALSE
"AGCTAGCGTACAGTAA-1",0.164643104425949,FALSE,0.22523211694085,FALSE,0.12251532632408,FALSE
"AGCTATAAGTCCAGCA-1",-0.141058531958468,FALSE,0.32386214195923,FALSE,0.0679485909308089,FALSE
"AGCTATAGAATAGTCT-1",-1.70923668667502,FALSE,-0.958778818460546,FALSE,-0.550801077868317,FALSE
"AGCTCAACATCGTCCG-1",-0.547235638460101,FALSE,-0.283631587261942,FALSE,0.0518723119516011,FALSE
"AGCTCGACAGGCGATA-1",-1.25578223521578,FALSE,-0.697855445930357,FALSE,0.575297384586454,FALSE
"AGCTGACGTAACGCTG-1",-0.769843483515121,FALSE,-0.865694526424339,FALSE,-1.19067621194816,FALSE
"AGCTGTACGCTGACTC-1",0.201187947853266,FALSE,0.271597067366377,FALSE,-0.910700592923786,FALSE
"AGCTGTCCAGATGCTA-1",-0.315008292767031,FALSE,-0.356463357441645,FALSE,-0.730682131877386,FALSE
"AGCTGTTCCGGTGATT-1",-0.0495233025601757,FALSE,-0.0601131348362067,FALSE,0.0290177854731139,FALSE
"AGCTGTTGAAGGCCTT-1",0.141483027489423,FALSE,0.31880499735878,FALSE,0.690371580041886,FALSE
"AGCTTCGCTGCGGTCA-1",0.513269287280834,FALSE,0.423452665256027,FALSE,0.505130173834578,FALSE
"AGCTTGAGTCAGGCCG-1",-0.985433330574614,FALSE,-1.02422517622368,FALSE,0.0577589296898387,FALSE
"AGCTTGGATGCAAGCC-1",-0.715945890053059,FALSE,-0.513788076057354,FALSE,-0.146396994011508,FALSE
"AGGAATTACGGTGACG-1",-0.951148634620517,FALSE,-0.869597387360132,FALSE,0.0829617739695918,FALSE
"AGGACCAGTAACCTAA-1",0.139998576471059,FALSE,0.332734913915452,FALSE,0.558993028031528,FALSE
"AGGACCAGTGCGCCAG-1",-0.604249514223076,FALSE,-0.677065777249663,FALSE,-0.605073432663042,FALSE
"AGGACCGCAATAGTTA-1",-2.47475632878299,FALSE,-4.61217991155208,TRUE,-1.70436496668098,FALSE
"AGGACCGTAGATGCTA-1",0.377213754143427,FALSE,0.460180777267087,FALSE,0.928680041263788,FALSE
"AGGACCTGTACCATTC-1",0.412727920247253,FALSE,0.543418692356559,FALSE,-0.255731909884257,FALSE
"AGGACGAAGCCTCCTT-1",0.477517015182415,FALSE,0.441513821988256,FALSE,0.673065646664243,FALSE
"AGGACGAATGCTTCAA-1",-0.0865991140065391,FALSE,-0.105997161479556,FALSE,0.0141878953807705,FALSE
"AGGACGTATCGCCGTA-1",-2.38368682193008,FALSE,-2.1093134006132,FALSE,-2.41229023205479,FALSE
"AGGACGTCGGCACGAA-1",0.784781280091174,FALSE,1.13958444428633,FALSE,1.56608936373397,FALSE
"AGGACTGAAGTGCCTT-1",0.174248406957932,FALSE,0.130196412906482,FALSE,0.221994848635224,FALSE
"AGGACTGGATGAAGAC-1",0.24428582908986,FALSE,-0.262107415879306,FALSE,-0.110010322529817,FALSE
"AGGAGCAGCGTTAATA-1",-1.84354568798361,FALSE,-2.50524764358545,FALSE,-0.719654032472068,FALSE
"AGGAGCATAATCCACT-1",0.767074536461143,FALSE,0.732567145516292,FALSE,1.07907391946339,FALSE
"AGGAGCATCACTCAGC-1",-0.384927064697171,FALSE,0.152679952544386,FALSE,-0.34961956987408,FALSE
"AGGAGCATCTTAACTC-1",-1.64519823903595,FALSE,-1.25844396345309,FALSE,0.640809972468191,FALSE
"AGGAGCCGCTGAGTAG-1",-0.432887404357696,FALSE,-0.410089768119218,FALSE,-0.126403381131418,FALSE
"AGGAGCCTCGAACGTT-1",-0.631472499276531,FALSE,-0.199821302646196,FALSE,-0.245658992949286,FALSE
"AGGAGCCTTCGCCTTA-1",-1.26362386207146,FALSE,-0.965264633928412,FALSE,-0.699082260035276,FALSE
"AGGAGCGAATGCGTTA-1",0.135348507940211,FALSE,0.171524162095753,FALSE,-0.67328514607833,FALSE
"AGGAGCTATGAACACT-1",0.658152628219014,FALSE,0.980449781561623,FALSE,1.55506784872446,FALSE
"AGGAGCTGCAAGGACT-1",-0.081873317906241,FALSE,-0.422289234905373,FALSE,1.2755612386892,FALSE
"AGGATAACCGGTCGGA-1",0.0111653310725533,FALSE,-0.0140391531715022,FALSE,0.533104321698181,FALSE
"AGGATACCTCCGAGCG-1",-1.00371766701738,FALSE,-0.888470358914956,FALSE,-0.895763972887995,FALSE
"AGGATAGGCTCAGTTG-1",-0.229422706782116,FALSE,0.106039184607941,FALSE,0.928947732290781,FALSE
"AGGATATCGCGAATAC-1",-0.158551934282659,FALSE,0.0745667060518281,FALSE,0.00230574707369706,FALSE
"AGGATCAACATTCGTT-1",-0.792889992777262,FALSE,-0.521749586324023,FALSE,0.290133734941623,FALSE
"AGGATCCGCTCGGTGC-1",1.72927319166665,FALSE,2.02702856325419,FALSE,-0.363860853676331,FALSE
"AGGATCCGTGAGGCGG-1",-0.332605054264472,FALSE,-0.442076691331798,FALSE,0.390443788283404,FALSE
"AGGATCGAGCACCGCC-1",-0.0392539885977192,FALSE,0.0448610452289109,FALSE,0.0664455940313513,FALSE
"AGGATCTTAATGGTGA-1",0.268458897455345,FALSE,0.703225408192601,FALSE,2.7829268966274,FALSE
"AGGATGAGTGCGTGCG-1",-1.21491743944823,FALSE,-1.39601504782564,FALSE,-1.00765373390506,FALSE
"AGGATGCTCGACAGTC-1",0.320684546051578,FALSE,0.678263873498538,FALSE,1.16856797048651,FALSE
"AGGATTCCTTGCTGCG-1",0.155271337628696,FALSE,0.122023074465673,FALSE,0.128801036589909,FALSE
"AGGATTCTACGCCTAG-1",0.468812932549189,FALSE,0.462774911940089,FALSE,0.880492374924299,FALSE
"AGGCAACAGCGTTCGC-1",3.05485935523972,FALSE,2.34970846542668,FALSE,1.02936560526834,FALSE
"AGGCAACAGTCTGGTT-1",1.80948210022714,FALSE,1.51281455012433,FALSE,0.825516727034331,FALSE
"AGGCAACTAGCGTACC-1",0.0749550455525253,FALSE,-0.22029494556443,FALSE,-0.0831099118102538,FALSE
"AGGCAATGTCAGCTGG-1",0.00152211838758303,FALSE,0.142497834548468,FALSE,1.90687626257503,FALSE
"AGGCATGCATGGAATT-1",0.243416199850586,FALSE,0.629666064265329,FALSE,-0.34335367057026,FALSE
"AGGCATTAAGTCTGGC-1",-1.22293316181595,FALSE,-1.26176099821164,FALSE,-0.170318876311018,FALSE
"AGGCATTACTATAGTA-1",-0.599436059056479,FALSE,-0.773355355964337,FALSE,-0.309128778915571,FALSE
"AGGCCGCAGAATAACG-1",0.595166273822227,FALSE,0.478941192947841,FALSE,0.691133664736196,FALSE
"AGGCCTGTCTAGTGGC-1",-0.142403165132477,FALSE,0.131776917776098,FALSE,0.30041485134068,FALSE
"AGGCCTTGTCGTTGAT-1",-1.02050549762921,FALSE,-1.01771237788079,FALSE,-0.143843946845325,FALSE
"AGGCGATTCCACTTCT-1",-0.0271410278113527,FALSE,0.0228735151017695,FALSE,0.122978165840064,FALSE
"AGGCTGCAGCTCAGGC-1",-0.614959780028255,FALSE,-0.960190648750754,FALSE,1.1150728705668,FALSE
"AGGCTGCGCAGCAACT-1",-0.806023577926641,FALSE,-0.975784663989255,FALSE,-0.208589282789384,FALSE
"AGGCTTAACCGATTGT-1",1.72679281476754,FALSE,1.33288189298892,FALSE,0.889710541908249,FALSE
"AGGCTTAGCATTAACC-1",-1.67892837271108,FALSE,-1.17353944407431,FALSE,-0.0979154983124331,FALSE
"AGGTACAGCTATGATA-1",-0.566676334974516,FALSE,-0.205162886242546,FALSE,-1.00082099369167,FALSE
"AGGTACCAGACGCCAG-1",0.738672573420737,FALSE,0.972275396538502,FALSE,0.797635168238829,FALSE
"AGGTACGGAAGTCAAC-1",-1.82083009969185,FALSE,-1.6290393749301,FALSE,-0.784382361289479,FALSE
"AGGTACTCTGCCACCG-1",-1.53520176861586,FALSE,-1.00551030712956,FALSE,2.49774448269266,FALSE
"AGGTCACCTCCGCCTC-1",-0.013332142453638,FALSE,-0.00793517353171861,FALSE,0.44028881585033,FALSE
"AGGTCGAGGTCTAGGC-1",-2.11364562936843,FALSE,-1.03223981174898,FALSE,-0.438520502850977,FALSE
"AGGTCTCACGCCAATA-1",-1.4662246509601,FALSE,-0.903334486869752,FALSE,-3.28978724512425,FALSE
"AGGTCTTCCATCGCCG-1",0.558232530967562,FALSE,0.485323445104901,FALSE,1.01762720347909,FALSE
"AGGTGAAGTGACGACT-1",1.97414985189723,FALSE,1.01382931395933,FALSE,0.973926171866556,FALSE
"AGGTGAATCCACAACC-1",-0.518818566689185,FALSE,-0.480175277503865,FALSE,0.316114516388213,FALSE
"AGGTGAGCAATGTCTT-1",-5.41598725300576,TRUE,-4.37182361645418,TRUE,-0.649398416853777,FALSE
"AGGTGAGGTAGAATAC-1",0.64949072484565,FALSE,0.641116559431171,FALSE,-0.0836137144900982,FALSE
"AGGTGATTGGCGGTAT-1",-0.411133388282072,FALSE,-0.387647733274977,FALSE,-0.396901132304424,FALSE
"AGGTGGCACTTGTCAG-1",0.85512345178386,FALSE,0.85068299106363,FALSE,-0.700730795439017,FALSE
"AGGTGGCTGTCGCCAA-1",0.778786134269827,FALSE,0.480403520056424,FALSE,-1.26270185135068,FALSE
"AGGTTACATTCCACGC-1",-0.0330844088272431,FALSE,0.255162485261052,FALSE,4.0270439313572,TRUE
"AGGTTAGTGGCCATAG-1",-0.469400000161473,FALSE,-0.439718645069465,FALSE,-0.327442688551763,FALSE
"AGGTTCCACGCCGAAG-1",0.513132316190731,FALSE,0.216596708513671,FALSE,0.985220131580274,FALSE
"AGGTTGAGTAGGAGAT-1",0.40982969793657,FALSE,1.32982994912477,FALSE,-1.22958929065964,FALSE
"AGTAACCGCAGGTCAA-1",-0.723549233324519,FALSE,-0.287522874282304,FALSE,-0.452269948642916,FALSE
"AGTAAGCTCGGCCAAT-1",-0.268920829983225,FALSE,-0.25191785850697,FALSE,0.694833222038043,FALSE
"AGTACCGAACCGCAAT-1",0.368915634293001,FALSE,0.384711804169729,FALSE,0.247284560645032,FALSE
"AGTACCGTTGTACGCC-1",0.731635066508745,FALSE,-0.329136973617451,FALSE,-0.264390253859206,FALSE
"AGTAGACAGATAACGG-1",0.269011137146463,FALSE,0.141210908292283,FALSE,-0.0435902264739373,FALSE
"AGTAGACAGTAAGGAG-1",0.221857539150964,FALSE,0.272682230090533,FALSE,0.260728981213784,FALSE
"AGTAGAGCATGGACGT-1",0.049788292370163,FALSE,0.16479425248034,FALSE,0.151001201023309,FALSE
"AGTAGAGTGCCGAATG-1",1.54763366011092,FALSE,2.13034771207542,FALSE,0.0315874615489847,FALSE
"AGTATTACGGTATTCG-1",0.363494556658196,FALSE,0.226007036714917,FALSE,0.912206099011418,FALSE
"AGTATTAGCTGATCGA-1",-0.548304990755587,FALSE,-0.567833241813182,FALSE,-1.59738994086335,FALSE
"AGTATTCAGCTGAATG-1",-0.910411195817159,FALSE,-0.833021165896982,FALSE,1.84339560032643,FALSE
"AGTATTCGTCGGTATC-1",-0.231188143543134,FALSE,-0.191193944937472,FALSE,-0.585524733272499,FALSE
"AGTATTGATTGAGTCA-1",-0.802173608994384,FALSE,-0.686408444577057,FALSE,-0.325341086332193,FALSE
"AGTATTGGTATGTCTA-1",0.20012026872655,FALSE,0.00305660007641729,FALSE,-0.17173857693319,FALSE
"AGTCACCATACCTCCA-1",1.73409428150494,FALSE,1.09411957720735,FALSE,-0.679638626639483,FALSE
"AGTCACTTATTCAAGG-1",0.437516185060562,FALSE,0.102639744595056,FALSE,0.595638843499423,FALSE
"AGTCCGTGATCACTAC-1",-0.185378757877626,FALSE,-0.710558720794803,FALSE,0.797632400949979,FALSE
"AGTCGCCACTCGGCGA-1",0.157303340886494,FALSE,-0.438820617796556,FALSE,-0.522721937219551,FALSE
"AGTCGGACCGTGCTTA-1",0.418699225520981,FALSE,1.33426747563956,FALSE,1.71576154948763,FALSE
"AGTCGGTCTAATCTGT-1",0.519469639355297,FALSE,0.314448998848869,FALSE,-0.0269648283851712,FALSE
"AGTCGGTTATACATAG-1",0.0886345635861883,FALSE,-0.0883528936990408,FALSE,-0.100541647853041,FALSE
"AGTCGGTTGGTTGGCG-1",-0.236960151194424,FALSE,-0.710948655612086,FALSE,0.0154637707754907,FALSE
"AGTCGTTGCCGCCAAC-1",0.670532583847308,FALSE,1.30644411074016,FALSE,-0.781323594494526,FALSE
"AGTCGTTGCCTTACCT-1",0.229678278152161,FALSE,0.0567138528693402,FALSE,-0.998284515583225,FALSE
"AGTCTAGGATTGTCAC-1",-0.120212549870352,FALSE,0.207890676430299,FALSE,0.765047052832216,FALSE
"AGTCTGTTACAATAGT-1",0.0790076047983889,FALSE,0.190023611631253,FALSE,-0.203873598866988,FALSE
"AGTGAGCGCCTGTCCT-1",0.532347180080223,FALSE,0.724297054184631,FALSE,0.113276458643077,FALSE
"AGTGAGGTCTGTGCTC-1",0.551636047212819,FALSE,1.03515440828704,FALSE,-0.408374454568721,FALSE
"AGTGAGTATTCTAAGT-1",-2.02066694946653,FALSE,-1.21670324196148,FALSE,-0.442106294983761,FALSE
"AGTGCAATAACTAACA-1",-1.34469132575268,FALSE,-0.999650932701033,FALSE,-0.490338676215385,FALSE
"AGTGCAGCTTCATCGG-1",0.14850963163341,FALSE,0.204060409412671,FALSE,0.192705147058792,FALSE
"AGTGCCAGATGCTCTG-1",-1.26733063433799,FALSE,-1.36679389270153,FALSE,-0.898379878154244,FALSE
"AGTGCGCAACATGCGT-1",-1.13018505066405,FALSE,-0.633299536443649,FALSE,-0.994162713953584,FALSE
"AGTGCTTCGCGGACGC-1",-1.79955325544382,FALSE,-1.7139328737403,FALSE,-0.405238332951828,FALSE
"AGTGGTATGTCCAAGT-1",-0.239271378702712,FALSE,0.14158980237026,FALSE,0.382717721471834,FALSE
"AGTGTAAGCCGAACAA-1",1.92244171807377,FALSE,1.76166072913056,FALSE,0.892296499282412,FALSE
"AGTGTAAGCCTGCAAG-1",1.25437708941881,FALSE,1.97423642210678,FALSE,1.86948071438927,FALSE
"AGTGTAAGTCCATACA-1",-0.711119014274978,FALSE,-0.908863869082598,FALSE,-0.393348849419998,FALSE
"AGTGTACCTCTGTATG-1",-0.0497874894241734,FALSE,-0.0408170861157136,FALSE,-0.294497821128896,FALSE
"AGTGTAGCTCTTATCT-1",-0.232854613294293,FALSE,-1.24353817467913,FALSE,-0.348817632408115,FALSE
"AGTGTATGCGCTGCCT-1",0.677549478481387,FALSE,0.994567808991924,FALSE,0.361893593645089,FALSE
"AGTGTCATGGTTGTGG-1",0.0173709046544508,FALSE,0.10855758234365,FALSE,0.331745298873,FALSE
"AGTGTCGTGGCATGTT-1",-0.745273060330177,FALSE,-0.635763065974297,FALSE,-0.566065467500648,FALSE
"AGTGTCTGAACTGTGG-1",-0.392677424033117,FALSE,-0.407136147364122,FALSE,-1.44907014002403,FALSE
"AGTGTCTTAAGCTTGT-1",-0.115541691361003,FALSE,0.123908757101691,FALSE,0.0517343735398239,FALSE
"AGTTAACGAGCCACTC-1",-1.22313006602881,FALSE,-1.04726408537487,FALSE,-1.27708188918694,FALSE
"AGTTAAGACTGGCTCC-1",-1.70512583388803,FALSE,-1.38818366024504,FALSE,-0.770524836656303,FALSE
"AGTTAAGGTAGATACT-1",-1.98579811641433,FALSE,-2.3520357716293,FALSE,-1.10613155764102,FALSE
"AGTTACCTCACCAGCA-1",-1.55299844921523,FALSE,-1.41958029667437,FALSE,-0.738328931679544,FALSE
"AGTTAGAAGGACGAAT-1",0.398896041399746,FALSE,0.519620616326522,FALSE,1.27787122857244,FALSE
"AGTTATCCTGAACGAA-1",-0.124786114396894,FALSE,-0.63312952966519,FALSE,-0.288137932161171,FALSE
"AGTTCAGTTCATACAT-1",1.01840268219163,FALSE,1.02408345775001,FALSE,0.300816496373296,FALSE
"AGTTCGTCTAGTGCAG-1",0.533533167079167,FALSE,0.729014370720915,FALSE,0.444014666731965,FALSE
"AGTTCGTGCAGACCTT-1",-1.93443096193117,FALSE,-1.53909303292292,FALSE,-1.84912866635638,FALSE
"AGTTCGTGCATGTCGA-1",-1.04837104734624,FALSE,-1.03927542403094,FALSE,-0.321070257444264,FALSE
"AGTTGGAAGAGTATTG-1",0.410152874339071,FALSE,0.473468241676944,FALSE,1.09673199164369,FALSE
"AGTTGGACGTTGGTAT-1",0.367263356315113,FALSE,0.474300553011107,FALSE,0.501652884923855,FALSE
"AGTTGGCAACGTTGTC-1",0.0563427926764193,FALSE,0.0508860610355032,FALSE,0.946626858775316,FALSE
"AGTTGGCACCAGTTAC-1",0.613962232541637,FALSE,0.634719039825954,FALSE,0.817286479296608,FALSE
"AGTTGTACTTAATGGA-1",1.00765170296036,FALSE,0.727682948161072,FALSE,0.711017790481895,FALSE
"AGTTGTCCACAGACCA-1",0.305361698776418,FALSE,0.143617589395363,FALSE,0.387345069030178,FALSE
"AGTTGTGAACCTGATG-1",-0.763908372475088,FALSE,-0.849168570190152,FALSE,-0.652555764236477,FALSE
"ATAACCTAGAACCTGC-1",-0.537541142303296,FALSE,-0.44279765509543,FALSE,-0.447813742217102,FALSE
"ATAACGAAGAGCACGC-1",-0.686480272713194,FALSE,-0.18814714084417,FALSE,-1.02564756773358,FALSE
"ATAACGCCTGTAGGCA-1",0.578121485217231,FALSE,0.430545373644328,FALSE,-0.238512044447633,FALSE
"ATAACGGCAAGACTCC-1",0.0985139715726301,FALSE,0.0557526209699651,FALSE,-0.0754322483636766,FALSE
"ATAACGGCGTTACACT-1",-0.339071618576999,FALSE,-0.348099593608411,FALSE,-0.826832268738436,FALSE
"ATAACTGAACTCCTGG-1",0.225850151011828,FALSE,0.0976019929548089,FALSE,-0.153455836462144,FALSE
"ATAAGAATCATGCATC-1",-0.714739791002279,FALSE,-0.544798223124304,FALSE,-1.12225471157928,FALSE
"ATAAGACCAATCGCGG-1",-0.365434884981737,FALSE,-0.259352467389884,FALSE,-0.571743963814654,FALSE
"ATAAGGAATAGAACAT-1",-0.497557146329866,FALSE,-1.03781816886403,FALSE,0.28862152991135,FALSE
"ATAAGGAGCCGTGATG-1",0.743225215582079,FALSE,1.04141877077952,FALSE,1.71257189936514,FALSE
"ATAAGGCGGACAAGTT-1",0.430214331654331,FALSE,0.138902341877115,FALSE,-0.290666100024775,FALSE
"ATAAGGTTAGCTCACG-1",0.100202429918096,FALSE,0.083798688569194,FALSE,0.401643855406545,FALSE
"ATAAGTACCACGAGTT-1",-0.170422452273908,FALSE,0.150604802870807,FALSE,0.335569671696557,FALSE
"ATAATCCGTTCCGTTC-1",0.500967484365603,FALSE,0.50302175164324,FALSE,0.569391666024255,FALSE
"ATAATCGTAGTTATTC-1",1.32900206554613,FALSE,1.67814225430049,FALSE,1.29065631400253,FALSE
"ATAATTAGTTCTACGG-1",-0.142290807347639,FALSE,-0.35458889724594,FALSE,-1.61163487065139,FALSE
"ATAATTATCGACCACG-1",-0.394571910141949,FALSE,-0.324578400915955,FALSE,0.0287244929633281,FALSE
"ATACAAGGTCAGTAGA-1",0.195487290364014,FALSE,0.500681680951492,FALSE,0.671709463808997,FALSE
"ATACAATTGCGGTATT-1",0.257316274163261,FALSE,0.638553820882356,FALSE,0.515593040333059,FALSE
"ATACATCAAGGATTGC-1",-0.753706659184349,FALSE,-0.803137367867309,FALSE,0.217537126252635,FALSE
"ATACATCACGCCTTCT-1",0.587795191631657,FALSE,0.467556742258644,FALSE,0.454712310178104,FALSE
"ATACATCACTGTCCGG-1",0.0901276292205516,FALSE,0.0933305584573648,FALSE,-0.261218302330406,FALSE
"ATACATCATGCACCAA-1",0.984737069270897,FALSE,0.948519088910181,FALSE,1.59937750984225,FALSE
"ATACGCTGAGATCAGA-1",-1.12844680625018,FALSE,-0.504502738007936,FALSE,-0.549165963414283,FALSE
"ATACGGCGACTGGTCT-1",0.801723515074419,FALSE,0.51103978005654,FALSE,0.801123085476883,FALSE
"ATACGGTCCTTGTCTT-1",-0.030990604752142,FALSE,-0.465825466076764,FALSE,0.231350204549595,FALSE
"ATACTAGCCACTTCGC-1",1.07958253237297,FALSE,1.2039005729915,FALSE,0.770582970912088,FALSE
"ATACTAGCCATTAGTT-1",-0.202370061504679,FALSE,-0.0293979907569016,FALSE,-0.614542055011394,FALSE
"ATACTAGTAACTGAGT-1",0.0383591424406715,FALSE,-0.0252113424292442,FALSE,0.406480500424324,FALSE
"ATACTATCAACTTGTA-1",0.828547590999293,FALSE,1.17114792783576,FALSE,-0.48030179570302,FALSE
"ATACTATGAATGTCTT-1",-0.236877937898078,FALSE,-0.268331693919442,FALSE,0.627292599346019,FALSE
"ATACTATGCCAGTGAG-1",0.300516371479517,FALSE,0.325313686055163,FALSE,0.419247659642917,FALSE
"ATACTATGGTTACATT-1",0.421318273585512,FALSE,0.564349082895277,FALSE,-0.743731584354723,FALSE
"ATACTGACTTCGGCAC-1",-1.05736984234412,FALSE,-0.936127067269014,FALSE,-1.04101480967044,FALSE
"ATACTGGACCACAGCC-1",-0.659383169571677,FALSE,-0.678135640737682,FALSE,-0.774205367424137,FALSE
"ATACTGGAGGATAACG-1",0.482096243128195,FALSE,0.00163843664015243,FALSE,-0.10182964648544,FALSE
"ATACTGTCCACTACCG-1",-1.05272490344717,FALSE,0.0547167972077945,FALSE,-0.817614083012163,FALSE
"ATAGAACCTCTACCGA-1",1.33354164475892,FALSE,1.27292655589397,FALSE,0.94963376475101,FALSE
"ATAGAACGTTCGATCT-1",-0.924492623961144,FALSE,-0.687929147460263,FALSE,-0.259988275766547,FALSE
"ATAGAATTCTACTTGA-1",-1.30955793868097,FALSE,-0.674489750196082,FALSE,0.495851280302066,FALSE
"ATAGAATTCTAGGCCG-1",-1.41311256409952,FALSE,-1.70611673437802,FALSE,-0.751441188366103,FALSE
"ATAGACATGGCTATGG-1",-0.0850548518863217,FALSE,0.255063768615307,FALSE,-0.156524506772553,FALSE
"ATAGATCGGCATCCGA-1",0.944140543586327,FALSE,0.781204795180157,FALSE,0.587892267673934,FALSE
"ATAGATGCCTAAGCAC-1",-0.0636347493112295,FALSE,-0.226176203658566,FALSE,0.542591002962509,FALSE
"ATAGATTGAGTTCGAG-1",0.132094804658345,FALSE,-0.0664570783281433,FALSE,-0.647399800681341,FALSE
"ATAGCACCTGCTGTCT-1",0.518638579253749,FALSE,0.635640463113709,FALSE,1.30231494731663,FALSE
"ATAGCTATTCGCACTC-1",1.14008616239887,FALSE,1.52323520422901,FALSE,0.777311223999034,FALSE
"ATAGCTTCACAACCGT-1",-0.970008893243657,FALSE,-1.58677470721097,FALSE,-1.00350853618877,FALSE
"ATAGCTTCGTGGAACG-1",-0.954361964486064,FALSE,-0.231253628638657,FALSE,-0.256209352702124,FALSE
"ATAGGCCGGTAATTCT-1",0.525994597098429,FALSE,0.543301267595905,FALSE,0.944128730430579,FALSE
"ATAGTACTATGGTTCT-1",-1.96490027370802,FALSE,-0.993204687101923,FALSE,0.335234821103043,FALSE
"ATAGTCCGCCGTTGGC-1",-0.52701248045628,FALSE,-0.875642331801623,FALSE,-0.890725548810701,FALSE
"ATAGTCGAAGGAAGCT-1",-0.335466018959715,FALSE,-0.425508781871538,FALSE,-0.378466224993077,FALSE
"ATAGTCGAGTTGTCTG-1",0.472305680018782,FALSE,0.128521680613434,FALSE,-0.0756175642897324,FALSE
"ATAGTCGCTAAGGTAT-1",-0.984335292497293,FALSE,-0.886729943216412,FALSE,-0.722423947986624,FALSE
"ATAGTGACGAATAGAT-1",-0.3034137345314,FALSE,-0.407665739821578,FALSE,-0.447096254215052,FALSE
"ATAGTGAGTGAGGATT-1",-0.191388484062189,FALSE,0.163711104416525,FALSE,0.219617350439237,FALSE
"ATAGTGTCAGATGTAG-1",-0.239028919099169,FALSE,-0.179810178474269,FALSE,0.895670063388348,FALSE
"ATAGTTAAGCCTGCCG-1",-0.20136586688189,FALSE,0.0391161767355094,FALSE,0.166526977577728,FALSE
"ATAGTTAAGGCACGAG-1",0.793658491249586,FALSE,0.71344944695831,FALSE,-0.100716815819535,FALSE
"ATAGTTAGTCCTTAAT-1",-0.334516472567498,FALSE,-0.0826146675655743,FALSE,-0.462149513168594,FALSE
"ATAGTTCATCGGATCT-1",0.163530019663029,FALSE,0.297883895278008,FALSE,0.418219025497688,FALSE
"ATAGTTCGCAGCCGTG-1",-0.498988652912134,FALSE,-0.97874327881714,FALSE,-0.321727031479752,FALSE
"ATAGTTCGGTTCCAGA-1",-0.490384953704254,FALSE,-1.45578590335163,FALSE,0.206351866298505,FALSE
"ATCAACATAAGCGTAG-1",0.703019954307853,FALSE,1.1074344799031,FALSE,0.610352086777656,FALSE
"ATCAAGGAGCTTACAT-1",-0.176403416251234,FALSE,-0.451640713787685,FALSE,-0.160182562627112,FALSE
"ATCAAGTGGTGATGGC-1",-1.22837391507176,FALSE,-1.05267186446787,FALSE,-0.849767459215329,FALSE
"ATCACCAGTTCGGCGA-1",-0.148244821963824,FALSE,-0.121377426572871,FALSE,0.610281041949046,FALSE
"ATCACGTTCAATGATA-1",0.734174379762371,FALSE,1.24280981749093,FALSE,-0.0875981013217318,FALSE
"ATCACTTAGGCCTTGT-1",0.672149517104756,FALSE,0.753882814542079,FALSE,0.584853724230597,FALSE
"ATCAGATACCAGCTGT-1",-0.696201182189192,FALSE,-0.190240698773254,FALSE,-0.794191604574559,FALSE
"ATCAGTAAGCTCGCCG-1",-1.17451746579001,FALSE,-0.579483800946673,FALSE,0.161577800659116,FALSE
"ATCATTCACCAGATTG-1",-0.46249260211168,FALSE,0.23120396076309,FALSE,-0.0413047548950945,FALSE
"ATCATTCCAACTTCGC-1",-1.20956659666599,FALSE,-1.3131922770951,FALSE,-0.585459463163291,FALSE
"ATCATTCCACTTAGCA-1",-2.63738554714989,FALSE,-2.11927257179444,FALSE,-0.62055842510915,FALSE
"ATCATTGTCCATGCCA-1",-0.364360606925157,FALSE,-0.610498868289602,FALSE,-0.603981534989169,FALSE
"ATCCAACGCATGGTAC-1",0.565424396000306,FALSE,1.53136152884518,FALSE,1.02061375032362,FALSE
"ATCCAACGCCACATCG-1",1.19185225433263,FALSE,1.83156421705965,FALSE,-0.583744719195159,FALSE
"ATCCACATCACTGCCG-1",0.440765205097329,FALSE,-0.0139790621802297,FALSE,-0.938275677181348,FALSE
"ATCCACATGTTGGACC-1",0.730561099609022,FALSE,-0.109980494299488,FALSE,-0.698030358666132,FALSE
"ATCCACGAACGTTCGG-1",-0.428215305629717,FALSE,-0.795432739886413,FALSE,-0.0932521413825186,FALSE
"ATCCACGACACGAATG-1",0.544894335704769,FALSE,-0.202752429918662,FALSE,0.861737069631499,FALSE
"ATCCACTCGTACTCGG-1",0.619010735511914,FALSE,0.321631686436095,FALSE,1.1046366928033,FALSE
"ATCCGAACGCAACCTT-1",-0.155877849009767,FALSE,-0.0536366589293142,FALSE,0.184558246498861,FALSE
"ATCCGAGTACAGGAAT-1",-0.265808390762774,FALSE,-0.392834689674641,FALSE,-0.831939332248457,FALSE
"ATCCGAGTACCACGTG-1",-2.4415603321154,FALSE,-1.04795038821505,FALSE,-0.448813974052928,FALSE
"ATCCGAGTCACTTGTA-1",-1.12883012988663,FALSE,-0.826453549567921,FALSE,-0.381541545357223,FALSE
"ATCCGATGACCTCGGA-1",-0.325720806353138,FALSE,-0.307371161123662,FALSE,0.132971668984493,FALSE
"ATCCGATGTCTGTCAC-1",0.387229475931005,FALSE,0.302987495009075,FALSE,0.652414172743905,FALSE
"ATCCGATTATCTACGT-1",-3.56861729595233,TRUE,-3.71549909341191,TRUE,-0.915087250863994,FALSE
"ATCCGGATCGCCGTAT-1",-1.43289311802503,FALSE,-1.21114898622166,FALSE,0.327934061303343,FALSE
"ATCCGGATGACGTAAC-1",-0.0628268859920689,FALSE,0.218670192985944,FALSE,2.12549636657093,FALSE
"ATCCGGCGTAGTCTGA-1",1.20735387458422,FALSE,1.41085305610572,FALSE,0.722756360645583,FALSE
"ATCCGGTACCGTCCTT-1",-0.358769582360927,FALSE,-0.250230548546027,FALSE,-0.725611270699912,FALSE
"ATCCGGTATCACAAGT-1",0.163742971886063,FALSE,0.269795900078433,FALSE,0.197623943727624,FALSE
"ATCCGTAGCTTCAGTA-1",-0.70325976153893,FALSE,-0.323355053224151,FALSE,0.0493621878769502,FALSE
"ATCCGTAGTGTCGCTC-1",-0.345540260224768,FALSE,-0.427554254121097,FALSE,-0.659328478131797,FALSE
"ATCCGTGGAACTTCAA-1",-0.497755867994474,FALSE,-0.553538778260448,FALSE,-0.225319964098265,FALSE
"ATCCGTTATCGAAGGC-1",-0.939582030758747,FALSE,-0.459960098211651,FALSE,-0.856585022455556,FALSE
"ATCCTCCAGCCATTGT-1",0.336237882466859,FALSE,0.439634210991184,FALSE,-0.377657714032017,FALSE
"ATCCTCGTTCCAGGCC-1",-0.28299547828722,FALSE,-0.575169281485889,FALSE,-0.126028782498921,FALSE
"ATCGAACTCGTCCGGC-1",-0.908053254531317,FALSE,-0.774342578544117,FALSE,-0.559077661088284,FALSE
"ATCGACAGCGGCAACA-1",-0.322314463894364,FALSE,-0.250372391666627,FALSE,0.299841681751447,FALSE
"ATCGACCGGAGTATCG-1",-0.436149314484224,FALSE,-0.650083871077145,FALSE,1.63325395677973,FALSE
"ATCGACTAAGTACTGC-1",0.0757933511893175,FALSE,0.0984607679034995,FALSE,-0.192400271843452,FALSE
"ATCGATGTCAGATAGA-1",-0.594308243694666,FALSE,-0.352055485163542,FALSE,0.271963015813781,FALSE
"ATCGCAATGCACTAAC-1",-0.384383657552398,FALSE,-0.741537893921678,FALSE,-0.837466730392268,FALSE
"ATCGCAGTAACTTATT-1",0.141004586031153,FALSE,-0.619730238860881,FALSE,-0.767439511309052,FALSE
"ATCGCAGTAATATCAG-1",-0.936235775681913,FALSE,-0.746446882929083,FALSE,-0.0141575032777502,FALSE
"ATCGCAGTCTATGGCA-1",0.456330207820605,FALSE,0.312004094425422,FALSE,0.124938190066772,FALSE
"ATCGCATCACGCATCT-1",-0.38059163038342,FALSE,-0.210261253125924,FALSE,-0.0184769440962854,FALSE
"ATCGGCTCTATGCCTC-1",-1.3929903266949,FALSE,-0.833467117352752,FALSE,-0.933960680507596,FALSE
"ATCGTAACTACCTCTT-1",0.74525085817208,FALSE,0.89443206004263,FALSE,0.614605398936258,FALSE
"ATCGTAATCCACATGC-1",-1.07680548155494,FALSE,-0.58884025810769,FALSE,-0.0241356674487877,FALSE
"ATCGTACAACTGGCTA-1",0.88179704208943,FALSE,0.834707888100559,FALSE,1.34869837848003,FALSE
"ATCGTACACCTATGCC-1",-0.00329768482195723,FALSE,-0.408909411056375,FALSE,-0.401301428448482,FALSE
"ATCGTAGCATGTAGAT-1",-1.40845280622225,FALSE,-1.41270715265207,FALSE,-0.153173381368431,FALSE
"ATCGTATTACTCGGAG-1",-0.939489953681009,FALSE,-0.939221222116046,FALSE,-0.669129402751544,FALSE
"ATCGTATTGGAATCCT-1",0.22394414144192,FALSE,0.236553857936789,FALSE,-0.338010731159127,FALSE
"ATCGTCACCATGTCAC-1",0.685607899682577,FALSE,0.694794239383546,FALSE,0.586012229296383,FALSE
"ATCGTCAGTTAGTCCA-1",-0.343594368904426,FALSE,0.0780759839455271,FALSE,0.103273006527716,FALSE
"ATCGTCCTAGTACGAA-1",-1.34786147281646,FALSE,-1.15719375009626,FALSE,-0.42479217241284,FALSE
"ATCGTCTATGATGCCG-1",0.740098548481125,FALSE,0.118562651401655,FALSE,-0.414053443324242,FALSE
"ATCGTCTTAACGAAGG-1",1.33477909464755,FALSE,1.11924865904472,FALSE,0.90338731183889,FALSE
"ATCTACAGGAGTGCAC-1",0.0457325425806762,FALSE,0.241644699406799,FALSE,0.856673898009853,FALSE
"ATCTACCATATTCCAG-1",-0.341915034800634,FALSE,-0.294555650402086,FALSE,0.0169884195254289,FALSE
"ATCTACGACAGCTCTT-1",0.0994400282034271,FALSE,-0.305873258809851,FALSE,0.0736696606272808,FALSE
"ATCTACTCACATCTCC-1",-0.449918878652394,FALSE,0.271128478612255,FALSE,0.137974359786016,FALSE
"ATCTCCTTGCGATACA-1",-2.81170032551872,FALSE,-1.60857996781145,FALSE,3.65885002805421,TRUE
"ATCTGAAGTATGCACG-1",0.170937297153695,FALSE,0.109041421377295,FALSE,-0.622053977703662,FALSE
"ATCTGAGGAACGGTTG-1",0.578330247333881,FALSE,0.744979457696082,FALSE,1.17037442328846,FALSE
"ATCTGATACTTCATTA-1",0.195235678306685,FALSE,0.364353114377039,FALSE,1.80560877202187,FALSE
"ATCTGCCGTCTACAGC-1",0.0857310912115353,FALSE,-0.522492060011049,FALSE,-1.25776107864565,FALSE
"ATCTGGATCCTCAGAC-1",0.803574407632673,FALSE,1.33969753135277,FALSE,0.311258625390174,FALSE
"ATCTGTACGCGTCTCC-1",0.225871672518697,FALSE,0.791115006628238,FALSE,3.88443089557762,TRUE
"ATCTTAAGCTCCTTGA-1",-2.08060510210065,FALSE,-1.8002175136173,FALSE,-0.383751857917204,FALSE
"ATCTTAGACGCCTACT-1",0.0368840952041852,FALSE,0.194054018294119,FALSE,-0.228682284577417,FALSE
"ATCTTAGACTTGATCT-1",0.548704725101043,FALSE,0.448724989735439,FALSE,1.83723954447157,FALSE
"ATCTTAGATAGGTTCA-1",-0.71479810525506,FALSE,-1.12607945419002,FALSE,-0.702744608207403,FALSE
"ATCTTAGTGGCATGGA-1",-2.26130414762032,FALSE,-2.48784522405658,FALSE,0.906537527813375,FALSE
"ATCTTCGGACATACTA-1",-0.993102597827954,FALSE,-0.966456378174478,FALSE,1.93200731687722,FALSE
"ATCTTGGCTTCGTCCT-1",-0.037331293019127,FALSE,-0.322193292073338,FALSE,-0.609075488766319,FALSE
"ATGAACAATCGATGCG-1",-0.340418107012003,FALSE,0.0647415990589607,FALSE,-1.5631216467154,FALSE
"ATGAAGCTGAATCCAG-1",-0.272448727100044,FALSE,-0.100524914692685,FALSE,0.151228548358791,FALSE
"ATGAATGTATCGTGGT-1",0.981281811454725,FALSE,0.833682117777906,FALSE,-0.227858501079013,FALSE
"ATGACACTAATCGCAC-1",-0.532829553214659,FALSE,-0.17199681451541,FALSE,0.756991401558233,FALSE
"ATGACCAGACGGCCGG-1",-0.162499370672199,FALSE,-0.161811494539084,FALSE,0.412566985176588,FALSE
"ATGACCTCACTTAACC-1",0.174810749815966,FALSE,0.933952558141881,FALSE,1.15858348463737,FALSE
"ATGACGAGATCATTAA-1",0.327562571730494,FALSE,0.149886611154685,FALSE,0.0866057981571169,FALSE
"ATGAGCTACATGGAAG-1",-0.686441297982557,FALSE,-0.55921332016257,FALSE,0.243970537351368,FALSE
"ATGAGCTACTGGACAT-1",-0.564597516294556,FALSE,-0.465370839693521,FALSE,1.31729479235614,FALSE
"ATGAGCTATTCGAAGA-1",-1.00256098437807,FALSE,-2.57909400382354,FALSE,1.34050415622081,FALSE
"ATGAGGAACGACCAGC-1",0.119681896903994,FALSE,0.0071754228744264,FALSE,0.535958390467482,FALSE
"ATGAGTACGCTTCCTA-1",-1.56267058599855,FALSE,-3.15328681534247,TRUE,-1.03568947217371,FALSE
"ATGAGTATCAGATCTG-1",0.408755215491986,FALSE,1.04633359218693,FALSE,3.34578574305942,TRUE
"ATGAGTCCTGAAGTGG-1",-1.08868248468122,FALSE,-1.00573481990347,FALSE,-0.955176692347164,FALSE
"ATGAGTCTAGATACTC-1",-1.94144406645237,FALSE,-1.48771948065402,FALSE,-0.92659022585355,FALSE
"ATGAGTCTTAGGAAGG-1",-0.271499440001426,FALSE,-0.183310803189179,FALSE,-0.652901322512778,FALSE
"ATGAGTTACAGATAGA-1",-0.226964371262029,FALSE,-0.0643597089881757,FALSE,0.166941641941378,FALSE
"ATGATAATTCCTTGCG-1",-0.727401982713775,FALSE,-0.601175646913899,FALSE,-3.54469892783678,FALSE
"ATGATATCTAGTCTTA-1",-1.30048956982307,FALSE,-1.07075940622747,FALSE,-0.608133185450002,FALSE
"ATGATTGATTCCGAAT-1",-0.12696927443874,FALSE,-0.0807147039683495,FALSE,-0.966895166744907,FALSE
"ATGCATCCTGACTCAC-1",-0.0967030355169684,FALSE,-0.0774150504842468,FALSE,-0.147845416605685,FALSE
"ATGCATGCCTGCGATG-1",-0.560675537349889,FALSE,-0.981784870227612,FALSE,-0.933743126236426,FALSE
"ATGCATGGTTCCGCCT-1",-1.69908280475342,FALSE,-1.30150328011137,FALSE,-0.322954274027682,FALSE
"ATGCATGGTTGCTGTA-1",0.744659148587481,FALSE,0.821301078517084,FALSE,0.252451152818006,FALSE
"ATGCATGTATGTGAGT-1",0.78056094150134,FALSE,0.817693518815207,FALSE,0.618198403635723,FALSE
"ATGCATGTCACTCGTG-1",-2.59936371964926,FALSE,-3.02447078940521,TRUE,-1.8773894441441,FALSE
"ATGCATGTCGATGTGG-1",0.348835698631606,FALSE,0.604100463187508,FALSE,-0.359137982956732,FALSE
"ATGCATTAGATATCCA-1",-1.41662871868225,FALSE,-0.929994695695721,FALSE,-0.821767847418992,FALSE
"ATGCCAGCTGCCATCT-1",0.323384041971585,FALSE,0.0188815171127986,FALSE,0.872660905642172,FALSE
"ATGCCGTCGATAAGAC-1",-2.40465801304706,FALSE,-2.05510116527998,FALSE,-0.246531287260339,FALSE
"ATGCCGTTGTGAAGCG-1",-0.762930869124966,FALSE,-0.497389089530071,FALSE,-0.271205264140497,FALSE
"ATGCCTTCGTAAGTTA-1",-0.543355606499937,FALSE,-0.407178158589826,FALSE,1.06628377604613,FALSE
"ATGCTACTGAATAGTA-1",0.80086859553002,FALSE,0.80696608972773,FALSE,0.684041339902397,FALSE
"ATGCTCCAACCTGGCC-1",-0.84888435391932,FALSE,-1.10317419784257,FALSE,0.939698663417207,FALSE
"ATGCTCCGTTCTACTG-1",0.749315591012886,FALSE,0.772765919984102,FALSE,0.848768009671787,FALSE
"ATGCTCGCCTCCAATT-1",1.16101202075615,FALSE,1.35370033853877,FALSE,1.34429137997327,FALSE
"ATGCTGAATGCAATAG-1",-0.441086915119784,FALSE,-0.603389691058603,FALSE,-2.06437164148951,FALSE
"ATGCTGACAGTTACAT-1",0.307889167226252,FALSE,0.965783985378088,FALSE,1.86168622297393,FALSE
"ATGCTGACGACTCGCT-1",-0.266180501116871,FALSE,-0.613246734137115,FALSE,-0.834698137297084,FALSE
"ATGCTGCCGGCATACT-1",0.101793044072276,FALSE,0.0392362458562818,FALSE,-0.222921791745719,FALSE
"ATGCTGCCTACTGCAT-1",0.414391222964285,FALSE,0.42804664099978,FALSE,1.16678715122908,FALSE
"ATGCTGCGCTGTTGCA-1",-0.0226794029750375,FALSE,0.0284115311792789,FALSE,0.494996918633093,FALSE
"ATGCTGCGGAACTACC-1",0.85908248512582,FALSE,0.989351115884961,FALSE,2.53324245045936,FALSE
"ATGCTGCGGATGGTTG-1",0.515225326653653,FALSE,0.535789111286949,FALSE,1.28008900955158,FALSE
"ATGCTGGCTTACTACA-1",-0.575335939560263,FALSE,-0.741509796916678,FALSE,-0.00301808977955123,FALSE
"ATGCTTACTCTAGGAA-1",-0.306805006662054,FALSE,-0.348518216531913,FALSE,-0.283294614707085,FALSE
"ATGCTTGGACGAACTT-1",0.299574609685636,FALSE,0.393552724779589,FALSE,0.467230445155546,FALSE
"ATGGAACGATAGTGAT-1",0.277710675810397,FALSE,0.535273874603734,FALSE,2.42871353118955,FALSE
"ATGGAGCGGACCGATT-1",0.303489645120133,FALSE,0.365247157145893,FALSE,0.467551327092477,FALSE
"ATGGAGGCCACGGCTT-1",-0.279199167954372,FALSE,-0.205123708890973,FALSE,-0.634294849770399,FALSE
"ATGGAGGCCGCTATCC-1",0.719079765025804,FALSE,0.363984355486073,FALSE,-0.235490439939391,FALSE
"ATGGAGGTTCACCGGT-1",0.666548894547955,FALSE,1.16028296313493,FALSE,0.291715701054417,FALSE
"ATGGAGTAATCGGACC-1",1.7434158019735,FALSE,1.32603498103065,FALSE,1.08896912018719,FALSE
"ATGGCATTATGGCTCG-1",0.439829073147679,FALSE,0.499309773409044,FALSE,0.307217321437937,FALSE
"ATGGTAACGGACCGGA-1",0.434882224999343,FALSE,0.411481168358616,FALSE,0.137339396923069,FALSE
"ATGTAAGAGCCACCTC-1",-1.20002327703733,FALSE,-0.929560485654535,FALSE,0.123401343764092,FALSE
"ATGTAATTGTCGTTCG-1",0.295567014117225,FALSE,0.26496504565489,FALSE,0.294769181191754,FALSE
"ATGTACAGTGCCTATG-1",1.42927484801866,FALSE,1.5084801677492,FALSE,0.100584003438425,FALSE
"ATGTACATCGTGGTTA-1",-0.219671099397138,FALSE,-0.0398238199307817,FALSE,0.138679199848535,FALSE
"ATGTACATGAACTCCG-1",0.361932635382987,FALSE,0.516748535338618,FALSE,0.543607415626762,FALSE
"ATGTACCATTATTGTC-1",-0.760937398816001,FALSE,-0.583048273410299,FALSE,-1.34418850178617,FALSE
"ATGTACCTTCACATTA-1",-0.19267028837329,FALSE,-0.147466082030448,FALSE,-0.234843075520938,FALSE
"ATGTACGGTGGCGTAT-1",-0.535163784812455,FALSE,-0.395965159232759,FALSE,-0.758135546820537,FALSE
"ATGTACTACCGACTTC-1",-1.16239759606649,FALSE,-0.992755476479081,FALSE,-0.623633298404628,FALSE
"ATGTACTAGAGGAATT-1",0.0806229557199235,FALSE,0.106635268989869,FALSE,0.636085667381518,FALSE
"ATGTACTCTGCAGCAC-1",-0.977462910208712,FALSE,-0.908375119836133,FALSE,-0.927458672330541,FALSE
"ATGTACTGGTCGAAGC-1",-1.39635171287453,FALSE,-1.00375923973437,FALSE,-0.673801371221832,FALSE
"ATGTAGAAGCGAATAG-1",-0.721118660268016,FALSE,-0.772336425756442,FALSE,-0.0137854750034077,FALSE
"ATGTAGCCGACCAAGG-1",0.508229427301157,FALSE,0.57878512347907,FALSE,1.41913292220492,FALSE
"ATGTAGGTAACCGTAC-1",-0.0398131675836372,FALSE,0.129622611210867,FALSE,0.541196094704089,FALSE
"ATGTAGGTGGTCTAAC-1",-2.02163321064715,FALSE,-1.35960138622202,FALSE,-0.760345165701481,FALSE
"ATGTAGGTTGGCGAGG-1",-0.643315374663366,FALSE,-0.489559533387001,FALSE,0.354373442155975,FALSE
"ATGTAGTCCAGAACAT-1",0.218985233739883,FALSE,-0.346291143206894,FALSE,-0.425883121116842,FALSE
"ATGTATCCAAGGTGGC-1",0.829860697530776,FALSE,0.409820942209535,FALSE,0.101881278465982,FALSE
"ATGTATCCATAAGTTG-1",-0.908163879404466,FALSE,-1.00494796372094,FALSE,-0.845240746490239,FALSE
"ATGTATCGGAATACGG-1",0.316470317059495,FALSE,0.364992097514589,FALSE,1.07168968411036,FALSE
"ATGTATGAGTACCGGA-1",-0.205012500412874,FALSE,-0.105736045306329,FALSE,-0.501100737536923,FALSE
"ATGTATGTACTATCTT-1",-1.17006180167666,FALSE,-1.14066398471564,FALSE,-0.446149941695046,FALSE
"ATGTCATACTTAGACC-1",0.409439008335718,FALSE,0.281425033702503,FALSE,-0.213110267529872,FALSE
"ATGTCATCAGGTTATG-1",-1.23203178237338,FALSE,-1.00019079093869,FALSE,-0.622624115663446,FALSE
"ATGTCGCATGCCATAC-1",1.19620881313506,FALSE,1.50428964023995,FALSE,0.182014400310527,FALSE
"ATGTCGCATTGATTGC-1",-0.450158793450769,FALSE,-0.42855335148513,FALSE,-0.41136901968,FALSE
"ATGTCGGACTGAAGTA-1",-0.117426776918862,FALSE,-0.282213284600871,FALSE,0.00466207271500869,FALSE
"ATGTCGGATAAGCCGA-1",-4.00859336079905,TRUE,-3.65895767141768,TRUE,-0.794580708350851,FALSE
"ATGTCGGCTGTCGTAA-1",0.502029914333712,FALSE,0.334950692274245,FALSE,0.648312441916412,FALSE
"ATGTCGTTACCAGACG-1",-0.401269671561453,FALSE,-0.316993981877582,FALSE,-0.0959194812742923,FALSE
"ATGTCTAACTGGCGAA-1",0.619195128916691,FALSE,0.402658751733437,FALSE,1.10615385306825,FALSE
"ATGTCTGCGTTGCAGC-1",0.146109012081492,FALSE,0.238586707437209,FALSE,0.0247574910977233,FALSE
"ATGTGAATCCATACGA-1",-0.266857194536759,FALSE,-0.300944211459016,FALSE,-0.428723983901259,FALSE
"ATGTGAATTGCTGACC-1",0.811545196519994,FALSE,0.841391550627255,FALSE,0.771172802698084,FALSE
"ATGTGACATAGAGTCC-1",0.235538650499018,FALSE,-0.0953754580643493,FALSE,0.788735559573528,FALSE
"ATGTGATCCGTCTAAC-1",0.99187461519826,FALSE,0.982827921714291,FALSE,0.509862454568532,FALSE
"ATGTGCGTCTGAACAG-1",-0.330609774827442,FALSE,-0.389655802968851,FALSE,-0.438738291994759,FALSE
"ATGTGCTAACATCGAA-1",-1.57645944590581,FALSE,-1.10999594544804,FALSE,-0.912366047890979,FALSE
"ATGTGCTTGTGCTACC-1",-0.356931526426575,FALSE,-0.709581795347829,FALSE,-0.145729450319701,FALSE
"ATGTTAAGATTACTGA-1",-1.49395130176291,FALSE,-1.23947182543217,FALSE,-0.554165722838854,FALSE
"ATGTTACTGGAGGCGG-1",1.1457107611447,FALSE,1.05204951014836,FALSE,1.79980355056618,FALSE
"ATGTTAGACTATCTCA-1",-1.07121897536143,FALSE,-0.892854908939009,FALSE,-0.656060477679868,FALSE
"ATGTTCTGCCTTATCT-1",-0.20897699110307,FALSE,-0.188788479698649,FALSE,0.00714364028542199,FALSE
"ATTAACGGAGTGAATT-1",0.194501299307196,FALSE,0.0353304154864614,FALSE,-0.00135128983487403,FALSE
"ATTAAGAACAGCTCCG-1",0.530215487240893,FALSE,0.566227701120023,FALSE,0.282895710192813,FALSE
"ATTAAGAATAACGCTT-1",-0.211532095655665,FALSE,0.048690976049658,FALSE,-0.0839745404613809,FALSE
"ATTAAGCGTCCTGCCG-1",-0.202452722089333,FALSE,0.114410490171327,FALSE,-0.459901817605006,FALSE
"ATTAAGTGGCCTAAGG-1",-0.290011715020436,FALSE,0.313439354502885,FALSE,0.0151061551991853,FALSE
"ATTACATGTTATTGAC-1",-0.893183467258853,FALSE,-0.56712199404242,FALSE,-1.34859720374991,FALSE
"ATTACATTGAAGTATG-1",0.915637882004404,FALSE,0.955293143283543,FALSE,1.6320190102612,FALSE
"ATTACCTTCGCAGAAG-1",-2.75032467283326,FALSE,-2.11382542467112,FALSE,0.0269224982308912,FALSE
"ATTACTCAGTTAACGA-1",-0.441820678289454,FALSE,-0.834904441247029,FALSE,-0.671359032511917,FALSE
"ATTACTCCGTGAAGCG-1",-1.29967598374611,FALSE,-1.11589633355225,FALSE,-0.301768834495753,FALSE
"ATTACTGAGTGCCTCC-1",3.29467260701943,FALSE,2.20029108784895,FALSE,0.931277596488402,FALSE
"ATTACTGATATTCGCC-1",0.250286016442625,FALSE,0.170484044936255,FALSE,-0.0125969203560376,FALSE
"ATTACTGTACGCGGTG-1",0.104594341390604,FALSE,-0.643381208258317,FALSE,1.22168948435922,FALSE
"ATTACTGTCGCATATT-1",-0.415263643141837,FALSE,0.0356510866360983,FALSE,-0.145225456187142,FALSE
"ATTAGAACAGTGGTAG-1",0.623145540649187,FALSE,0.392574112418813,FALSE,0.239000236476206,FALSE
"ATTAGATAAGACGGCG-1",0.471515451835824,FALSE,-0.293729407343455,FALSE,-0.382904876326417,FALSE
"ATTAGATTCGTACTCA-1",0.290555776744717,FALSE,0.229014222944471,FALSE,-0.258466544143601,FALSE
"ATTAGCAGGATGTATT-1",-0.463024045809758,FALSE,-0.378457707278552,FALSE,-0.152729570378925,FALSE
"ATTAGCATTCCGATCG-1",-1.7856119477047,FALSE,-1.67239414401931,FALSE,-1.52965107406724,FALSE
"ATTAGCCTCACTTCTA-1",-0.34023474927086,FALSE,0.0190409701466863,FALSE,1.33452786489453,FALSE
"ATTAGCCTCAGTAGAT-1",0.435152140427866,FALSE,0.422717405425919,FALSE,0.68355337791396,FALSE
"ATTAGCGAGCATGCTG-1",-1.03539987529507,FALSE,-0.852058943240818,FALSE,0.342111688944797,FALSE
"ATTAGCTAGATGCGCA-1",0.611289558417185,FALSE,0.701322977147825,FALSE,0.563279671749367,FALSE
"ATTAGTCGTGTTATGC-1",0.711883555603034,FALSE,0.608938316673189,FALSE,0.349451764794698,FALSE
"ATTAGTGAGGTATCGC-1",-0.206333049679959,FALSE,0.00831748186361672,FALSE,0.0128476937814733,FALSE
"ATTAGTGCTTGGTCAT-1",-0.384274186283605,FALSE,-0.784711245959832,FALSE,-0.403833996507192,FALSE
"ATTAGTTCACAGACTC-1",-0.718768514221603,FALSE,-0.559703858162712,FALSE,-1.07992277378538,FALSE
"ATTAGTTGGACGTGAT-1",-0.86218336380625,FALSE,-0.76554989568253,FALSE,-0.5405176941616,FALSE
"ATTATCACAACTCGGC-1",0.546808543390136,FALSE,0.53370962210283,FALSE,1.09893986565901,FALSE
"ATTATCAGTTCGATGC-1",0.88736168662329,FALSE,0.59434204839809,FALSE,0.605757129001812,FALSE
"ATTATCCAGGTGAAGT-1",0.918989252955043,FALSE,1.18681994372481,FALSE,0.203465849017949,FALSE
"ATTATCGAGTGCAGAT-1",-0.325083104066047,FALSE,-0.113295493287941,FALSE,-0.269741425282952,FALSE
"ATTATCTAGATTAACG-1",-0.099421867040423,FALSE,0.0245315950492449,FALSE,-0.475148636166262,FALSE
"ATTATCTTATTGAGAC-1",-0.151905492913375,FALSE,-0.00694157547371611,FALSE,-0.386953889528949,FALSE
"ATTATGCCATCGTTAA-1",-0.194934734194366,FALSE,-0.193144741060647,FALSE,-0.201714121728897,FALSE
"ATTATGTTAAGGTAGT-1",0.342667472907117,FALSE,0.321631686436095,FALSE,0.0955558428060098,FALSE
"ATTCAAGATTAGTTGC-1",0.0487822020775661,FALSE,0.0511395917156865,FALSE,0.121225916189548,FALSE
"ATTCACATAGGATGAG-1",-0.10892331026747,FALSE,0.340721626387711,FALSE,0.17945406023883,FALSE
"ATTCACATCGTCACAG-1",-0.281920730969429,FALSE,-0.440382870880451,FALSE,-0.482122500641723,FALSE
"ATTCACATCTTATTCT-1",1.3376267748758,FALSE,0.841176964666881,FALSE,0.40529309801283,FALSE
"ATTCACCTGACCAGTT-1",-0.360432302076126,FALSE,-0.703191441693787,FALSE,-0.125765385346754,FALSE
"ATTCACGCTGTTATCG-1",0.414427284124676,FALSE,0.221204956550199,FALSE,0.175440747576996,FALSE
"ATTCACGTCGCAGGCT-1",0.831695722950785,FALSE,0.784551588596299,FALSE,0.0680463218048931,FALSE
"ATTCACTCACGTGCAC-1",1.00594279594102,FALSE,0.985365684442835,FALSE,0.961357133103423,FALSE
"ATTCAGCTCCTACTAA-1",-1.60144015034633,FALSE,-1.10077849044475,FALSE,-0.800560590771452,FALSE
"ATTCAGTCACCGCCAT-1",-0.203701895791446,FALSE,0.00584168337944641,FALSE,0.426352353359268,FALSE
"ATTCATAGCGAAGCGT-1",-0.992537692436718,FALSE,-0.91969140567648,FALSE,-0.860558539355896,FALSE
"ATTCATAGTTCTAACT-1",-0.284558917082275,FALSE,-0.0612281908311621,FALSE,-0.454535504278751,FALSE
"ATTCCATTGTGAACGC-1",-0.0631382873563084,FALSE,-0.207922706993779,FALSE,0.209438410538282,FALSE
"ATTCCGCAACGCCGCT-1",-0.469586588850779,FALSE,-0.456945988172963,FALSE,-0.759415431661121,FALSE
"ATTCCGCTCCATCAGC-1",0.346099283647825,FALSE,0.266658738449614,FALSE,0.547934280188689,FALSE
"ATTCCGGACCGGTCTT-1",0.459101274792973,FALSE,0.0467608440261989,FALSE,1.3163602970857,FALSE
"ATTCCGGTTACATACC-1",0.352432383115076,FALSE,-0.284328231932775,FALSE,-1.13108120845552,FALSE
"ATTCCGTAAGGATTCC-1",0.429880658291772,FALSE,0.320513855029947,FALSE,0.28099396936137,FALSE
"ATTCCTGCCTTAACAG-1",0.0913453141948957,FALSE,0.136796077429385,FALSE,0.547039272804957,FALSE
"ATTCCTTCGAAGGTGC-1",-0.0521451628735452,FALSE,-0.176798070884731,FALSE,0.258162213388609,FALSE
"ATTCGCTCGCGGAGGC-1",0.215108972017397,FALSE,0.453559944264508,FALSE,0.86392881821976,FALSE
"ATTCGGAAGCTATTAC-1",-0.811301242453003,FALSE,-0.912500225744417,FALSE,0.072610606277355,FALSE
"ATTCGTGCCGACATGT-1",-1.72553606926569,FALSE,-1.53019889592322,FALSE,-0.863222396542627,FALSE
"ATTCGTTAGAATTCGG-1",0.924466497673156,FALSE,0.352251087338937,FALSE,0.968521370572524,FALSE
"ATTCTAACGCCTGTTA-1",0.487167428335488,FALSE,0.65337976564796,FALSE,2.71138202940033,FALSE
"ATTCTACAGCCAGCAC-1",0.109192379611431,FALSE,0.0510021986129578,FALSE,-0.125032762940692,FALSE
"ATTCTACGTGGCAGAT-1",0.479003004226876,FALSE,0.469521133528721,FALSE,-0.415312692894549,FALSE
"ATTCTACTGGTCGTTC-1",-0.414923726209846,FALSE,-0.314904859524509,FALSE,0.149478867875224,FALSE
"ATTCTAGGACATCAGT-1",0.230536951568358,FALSE,0.452605880648819,FALSE,0.850925325264218,FALSE
"ATTCTAGTCCACAAGA-1",0.771453275583485,FALSE,0.523827098894886,FALSE,-0.852904409954458,FALSE
"ATTCTTGGAGTGATAG-1",-2.04782064805741,FALSE,-1.08288163708477,FALSE,-0.673783555253419,FALSE
"ATTGACCTTCGGCGTC-1",0.0457440398219802,FALSE,0.480753332586569,FALSE,-0.136927212663259,FALSE
"ATTGACGAGCAGCGAC-1",-0.479719478926743,FALSE,-0.416241534556804,FALSE,0.0834454246119117,FALSE
"ATTGACGCATCTCAAC-1",0.104602779348243,FALSE,0.352930683242136,FALSE,-0.082577925455657,FALSE
"ATTGACGCCACCTTCT-1",-0.0324882837742165,FALSE,0.217604758727406,FALSE,-0.842594603327187,FALSE
"ATTGACGCCAGCCAAG-1",1.03951729754957,FALSE,0.745018133500827,FALSE,0.404224742187075,FALSE
"ATTGACTGAATACTAT-1",1.59606012740732,FALSE,1.98747285972039,FALSE,2.83769552474895,FALSE
"ATTGACTTATGTGGTA-1",0.359883369085199,FALSE,0.521125491450801,FALSE,0.443011348556914,FALSE
"ATTGATAACACTAAGA-1",-0.599028053896176,FALSE,-0.172127291909162,FALSE,-1.21194205106108,FALSE
"ATTGCAAGGCAATGGA-1",0.540179142377563,FALSE,-0.149484308133948,FALSE,-0.144422581792285,FALSE
"ATTGCACGACCACTTG-1",0.791618135072606,FALSE,0.494949313093528,FALSE,0.596849811456083,FALSE
"ATTGCACGCATAACAG-1",0.459290253025508,FALSE,0.105376454711612,FALSE,-0.365193080905688,FALSE
"ATTGCAGTTCTTCATT-1",-0.0672922664514106,FALSE,-0.363430947752712,FALSE,-1.06612999856103,FALSE
"ATTGCATATTGTTATC-1",0.376373627353229,FALSE,0.171594948467353,FALSE,-0.609082791930836,FALSE
"ATTGCATCACTGACTG-1",0.648553318586224,FALSE,0.637147757105641,FALSE,0.629394193742975,FALSE
"ATTGCCTTGTCTAAGT-1",-0.890864074426276,FALSE,-0.875703079036089,FALSE,-0.11368725434303,FALSE
"ATTGCGTAGTTAGGAG-1",0.882769062724434,FALSE,0.554726110806141,FALSE,1.38761530437706,FALSE
"ATTGGCACCACGCCAT-1",0.037336734368251,FALSE,0.32060947767168,FALSE,-0.0415378357391421,FALSE
"ATTGGCCTAGGAATCG-1",0.36771263861777,FALSE,0.661712775865348,FALSE,2.21453593534815,FALSE
"ATTGGCCTTCCGTGCA-1",-2.25797194615729,FALSE,-1.40124623380219,FALSE,1.20377846106698,FALSE
"ATTGGCGAATTGCACT-1",-0.828044642332393,FALSE,-0.728079346787003,FALSE,-0.647407396649627,FALSE
"ATTGGCTAACAGACAA-1",-0.150093086676573,FALSE,0.319576009204522,FALSE,0.923254707954719,FALSE
"ATTGTTAAGTAGACTA-1",-3.04149894587097,TRUE,-2.28054088083936,FALSE,-0.462503227814907,FALSE
"ATTGTTATACTTCACG-1",0.425726740561805,FALSE,0.492800629294554,FALSE,0.895367254000733,FALSE
"CAACAGCCAGACCTTC-1",-0.502265689050768,FALSE,-0.694892465059664,FALSE,-0.491799350211376,FALSE
"CAACAGCCGCCTTGAG-1",-0.299121693515339,FALSE,-0.179340605020802,FALSE,-0.567904539632374,FALSE
"CAACAGGTCAGAGGAC-1",0.916689068339865,FALSE,0.854967070552851,FALSE,0.225480936857802,FALSE
"CAACAGTACGGCAATG-1",-0.472583119969527,FALSE,-0.635816382594946,FALSE,-0.466049099885425,FALSE
"CAACCGTACTGATCTT-1",1.3208904526857,FALSE,0.701955268606572,FALSE,0.881955377863553,FALSE
"CAACCGTATTACTGTA-1",-0.0783118189585736,FALSE,0.242041776386154,FALSE,0.308332646733336,FALSE
"CAACGCTTGCTCCTAC-1",-0.00061270572981318,FALSE,-0.560239445571031,FALSE,-0.573199154362764,FALSE
"CAACGGCACTCAGTCC-1",0.78052672538053,FALSE,1.01303672905898,FALSE,0.0356331910929717,FALSE
"CAACTGACAAGACAAG-1",-0.0609089294407758,FALSE,-0.176019822323387,FALSE,-0.170276930125946,FALSE
"CAACTGCAGTGCAATA-1",0.130728360378549,FALSE,-0.223630023914245,FALSE,-0.516716115606517,FALSE
"CAACTGCATTCGACTC-1",-0.895869809498203,FALSE,-0.783923344611671,FALSE,-0.299537724264865,FALSE
"CAACTGCTGGAGTTAT-1",0.626867417942718,FALSE,0.135250394062833,FALSE,-0.552398489341798,FALSE
"CAACTTGGACATAGAT-1",0.726294510040462,FALSE,0.450460652401657,FALSE,-0.905038156172604,FALSE
"CAACTTGGTACGATGT-1",0.00696497124619833,FALSE,-0.0813506721610541,FALSE,-0.822709671080303,FALSE
"CAAGACCACTATCGAA-1",0.254320553803492,FALSE,0.47267391942875,FALSE,0.475279684952585,FALSE
"CAAGATAAGTGCAATG-1",-0.118463940889502,FALSE,0.0182149733968759,FALSE,-0.115208471943692,FALSE
"CAAGATAATGAGACCG-1",-0.266146520478018,FALSE,-0.300032991132861,FALSE,0.495691987415231,FALSE
"CAAGATTACCGATCAT-1",0.453068348371608,FALSE,0.439501349548978,FALSE,2.13108040168061,FALSE
"CAAGATTAGATGAGTT-1",-0.248511939021107,FALSE,-0.318216301416294,FALSE,-0.444942729805517,FALSE
"CAAGCATGCCTGACTT-1",1.39569053458184,FALSE,1.32287413652319,FALSE,2.80460479808522,FALSE
"CAAGCCGCCATAGAGG-1",0.724461763889515,FALSE,-0.429774154908334,FALSE,-0.94778387684394,FALSE
"CAAGCCTCCACTATCT-1",-0.196483331700102,FALSE,-0.926912991876509,FALSE,-1.14077759942071,FALSE
"CAAGGCAAGATTAGCA-1",-0.825283922141131,FALSE,-0.585170756986085,FALSE,-0.395764142028052,FALSE
"CAAGGCAAGCATCTCG-1",1.8057377262048,FALSE,1.4786154736568,FALSE,0.830338506213787,FALSE
"CAAGGTCAGCGATGTC-1",0.0598721402564612,FALSE,-0.00130630681122546,FALSE,-0.0845741526526961,FALSE
"CAAGGTCTCAATACAG-1",0.157985492085431,FALSE,-0.0105572308726343,FALSE,0.0595989517604342,FALSE
"CAAGTACTCCGCATCG-1",0.646537710608856,FALSE,0.954398481870493,FALSE,0.47669144856038,FALSE
"CAAGTACTTATTAAGC-1",0.253659157405225,FALSE,0.215356746083206,FALSE,0.0658158288966319,FALSE
"CAAGTACTTCAATAGT-1",0.320442100891668,FALSE,0.406279330431528,FALSE,1.44534076332166,FALSE
"CAAGTAGCCTCGATCC-1",0.814457930896659,FALSE,0.366815406943798,FALSE,-0.209768696245833,FALSE
"CAAGTATCGGCAACCA-1",0.502521172267109,FALSE,-0.0992319675128564,FALSE,-0.30852748588046,FALSE
"CAAGTCCATCGGCGGT-1",0.441394929259292,FALSE,0.330889032220693,FALSE,1.41084359419602,FALSE
"CAAGTCCGCTACCGTT-1",0.380518581321261,FALSE,0.450023048192216,FALSE,0.559285457865749,FALSE
"CAAGTCGCAGTCACTC-1",-0.276263348821149,FALSE,-0.361333794747901,FALSE,-0.781445821735781,FALSE
"CAAGTCGTAGGACTCG-1",0.540660389513908,FALSE,0.191118701354262,FALSE,1.53114606862041,FALSE
"CAAGTGAATTGGATGC-1",1.55981641616983,FALSE,1.50857707508645,FALSE,1.07236485503198,FALSE
"CAAGTGGATCATCCAG-1",-2.15418510899134,FALSE,-2.23233692247676,FALSE,-0.859168946298293,FALSE
"CAAGTGTTCGCCACGC-1",0.122871144766701,FALSE,0.172811814879431,FALSE,-1.54972217433258,FALSE
"CAAGTGTTGACGGCCA-1",-0.0791812516731792,FALSE,0.430766563150439,FALSE,-0.474070313848517,FALSE
"CAATAACTACATTAAC-1",1.34333331090342,FALSE,0.941524581121665,FALSE,0.556027149029463,FALSE
"CAATAACTCAAGGCAA-1",0.200386783865057,FALSE,0.339208715027145,FALSE,0.803988721178461,FALSE
"CAATAACTCAGATGAG-1",0.71153623162204,FALSE,1.32359092761188,FALSE,1.37885575958384,FALSE
"CAATAAGAACCGACTT-1",-0.571635431136153,FALSE,-0.675792482692839,FALSE,-0.54329854891212,FALSE
"CAATAAGCGGCCAGAT-1",0.178414171670104,FALSE,0.151955169383974,FALSE,-0.19601248674578,FALSE
"CAATAAGGTAACTCGT-1",1.05216272647983,FALSE,0.856531966511979,FALSE,0.249546797264148,FALSE
"CAATAAGGTAGCGATG-1",0.565175210604615,FALSE,0.316553356864934,FALSE,-0.391120400121756,FALSE
"CAATAATCGTAGGATA-1",0.559960531199995,FALSE,0.676513725440481,FALSE,0.0715368283822746,FALSE
"CAATCCATGCCGATGC-1",1.4972163710292,FALSE,1.69303115278576,FALSE,1.01204665508137,FALSE
"CAATCCGAGGTGCTAG-1",0.556335744306363,FALSE,0.690257043057808,FALSE,0.697697863735553,FALSE
"CAATCGTCGGAGCATG-1",-0.455926638722938,FALSE,-0.455767267534874,FALSE,0.264199426302065,FALSE
"CAATCGTGAAGTGATA-1",-0.384736701520785,FALSE,-0.855684038118579,FALSE,-0.130196785052902,FALSE
"CAATCTATGAGGTCAG-1",0.268433364674677,FALSE,0.54955243809738,FALSE,-0.239062711558976,FALSE
"CAATCTGAGTCGACTC-1",-1.16769885333361,FALSE,-1.41919764154161,FALSE,-0.572247949884848,FALSE
"CAATGCATCATTATGC-1",-0.297191855348861,FALSE,-0.325248021833684,FALSE,-0.224822133653861,FALSE
"CAATGCATTGACGGCA-1",-1.28956170298352,FALSE,-1.61988112137256,FALSE,-2.23651087795826,FALSE
"CAATGCGGATGCTGGT-1",-0.47389134359631,FALSE,-0.829915649154309,FALSE,-0.559023049117718,FALSE
"CAATGGCTGAGCGATT-1",0.263251766664707,FALSE,0.415435138879554,FALSE,0.0203010173075716,FALSE
"CAATGTCCGTTGCGTG-1",0.418262339376891,FALSE,0.700811301423246,FALSE,0.76156387741106,FALSE
"CAATTACAGGTGTCAT-1",2.03918047974609,FALSE,1.97727132249262,FALSE,3.43803279554647,TRUE
"CAATTGAACCGGCTCG-1",0.0811669859136313,FALSE,-0.335241440196468,FALSE,-0.11586500635446,FALSE
"CAATTGTTGACGTGAG-1",-0.514133342895452,FALSE,-0.772963136017488,FALSE,-0.11442011497859,FALSE
"CACCAGGCACGCTATC-1",-0.897853239958615,FALSE,-0.692910688751857,FALSE,-0.0786569647701801,FALSE
"CACCATAAGCTGGCTG-1",0.77751131124726,FALSE,0.856420636849144,FALSE,0.918683730714639,FALSE
"CACCATTCTTACGAGC-1",-1.61438501562866,FALSE,-1.06417040783801,FALSE,-1.06239111147394,FALSE
"CACCGACAAGGCGTAT-1",-0.813265894918191,FALSE,-0.331157422478943,FALSE,-0.331801671474096,FALSE
"CACCGAGTCTTGGACA-1",0.592353035358608,FALSE,0.897898491727527,FALSE,1.72780495313928,FALSE
"CACCTACATGATTGAT-1",-0.78031955067842,FALSE,-0.943094962241977,FALSE,0.205430193898491,FALSE
"CACCTACCGCTACCTT-1",-0.281957487203838,FALSE,-0.44978466961993,FALSE,-0.414623539793905,FALSE
"CACCTAGAATACTTCT-1",0.526880971484532,FALSE,0.367469651639846,FALSE,0.205662971143425,FALSE
"CACCTAGACGAGCCGG-1",0.341852122307169,FALSE,0.21798230505491,FALSE,0.719758545346404,FALSE
"CACCTCGAAGCGCTAG-1",-0.318213553301843,FALSE,0.156814143603011,FALSE,-0.202704364819916,FALSE
"CACCTCGAGCGATGCT-1",-1.16170140834205,FALSE,-0.955885155532664,FALSE,-0.918552951213931,FALSE
"CACCTTAGCTATTGTC-1",0.832385649154725,FALSE,0.700155265804761,FALSE,0.0293198131101941,FALSE
"CACCTTGCGAGTTATG-1",0.931409860545517,FALSE,0.914557945560218,FALSE,1.21040341326031,FALSE
"CACGAGGCCATCCACT-1",-0.187714714696304,FALSE,-2.15283567093009,FALSE,-2.44827485560438,FALSE
"CACGAGGTATAGGTAT-1",0.441621829999825,FALSE,0.456965170234688,FALSE,0.335482628839615,FALSE
"CACGATCATACAATTA-1",-0.839127309138703,FALSE,-0.301064076490082,FALSE,0.645545316635965,FALSE
"CACGATCTTCGCCGAC-1",0.461374164886964,FALSE,0.465631357603488,FALSE,0.165419218794477,FALSE
"CACGATGGTGCTAATA-1",0.808657311874433,FALSE,0.73615019377744,FALSE,0.39778678620454,FALSE
"CACGCCACAATCGCAC-1",1.38201034026465,FALSE,1.08018531776452,FALSE,0.466619224513234,FALSE
"CACGCCACTCCTTCAT-1",1.40806678734963,FALSE,1.5553591308742,FALSE,1.59050072015068,FALSE
"CACGCCTGGCGAATGT-1",-0.120074700889223,FALSE,-0.138646910797374,FALSE,0.451639978518324,FALSE
"CACGGATTCTCATCAC-1",0.097761572505704,FALSE,0.254753322915786,FALSE,0.630587818592478,FALSE
"CACGGCGACGGTGCCT-1",0.052936764887691,FALSE,0.0343445983126718,FALSE,-1.16132141501015,FALSE
"CACGGCGATACATACG-1",-0.615616369159664,FALSE,-0.360859976501444,FALSE,-0.00122551222513237,FALSE
"CACGGCGTCAGCCTGC-1",0.21469249764358,FALSE,0.249012204287507,FALSE,0.684256295841974,FALSE
"CACGGCTGCGCTTGGC-1",-0.75310611914976,FALSE,-0.764204227247556,FALSE,-0.455258699858497,FALSE
"CACGGCTTACTCCGTT-1",1.72646249937872,FALSE,1.56770543748441,FALSE,4.98502497846555,TRUE
"CACGGTCTTGGTTAAT-1",1.18938530240381,FALSE,0.952022939179507,FALSE,1.0514196121441,FALSE
"CACGTACACTCGCACC-1",-0.63410720883556,FALSE,-0.178028587126585,FALSE,-0.80299297378902,FALSE
"CACGTACGTAGCTCAT-1",0.767877434413112,FALSE,0.138345820966736,FALSE,-0.667718274989884,FALSE
"CACGTAGGTAGGCTGA-1",0.472262927080128,FALSE,-0.178399243374338,FALSE,0.331073318257398,FALSE
"CACGTCAAGTGCGATC-1",-0.740241204798733,FALSE,-0.552544208025799,FALSE,-0.0498243633940621,FALSE
"CACGTCCAATTCGACT-1",-0.387623722140344,FALSE,-0.634727254005483,FALSE,0.636820795289432,FALSE
"CACGTCCACGACCTAT-1",0.145371682861131,FALSE,-0.0558927676534267,FALSE,-0.0732120681305176,FALSE
"CACGTCCATCTACTGA-1",0.0149449623950152,FALSE,0.518838269381601,FALSE,-0.855112255625219,FALSE
"CACGTGCCAGAATTCT-1",0.0161155633783974,FALSE,0.017667682208526,FALSE,-0.522685009823273,FALSE
"CACGTTGCACATACCG-1",0.996689166888041,FALSE,1.00489673244947,FALSE,2.97953360431361,FALSE
"CACTACAATATTGCGG-1",-0.183420834594215,FALSE,-0.202830677953432,FALSE,0.056865418340209,FALSE
"CACTACCTTCGCTTCA-1",1.02370702547194,FALSE,1.13619707353785,FALSE,1.42595570420623,FALSE
"CACTACTGCGGAATTG-1",0.90375492176537,FALSE,0.860110917652546,FALSE,0.568294555782855,FALSE
"CACTAGTCGACATCTA-1",-1.32595453707763,FALSE,-0.953926208071206,FALSE,-0.979566000006041,FALSE
"CACTCAACGCAACGAC-1",0.827232541389704,FALSE,1.1400573607874,FALSE,-0.261625592876542,FALSE
"CACTCAAGACCATGCA-1",0.39078757027922,FALSE,0.562414414060781,FALSE,4.65132721315098,TRUE
"CACTCAAGACGGACTA-1",1.10545260244568,FALSE,1.07124842678201,FALSE,-0.0788826392805311,FALSE
"CACTCAATAAGCCGAA-1",-0.0827001042827806,FALSE,-0.322510875700554,FALSE,-0.45926135440917,FALSE
"CACTCAATAGTGATGC-1",1.50974326184627,FALSE,1.54756023902857,FALSE,2.85243014184737,FALSE
"CACTCAGTACTCCGCT-1",0.152621376868107,FALSE,0.395592301681268,FALSE,0.630287904878739,FALSE
"CACTCAGTGGTCCTTC-1",0.891514546545859,FALSE,0.260500047752012,FALSE,1.26784580854899,FALSE
"CACTCATCACGTTACG-1",0.128466429542266,FALSE,0.417541273930908,FALSE,-0.246697838151603,FALSE
"CACTCGGCGTATCGGC-1",-1.12062628541636,FALSE,-1.04442901557587,FALSE,-0.741201269367529,FALSE
"CACTCGTAGGCCACGG-1",-0.40394182264716,FALSE,-0.369975028823772,FALSE,0.00893806145545654,FALSE
"CACTGGATCGATACGA-1",0.0618510971866523,FALSE,0.187529758921794,FALSE,0.152819327468873,FALSE
"CACTGGCCAGCCAGAT-1",-0.816714776060861,FALSE,-0.873157640253837,FALSE,-0.623104895897792,FALSE
"CACTGGCGGTAACACC-1",0.0313427948125249,FALSE,0.223296985481582,FALSE,1.93160753210682,FALSE
"CACTGGTGAGACGCTT-1",-0.974765482010694,FALSE,-0.426039009412772,FALSE,-0.102272630904762,FALSE
"CACTGGTGAGTTATCG-1",-0.665278334417906,FALSE,-0.510508297166759,FALSE,-0.335149120103446,FALSE
"CACTGGTGGCGTCGTT-1",-0.772521259078741,FALSE,-0.862226515682758,FALSE,0.422190818159694,FALSE
"CACTTGACATTCAGAA-1",0.557913388237316,FALSE,0.684156004577873,FALSE,-0.581276007428771,FALSE
"CAGAACATGATAGGAC-1",-0.582606862723491,FALSE,-0.543369831706563,FALSE,-0.452984627855881,FALSE
"CAGAACATGCCTAGTG-1",-0.14065152229184,FALSE,-0.089552906769975,FALSE,-0.936979721334553,FALSE
"CAGAACGTATCGACTT-1",-0.0526939592359118,FALSE,0.327753931145938,FALSE,-0.132950204414672,FALSE
"CAGAAGATTAGAATGG-1",-0.956905053528798,FALSE,-1.1386301545683,FALSE,-1.52282070660485,FALSE
"CAGAAGTCGCGGTTAT-1",-0.876081387041282,FALSE,-0.878896589135693,FALSE,-0.119852910645513,FALSE
"CAGAATTCTTGAACCA-1",0.276836483576193,FALSE,0.613554539119177,FALSE,-0.905782657494038,FALSE
"CAGACACTTACAAGAC-1",-0.458306751732328,FALSE,-0.410280255380644,FALSE,-0.268355870552135,FALSE
"CAGACAGTCGGATCTG-1",-1.65584547258789,FALSE,-0.741182416627295,FALSE,-0.753041759993245,FALSE
"CAGACGAATGAGGAAC-1",0.0208728179518128,FALSE,0.172906148433638,FALSE,-0.204475113237111,FALSE
"CAGACGATACAGATCG-1",0.107623840269273,FALSE,-0.307096164850191,FALSE,1.4368934630632,FALSE
"CAGACGCAGTAGGTCT-1",-0.0214063891332323,FALSE,0.0308948644139472,FALSE,0.433430342365903,FALSE
"CAGAGCAATGGCTTCT-1",0.265325819067962,FALSE,0.778146144972463,FALSE,1.02723023839755,FALSE
"CAGAGGCACTTAAGTC-1",-0.739043140338286,FALSE,-0.718977372017525,FALSE,-0.726050524815418,FALSE
"CAGAGGCAGCACATGG-1",0.230992198296967,FALSE,0.186604016542471,FALSE,0.0351885186958423,FALSE
"CAGAGGCGAATTGCCA-1",0.877519153116826,FALSE,0.782292812834259,FALSE,1.14085799028441,FALSE
"CAGATATGTCCTTAAG-1",-0.444125649097725,FALSE,-0.35617792071758,FALSE,-0.741107250113308,FALSE
"CAGATTATCATAACGC-1",-0.279865066229768,FALSE,-0.232792995922988,FALSE,-0.415766750454941,FALSE
"CAGATTCCGTATGCGA-1",0.0501403002586229,FALSE,0.197953326829201,FALSE,0.281450196537654,FALSE
"CAGATTCGAACAGGTG-1",-0.0136229656456374,FALSE,0.0675729621060413,FALSE,0.242662189280719,FALSE
"CAGATTGCCTGTAAGT-1",-0.593299998151504,FALSE,-0.274432082396854,FALSE,-0.773449053586331,FALSE
"CAGCACCGCACGACTA-1",0.507387694478861,FALSE,0.530389616158688,FALSE,0.740698974596339,FALSE
"CAGCACGCTAATCAGA-1",0.582336711207376,FALSE,1.2859124563544,FALSE,1.31667350636142,FALSE
"CAGCATAGACTAGGCA-1",-1.07709769082276,FALSE,-0.334734367342969,FALSE,0.00420268375811086,FALSE
"CAGCATCCTCGCCACT-1",-0.103887143172776,FALSE,-0.049229883053498,FALSE,-1.2070117975431,FALSE
"CAGCCAACGATAGCTT-1",0.964991025338923,FALSE,0.827760897731679,FALSE,1.1431600308904,FALSE
"CAGCCACGGCTCTACG-1",2.45302737210239,FALSE,3.16129092377938,FALSE,-0.171854070998718,FALSE
"CAGCCAGTCCTGTCGG-1",-0.554181986364891,FALSE,-0.768180397734075,FALSE,-0.435679972846153,FALSE
"CAGCCATGTCTGCCGT-1",-1.27121192474701,FALSE,-0.713740783145109,FALSE,-0.659535208628818,FALSE
"CAGCCTCGTGGCTCAC-1",-1.82909694087292,FALSE,-3.16812963366955,TRUE,-1.39802365759543,FALSE
"CAGCCTGGTTGAACTA-1",-1.06819114153712,FALSE,-0.916709826233349,FALSE,-0.128865686439463,FALSE
"CAGCGATAACTGAACC-1",-0.637669614228451,FALSE,-0.718949074575204,FALSE,-0.789104282504089,FALSE
"CAGCTCCTCGGATTCT-1",1.01904966658534,FALSE,1.04078843678021,FALSE,0.730877761360947,FALSE
"CAGCTGGATGCGGCTA-1",0.235492000257972,FALSE,0.913496741869402,FALSE,3.21070297170254,TRUE
"CAGCTGGCGATAAGTG-1",-0.621228165056566,FALSE,-0.54497177748487,FALSE,-0.460100619486982,FALSE
"CAGCTTCACTACCGTG-1",-0.112525159287681,FALSE,-0.473048180506648,FALSE,0.0537841101756172,FALSE
"CAGCTTCTAGCTGGCA-1",-0.0702813260039223,FALSE,-0.076336754266331,FALSE,-0.530698123533225,FALSE
"CAGCTTCTCCGCTCTT-1",-0.168587454677652,FALSE,0.21511439191317,FALSE,0.814685102258247,FALSE
"CAGCTTGACGCCATTA-1",-0.0268950386246466,FALSE,-0.0806582196941588,FALSE,0.617382574062531,FALSE
"CAGCTTGGTTCGGTCG-1",-0.347311068053725,FALSE,-0.517327089956218,FALSE,-0.117395234444589,FALSE
"CAGGACAGAAGGCTGG-1",0.091040357170158,FALSE,0.0584375734987698,FALSE,0.0256572706732343,FALSE
"CAGGACATGGTAATGC-1",0.290781486590405,FALSE,0.375303168243482,FALSE,0.724894294513835,FALSE
"CAGGACCTACATAGTC-1",0.598793779811757,FALSE,0.401047959576049,FALSE,1.45961062473138,FALSE
"CAGGAGCGTATCGCAT-1",-0.726619178508707,FALSE,-0.635628420217897,FALSE,0.0591855897638175,FALSE
"CAGGCCAACAGCGAGT-1",1.72448689361652,FALSE,1.34897950039216,FALSE,2.0803913127593,FALSE
"CAGGCCAACGGTCGTA-1",-0.972624921978882,FALSE,-1.15499593848158,FALSE,-0.16063856886592,FALSE
"CAGGCCGTATCTGTTA-1",0.375404393084131,FALSE,0.477161096923079,FALSE,0.905002250460511,FALSE
"CAGGCGAGGTCTTGGA-1",-0.556760463930382,FALSE,-0.263457777601134,FALSE,-0.533720604831928,FALSE
"CAGGTACCACTCGCGG-1",0.168076172439918,FALSE,0.0237078998311452,FALSE,-0.451391745548271,FALSE
"CAGGTTCCACTAATCC-1",1.26340059291206,FALSE,1.13422196392973,FALSE,3.53534696868952,TRUE
"CAGTAATATCACTACG-1",-0.720699061585892,FALSE,-1.30739356140203,FALSE,-1.32979661735077,FALSE
"CAGTACAGTTGTGGAA-1",-0.481953484482976,FALSE,-0.531080520681617,FALSE,0.289146435795553,FALSE
"CAGTAGATTGACGGAT-1",0.0455436023677393,FALSE,0.111464972802357,FALSE,0.470132074482326,FALSE
"CAGTAGCACTACATTG-1",1.17532677390724,FALSE,0.946015111172453,FALSE,1.37467373880215,FALSE
"CAGTATCTTACACTAA-1",-0.0672067865965461,FALSE,-0.0285498306961304,FALSE,0.00209988523386589,FALSE
"CAGTATGCGTGGCGCT-1",0.555959913884995,FALSE,0.329894885422817,FALSE,-0.260623469236037,FALSE
"CAGTCAGCCGATCCGG-1",-1.38856949903657,FALSE,-0.914294836899459,FALSE,-1.00893786838428,FALSE
"CAGTCTCACTTAAGCA-1",0.369927283082223,FALSE,0.4384007453022,FALSE,-0.522956054812638,FALSE
"CAGTCTGGTAATCTAC-1",-0.457288016165116,FALSE,-0.523161921626448,FALSE,0.00642697631899519,FALSE
"CAGTCTGTGGCGCTGC-1",-0.487915859147462,FALSE,-0.170509587936337,FALSE,-0.211279177627132,FALSE
"CAGTGAACAGCAACGA-1",0.482003289005671,FALSE,0.377606179629053,FALSE,1.28190115364765,FALSE
"CAGTGAAGATACATAA-1",0.0957113822120858,FALSE,0.348874008722111,FALSE,-0.721975769160048,FALSE
"CAGTGCCTTGCGGTCT-1",0.504323358635339,FALSE,0.597712725439719,FALSE,-0.408385349205883,FALSE
"CAGTTGCAACCGAGAT-1",-0.768105608451347,FALSE,-1.0365535122061,FALSE,-0.118767215276852,FALSE
"CAGTTGCACGGACAGG-1",-0.80688521129389,FALSE,-0.467917483314683,FALSE,-0.118547217915141,FALSE
"CAGTTGCGACTTCTCG-1",-0.157870638864458,FALSE,-0.464739888854617,FALSE,-1.82023046058467,FALSE
"CAGTTGCTCACGTGTC-1",0.0344760003467432,FALSE,-0.315254133599501,FALSE,0.591727929272885,FALSE
"CATAAGTCTTCGAGTT-1",1.07824675018042,FALSE,1.08920979930313,FALSE,-0.321535539430522,FALSE
"CATACAATGAGTAGCT-1",-0.0806289295953903,FALSE,-0.211871420090412,FALSE,0.831055075922711,FALSE
"CATACCAGGTTCCTAA-1",-2.13591549616783,FALSE,-3.03712784827494,TRUE,-0.649974972504569,FALSE
"CATACCTCGATTGTTC-1",-1.64087338965056,FALSE,-1.10494300785891,FALSE,-0.467480137807953,FALSE
"CATAGAACATTGAACA-1",0.667761956814986,FALSE,0.713340359807376,FALSE,0.518390012769367,FALSE
"CATAGACGAGGTATTA-1",-1.17530684898031,FALSE,-1.2352101449374,FALSE,-0.765646160355295,FALSE
"CATATCAGACTATCCA-1",-1.75259412830841,FALSE,-1.55405207357558,FALSE,-0.775761329538803,FALSE
"CATATCCGTTCACCTC-1",1.06719227187386,FALSE,0.690996250411851,FALSE,0.729268049048442,FALSE
"CATATGTTGACTGGCG-1",-1.20662852961487,FALSE,-1.05245371622939,FALSE,-0.909586808319867,FALSE
"CATATTCTTGTCGTAA-1",-1.81814499726921,FALSE,-2.06382333820681,FALSE,-1.32002877118868,FALSE
"CATCAACATAACCGAT-1",-0.250159422962939,FALSE,-0.671649793353151,FALSE,-0.446943130752442,FALSE
"CATCAGAAGGCTTCGG-1",-0.28038685865883,FALSE,0.0573062720091408,FALSE,1.13199669180212,FALSE
"CATCAGATACTAATCG-1",-0.788939614593113,FALSE,-0.722168489393367,FALSE,-0.92987368620027,FALSE
"CATCAGGTAGGACCGT-1",1.26295138639943,FALSE,0.893410864911499,FALSE,1.31788284286228,FALSE
"CATCCGAAGCGTATGG-1",-1.59735358024311,FALSE,-1.52931675991827,FALSE,-0.23638225953188,FALSE
"CATCCGCCTAAGGAAC-1",0.978514731024214,FALSE,1.2925554816636,FALSE,1.38889640656012,FALSE
"CATCCGGTACCAACGA-1",1.66485963027428,FALSE,1.78942943365274,FALSE,2.68941894516345,FALSE
"CATCCGTGGTCGTAAG-1",-0.621007004734249,FALSE,-0.577199713501132,FALSE,-0.12387895511938,FALSE
"CATCCGTTAAGCGTGC-1",-0.905603070350017,FALSE,-0.874589936322955,FALSE,-0.15385063516009,FALSE
"CATCCTAGAATTATTG-1",-0.755652486538451,FALSE,-0.842327085863084,FALSE,-0.317553785973664,FALSE
"CATCGCGGATGATATG-1",-1.22320802135437,FALSE,-1.13958252646233,FALSE,-0.321149457225799,FALSE
"CATCGCGGTCGGTGCG-1",0.751065350904033,FALSE,1.2250648907528,FALSE,-0.33358359039403,FALSE
"CATCGGATCCTACCTG-1",0.0807043164013639,FALSE,0.380414312174206,FALSE,0.490227694287395,FALSE
"CATCGGCATGTCGAAG-1",-0.835325561418658,FALSE,-0.858703167034841,FALSE,0.572873686142686,FALSE
"CATCGGCCTGCATATC-1",0.803579721040853,FALSE,-0.00661264460976551,FALSE,0.923370775180635,FALSE
"CATCGGTAGCGTCCGA-1",-0.739526079120954,FALSE,-0.46564544680968,FALSE,-0.401340106283606,FALSE
"CATCTGGCCATACTAG-1",-0.144962944096918,FALSE,-0.23830745942441,FALSE,1.8536956328083,FALSE
"CATCTGGCGAATGTCG-1",0.971642544567104,FALSE,0.536423056363998,FALSE,-0.51459149674573,FALSE
"CATCTGTACCACGCGA-1",0.25791669037417,FALSE,0.160278423510434,FALSE,0.971824092705088,FALSE
"CATGATACTCAGGATT-1",-0.58761815065856,FALSE,-0.741253964047978,FALSE,-0.700241260698203,FALSE
"CATGATAGGCCATGAG-1",-1.38536373238418,FALSE,-1.96222932371042,FALSE,-0.862654455555997,FALSE
"CATGATGCATGTGCTA-1",0.326670342388636,FALSE,-0.231888940805246,FALSE,0.668273679597172,FALSE
"CATGCAGAAGTCAGGA-1",0.246741460758629,FALSE,0.290574405018288,FALSE,0.737924679042231,FALSE
"CATGCAGGTAGTTGTA-1",0.0915512431371187,FALSE,0.0596323076636918,FALSE,-0.906049987036729,FALSE
"CATGCATATTCTGCCT-1",-0.110847921312219,FALSE,-0.0200965288699019,FALSE,0.354150857090584,FALSE
"CATGCGAGTGAGCTAA-1",1.46501460511613,FALSE,1.40968357790981,FALSE,2.21681645103633,FALSE
"CATGCGCTACTGGAGG-1",0.00248531406060757,FALSE,0.0614331981741783,FALSE,-0.275009574876281,FALSE
"CATGCGGCCGGAATTC-1",2.4180677219777,FALSE,2.38999586633851,FALSE,-0.584397952521343,FALSE
"CATGCTCATCTGAACG-1",1.61415284207665,FALSE,0.847634628598907,FALSE,0.0616140955222158,FALSE
"CATGGCTACTGTACGT-1",-0.027330101026069,FALSE,-0.557062659928399,FALSE,-0.244522403419189,FALSE
"CATGGTGAGGCAGCAT-1",0.306479120460276,FALSE,0.246456551717871,FALSE,0.44822193102609,FALSE
"CATGTCCACCTGCGTC-1",-2.0159569017652,FALSE,-1.45404743690919,FALSE,-0.90679018552461,FALSE
"CATGTTACCGAAGGCG-1",0.00211781197170304,FALSE,-0.132271618268541,FALSE,-0.647225109006874,FALSE
"CATGTTATTGATGCAG-1",0.216155165008495,FALSE,0.231061344579367,FALSE,0.403210677493673,FALSE
"CATTAACTAATCGCGT-1",0.614154057277447,FALSE,1.4135164426513,FALSE,1.01981349774068,FALSE
"CATTAACTATTGTTCC-1",-0.597036327622729,FALSE,-0.896903508320695,FALSE,-0.358262820932253,FALSE
"CATTAAGTAGCTTACC-1",0.556688045431697,FALSE,0.580206236727812,FALSE,0.810599296351923,FALSE
"CATTAGGATAGTGAAT-1",-0.148701505162327,FALSE,-0.687021253751637,FALSE,-0.699563239284368,FALSE
"CATTAGGCAATGGTTA-1",-0.389926022680432,FALSE,-0.372912217864214,FALSE,-0.764602208140203,FALSE
"CATTCTCCAGTCACCA-1",0.797781823084917,FALSE,-0.184561871944201,FALSE,0.948943641848817,FALSE
"CATTCTGTGCATGCTC-1",0.70080745188538,FALSE,0.498882951328463,FALSE,0.516460915347726,FALSE
"CATTGCGTGCCACCTT-1",0.612988910455458,FALSE,0.560528240382212,FALSE,1.18128441932286,FALSE
"CATTGCTATGTTAGCT-1",0.266009155627541,FALSE,0.154750390584293,FALSE,0.413068404241174,FALSE
"CATTGGCGGTTGAGTC-1",-0.170406856223996,FALSE,-0.187613669561195,FALSE,0.735523266195016,FALSE
"CATTGTGGCCTCAGGC-1",-0.00682222886118524,FALSE,-0.138808035547599,FALSE,-0.340072474521126,FALSE
"CCAACAGGAACACGGT-1",-0.784822902520753,FALSE,-0.996577552256008,FALSE,-0.104919830111697,FALSE
"CCAACTGGAGATTCAT-1",0.360620407985981,FALSE,-0.0969050268240665,FALSE,-0.448135537691533,FALSE
"CCAACTTGCCACCGTA-1",0.812542387529681,FALSE,0.810921357649292,FALSE,1.78471831850593,FALSE
"CCAACTTGCGTTAACC-1",-0.922767174327269,FALSE,-0.750378024708929,FALSE,1.39366071103686,FALSE
"CCAAGCTGGCCATTGC-1",0.264417555655268,FALSE,0.506634276300631,FALSE,0.154972256390939,FALSE
"CCAATACCAACACGCC-1",1.10546669044948,FALSE,0.491731701076603,FALSE,-0.1804947733822,FALSE
"CCAATAGAAGACTTGG-1",-1.35427645832817,FALSE,-0.951505540558303,FALSE,-1.10788699999458,FALSE
"CCAATAGCGGTACGTG-1",1.26311788056043,FALSE,0.910247284390783,FALSE,0.518856726530556,FALSE
"CCAATCTAACGTGACG-1",0.42306329094237,FALSE,0.505533406830132,FALSE,0.0289203286512695,FALSE
"CCAATCTTGCCTATGG-1",-0.972770908604771,FALSE,-0.699548192927825,FALSE,2.70208558718548,FALSE
"CCAATTATGACACTGG-1",-1.94999997877131,FALSE,-0.975824291371646,FALSE,-0.508107026135793,FALSE
"CCACAACCAGCAGGTG-1",0.527795225598469,FALSE,0.409318922690422,FALSE,-0.879755043996539,FALSE
"CCACAGGAAGATGTGC-1",-1.02673886596474,FALSE,-1.04018865118926,FALSE,0.0322299017078958,FALSE
"CCACATGGCGACGTCT-1",-0.112867918431011,FALSE,0.20892963973542,FALSE,-0.517496753059862,FALSE
"CCACGAACGCTGCCGC-1",0.392959716144861,FALSE,0.413797392758332,FALSE,0.641965378917879,FALSE
"CCACGATCCTAATCCG-1",0.809468716549508,FALSE,0.848354336062688,FALSE,-0.346724545077663,FALSE
"CCACGGCTGGCAACCT-1",-2.26070180507541,FALSE,-1.6254595331302,FALSE,-0.719862190266012,FALSE
"CCACGGTACACCAACC-1",0.66981838295535,FALSE,0.665170375409262,FALSE,0.274870840775438,FALSE
"CCACGTCGGTCGCTTC-1",-0.627275333407441,FALSE,-0.929023847270837,FALSE,-0.767460533286559,FALSE
"CCACGTGCCACCTCAA-1",1.14861785574344,FALSE,0.742164307071943,FALSE,0.727593033914781,FALSE
"CCACGTGGACTGCGGT-1",0.00838486596208886,FALSE,0.0469711860246508,FALSE,0.346106803385227,FALSE
"CCACTCCAGCACCTAC-1",-1.99453920981336,FALSE,-1.66883421618496,FALSE,0.223296169196583,FALSE
"CCACTCTGTAGTCGGA-1",-0.997728473320163,FALSE,-1.15710657948632,FALSE,-0.457697141524939,FALSE
"CCAGAACCGTGCATCC-1",1.31954618995453,FALSE,1.55328552431048,FALSE,0.273794289279211,FALSE
"CCAGACAATATCGTTA-1",1.72707273097903,FALSE,1.7105616345179,FALSE,0.366171467822414,FALSE
"CCAGACAGAACCTAAG-1",0.532623590955526,FALSE,0.778780602327241,FALSE,0.411666760117401,FALSE
"CCAGACATCCGGTTCT-1",-0.0672779225618691,FALSE,-0.0485320881181004,FALSE,-1.39636743216771,FALSE
"CCAGACATCGGCACGC-1",-1.4124479800329,FALSE,-0.957848759381718,FALSE,-0.443046723625124,FALSE
"CCAGATAGACGAGGTG-1",0.681512017053268,FALSE,-0.53825617688915,FALSE,-0.527587313147954,FALSE
"CCAGATAGCGTAGTGA-1",-2.34017817514657,FALSE,-2.28950305644248,FALSE,0.729552535347012,FALSE
"CCAGATGATATGTAGG-1",-0.407249533897879,FALSE,-0.327672422311415,FALSE,-0.547238925225061,FALSE
"CCAGATTGTAGCCTAC-1",0.396681178785073,FALSE,0.0724824806180864,FALSE,-0.328143913942794,FALSE
"CCAGCACTCGACTGAC-1",-2.05137200747392,FALSE,-1.02487403601223,FALSE,-0.715828147198935,FALSE
"CCAGCAGGTCTTGTTC-1",-0.574286692580186,FALSE,0.071301559270515,FALSE,0.161546836088469,FALSE
"CCAGCGGATTCCGCTG-1",-1.95013397830128,FALSE,-1.65342499861035,FALSE,0.182507048060472,FALSE
"CCAGGATACCGTTAGT-1",0.0400058831474282,FALSE,-0.0156858081440949,FALSE,0.167092016023146,FALSE
"CCAGGTCCACATCCAT-1",0.465984063177072,FALSE,0.854696935362974,FALSE,0.688386921683826,FALSE
"CCAGGTTACGAGACTG-1",-0.0627029023764969,FALSE,0.0215389985278465,FALSE,-0.492178205664487,FALSE
"CCAGTGTCACAGCGCC-1",-0.82339790890309,FALSE,-0.526746893472097,FALSE,-0.716649350830699,FALSE
"CCAGTGTCTAGCTACG-1",-0.019880664499978,FALSE,-0.0158772652618084,FALSE,-1.40776348308823,FALSE
"CCATACGGAGCCAAGG-1",0.987319838246387,FALSE,0.926485125865524,FALSE,0.492599471104722,FALSE
"CCATAGCCGTACGCAC-1",0.524348225567558,FALSE,0.493891678306845,FALSE,-0.250959075927971,FALSE
"CCATAGTAGGTGCTTG-1",0.50843397292453,FALSE,0.482756623236789,FALSE,0.9881183685673,FALSE
"CCATAGTATTGTCTGC-1",0.717341300098974,FALSE,0.644019987353548,FALSE,0.813014381748137,FALSE
"CCATCGGACAACCGTG-1",0.0546215877535797,FALSE,-0.0509749510908951,FALSE,-0.0751591183645148,FALSE
"CCATCTGTGGCATCGT-1",-1.74598348764186,FALSE,-1.85253318798811,FALSE,-1.09709304681749,FALSE
"CCATGAACAATGCTCC-1",-0.891028209048451,FALSE,-0.756647637253365,FALSE,-0.0453507168292424,FALSE
"CCATGAACATCGTTGG-1",-0.138846336867576,FALSE,0.00471836131651684,FALSE,0.212853447794673,FALSE
"CCATGACAGGAGAACA-1",0.536780763971887,FALSE,0.627606774047142,FALSE,0.150271403197855,FALSE
"CCATGGTTCCAATGTC-1",-0.0836625281051193,FALSE,-0.196144078143185,FALSE,-0.158896184851708,FALSE
"CCATTCCGGTTCTTCC-1",1.30811042881659,FALSE,1.35988034483978,FALSE,3.06876128055467,TRUE
"CCATTCGTCTGCTCTA-1",-0.364522668337715,FALSE,-0.21981431238204,FALSE,0.110592672087951,FALSE
"CCATTCTTACGCGTTA-1",-1.71475654329398,FALSE,-2.67737736063013,FALSE,-0.675604330252671,FALSE
"CCATTGGCAATTCTCA-1",1.57871427923578,FALSE,1.37595909040001,FALSE,0.0543179216035521,FALSE
"CCGAAGCCAGGTTCAG-1",0.70531273811649,FALSE,0.383631716654277,FALSE,-0.216238775514955,FALSE
"CCGACAACGTCATCGG-1",-0.514067324267177,FALSE,-0.663812617108401,FALSE,-0.588124450308508,FALSE
"CCGACAAGACTGTACT-1",0.422478577501252,FALSE,0.399818020598159,FALSE,1.16470906388781,FALSE
"CCGACAAGGCACGGTT-1",0.497332710638744,FALSE,0.531783335982939,FALSE,1.15014074171485,FALSE
"CCGACAAGTATTCATC-1",-0.46947175339704,FALSE,-0.57607830694655,FALSE,-0.874742468899107,FALSE
"CCGACAGACTGTGCCT-1",-0.533635261665324,FALSE,-0.677041413815991,FALSE,-0.508828178209727,FALSE
"CCGAGGATGACTCGTC-1",-0.0631643486455402,FALSE,0.936313172367563,FALSE,1.11810083737307,FALSE
"CCGATAATGGAGCCTT-1",0.827957575727383,FALSE,0.835743083790518,FALSE,0.91484731422565,FALSE
"CCGATGGAACATCAGC-1",0.59764398735198,FALSE,0.407259262796683,FALSE,0.61442801780215,FALSE
"CCGATGGATCCGGCAG-1",0.291346694226724,FALSE,0.264577027378581,FALSE,0.334789082917081,FALSE
"CCGATTCCATAAGAGT-1",0.247554375036112,FALSE,-0.0626013809082513,FALSE,0.165141574428848,FALSE
"CCGATTCCTCACTACA-1",0.330233187040341,FALSE,0.423473578517319,FALSE,-0.00401244705589762,FALSE
"CCGCAAGGAAGGAGGC-1",-1.35607574915534,FALSE,-1.30607909225248,FALSE,-0.672351050495643,FALSE
"CCGCAAGGTACCGTTG-1",-1.29797797773831,FALSE,-0.877617937513821,FALSE,-1.63477364361652,FALSE
"CCGCAGTGATCACTGT-1",-2.57479445882139,FALSE,-2.51375824666986,FALSE,-1.01561947127322,FALSE
"CCGCATAGTACAGGTT-1",0.944322204682438,FALSE,0.969075965675516,FALSE,0.777123445979255,FALSE
"CCGCATGTAGTTAGAC-1",0.575309115425372,FALSE,0.320512769938822,FALSE,0.510498149550675,FALSE
"CCGCCACTGCGTTGGC-1",-0.508651802632214,FALSE,-0.405953508394755,FALSE,-0.640972508220935,FALSE
"CCGCCATACTTCACCA-1",-0.278814603792593,FALSE,-0.282344546593709,FALSE,-0.593652562408279,FALSE
"CCGCGAGGTGCGATGG-1",0.0158227093554865,FALSE,-0.0986223481605894,FALSE,-0.49104838344971,FALSE
"CCGCGGCCACAATCGG-1",0.799959429973337,FALSE,0.443449062283612,FALSE,0.221255062892226,FALSE
"CCGCGTAAGATTCCTT-1",-1.4946321189717,FALSE,-0.807710792016578,FALSE,-0.770614799910647,FALSE
"CCGCGTATCGTTGCAG-1",0.0455672354423104,FALSE,-0.280329493154543,FALSE,0.50772175486887,FALSE
"CCGCGTCGTTGGTCTG-1",-4.82900477013371,TRUE,-2.02624004181558,FALSE,-0.445123511561831,FALSE
"CCGCGTGCTGATTAGT-1",0.206485560371678,FALSE,0.017021823348797,FALSE,0.230459132852423,FALSE
"CCGCGTTACCTTGGCG-1",0.384044570932641,FALSE,0.675836037122621,FALSE,2.27270827816049,FALSE
"CCGCGTTGACGGAACG-1",0.0485787369350241,FALSE,0.0196072601801187,FALSE,0.544153723076384,FALSE
"CCGCGTTGCTACAACT-1",0.626815147408275,FALSE,0.196251734664798,FALSE,0.174962931437029,FALSE
"CCGCTCATACAAGTCA-1",-0.788745971002343,FALSE,-0.842046306344666,FALSE,-0.23305962044642,FALSE
"CCGCTCGCTAGTCTAA-1",-0.127684448153384,FALSE,-0.505867312647061,FALSE,0.291793277833702,FALSE
"CCGCTCTGCTGAATTC-1",0.57869880576885,FALSE,0.207599960496489,FALSE,-0.5748059872507,FALSE
"CCGCTCTGGATATCGG-1",-0.273856854680111,FALSE,-0.0594177805109811,FALSE,-0.327233081095244,FALSE
"CCGCTGGCACCAAGAC-1",-0.913158968326615,FALSE,-0.959861162684156,FALSE,-0.690859417206357,FALSE
"CCGCTGTCACCTGCAA-1",1.63658465398439,FALSE,1.46796568805723,FALSE,1.11789109715281,FALSE
"CCGCTGTTGCCATACG-1",0.281687765854187,FALSE,0.363546468476571,FALSE,1.01760645320407,FALSE
"CCGGAGAAGCTAACCA-1",-0.279170262566941,FALSE,0.197226243681298,FALSE,0.35360022473309,FALSE
"CCGGAGACAAGAATAA-1",-0.23676420449938,FALSE,-0.195950609816122,FALSE,-0.108478522326452,FALSE
"CCGGATCAGCCGACTA-1",-0.101961471798903,FALSE,-0.0705373678837056,FALSE,-0.733888572758162,FALSE
"CCGGATCTCCGAAGCG-1",1.01039610026965,FALSE,0.749873898747409,FALSE,-1.14839425052096,FALSE
"CCGGCAATGAAGTGAA-1",0.0692438725668798,FALSE,-0.19555231086766,FALSE,-1.60997549950061,FALSE
"CCGGCATAGGCAAGTG-1",-0.116934274353352,FALSE,-0.167776151789678,FALSE,-0.214346580339571,FALSE
"CCGGCATGAGCCGTCT-1",-0.392430831450539,FALSE,-0.126799810858347,FALSE,-0.604580103227301,FALSE
"CCGGCGAACATCACGT-1",0.532645118288565,FALSE,-0.219000502273448,FALSE,-0.396804856541053,FALSE
"CCGGCGAACCGTGCAC-1",-0.424178709991103,FALSE,-0.717485112758382,FALSE,-0.674448874123684,FALSE
"CCGGCGAATGTACAGG-1",-0.238069984907885,FALSE,-0.155503803887711,FALSE,1.19575545804488,FALSE
"CCGGCGAGAATATTGA-1",0.650932034323079,FALSE,0.670720648345598,FALSE,0.148321297337495,FALSE
"CCGGCGCAGCATGCGA-1",0.397696500042336,FALSE,0.42411097928996,FALSE,1.01333506879368,FALSE
"CCGGCGCTAAGGATGA-1",0.272587538879109,FALSE,0.501382673350545,FALSE,-0.469065009796664,FALSE
"CCGGCGTCCTCATTGT-1",0.328051071187417,FALSE,0.695840504878548,FALSE,0.354457733351165,FALSE
"CCGGCGTCTTAATAAG-1",1.04432804062372,FALSE,1.01863595288822,FALSE,0.622176490410384,FALSE
"CCGGTGGAGCTGGCTC-1",-0.501618302318611,FALSE,0.0993762327875105,FALSE,1.41553289937815,FALSE
"CCGGTGGCTTCTGAGC-1",1.3164085614291,FALSE,1.4157471726338,FALSE,2.16540333447348,FALSE
"CCGTATAATCTGGCCG-1",1.03202149172834,FALSE,0.905301380309053,FALSE,2.04711126019639,FALSE
"CCGTCTTATGGACGAG-1",0.102394762256543,FALSE,-0.00298824572871682,FALSE,-0.0872731542419863,FALSE
"CCGTGAAGGATAACAG-1",0.667327012400996,FALSE,-0.9283299787645,FALSE,-1.03149921646849,FALSE
"CCGTGCACATCTGGCA-1",-0.427049546894857,FALSE,0.120826962053266,FALSE,-0.902749491617386,FALSE
"CCGTGCACTACCAGAA-1",0.333438087613676,FALSE,0.276540797580393,FALSE,-0.259609951610042,FALSE
"CCGTGCTGGCAATATG-1",1.45031437485283,FALSE,1.94344504293786,FALSE,0.583499943478875,FALSE
"CCGTGGCGTCGGTGCT-1",-0.784068655503935,FALSE,-0.718280850367165,FALSE,-1.46967467551281,FALSE
"CCTAACGCGATTGCAT-1",-0.219925795952236,FALSE,0.0345506998986857,FALSE,-0.528176369157926,FALSE
"CCTAACGCTGATGTCT-1",-0.0504530052651355,FALSE,-0.0580947376081297,FALSE,-0.00574704420761392,FALSE
"CCTAACTACGAATATG-1",-0.0559454198672053,FALSE,0.0865114560218184,FALSE,-0.565133476684901,FALSE
"CCTAACTTATGTTGGA-1",-2.2408687187756,FALSE,-1.5151294681824,FALSE,-1.35704340711048,FALSE
"CCTAAGCATGCCTTGT-1",0.413403501804516,FALSE,0.121318051442711,FALSE,-0.394024725319483,FALSE
"CCTAAGGTTACAGTAA-1",1.20280668310561,FALSE,1.00290622542245,FALSE,1.77638913999952,FALSE
"CCTAATAGCGGACAGA-1",-0.512636175353195,FALSE,-0.618527718520424,FALSE,-0.630311959134808,FALSE
"CCTAATCCACAAGGAT-1",0.533862534078024,FALSE,0.654394848312002,FALSE,1.35052029802104,FALSE
"CCTAATCGCTCACCAT-1",0.0289729032128415,FALSE,-0.406192716229196,FALSE,-0.854072229502762,FALSE
"CCTAATCGGCAGTCAC-1",-0.526146393754847,FALSE,-0.6374367750922,FALSE,0.0134340200890934,FALSE
"CCTAATGGCACTGTTC-1",-1.87550712017002,FALSE,-1.51012271692086,FALSE,0.578538756198254,FALSE
"CCTACACCGACATTAC-1",0.202441233811887,FALSE,0.0606143929566401,FALSE,0.0178114521025745,FALSE
"CCTACCACTCCAGTTA-1",-0.150179868484327,FALSE,0.100111672068084,FALSE,0.14238247737454,FALSE
"CCTACCATCGCAGTAT-1",-0.136990831250721,FALSE,0.241517944809201,FALSE,0.291417675232015,FALSE
"CCTACCATGTGATCAC-1",-0.634495981238694,FALSE,-1.66919180604081,FALSE,1.4711771955644,FALSE
"CCTACGAGCTGGCCGG-1",-0.495863559280814,FALSE,0.0453195400417667,FALSE,-0.392884511932399,FALSE
"CCTAGCCTAGTACCGG-1",-0.369047536599477,FALSE,-0.558320264733364,FALSE,-0.33516830927865,FALSE
"CCTAGCCTTCATCGGC-1",-1.71850067516826,FALSE,-1.34743132192959,FALSE,-0.388047271006101,FALSE
"CCTAGTCAGCGAACCA-1",-0.704963393442856,FALSE,-0.922788632911872,FALSE,-0.4014239244656,FALSE
"CCTAGTCAGTCCTTAT-1",-1.1663467115245,FALSE,-1.01797220004933,FALSE,0.49029579536705,FALSE
"CCTAGTGAATGTCTGC-1",-0.369880687225155,FALSE,-0.454909982618511,FALSE,-0.302803713132092,FALSE
"CCTATGATGGTCAATG-1",1.31899794646695,FALSE,0.960662497776146,FALSE,0.615721877964011,FALSE
"CCTATGCCAGCAATCC-1",-0.156235807108621,FALSE,-0.063710585303455,FALSE,-0.0434870092628105,FALSE
"CCTATGCCGTCGGCAC-1",0.543293126290606,FALSE,0.549709146409807,FALSE,1.27060351114229,FALSE
"CCTATGCCTTCTTGTT-1",-1.74291991961701,FALSE,-2.06991614955384,FALSE,-0.952213071351918,FALSE
"CCTATGTCGAATAGAA-1",0.439690108394255,FALSE,0.545349639487808,FALSE,-0.0870593623416327,FALSE
"CCTATGTCTTACCGGC-1",-0.216598825606895,FALSE,-0.420084891397291,FALSE,-1.08715929787745,FALSE
"CCTCACATGTACCTGG-1",-1.6977206789903,FALSE,-1.32042002448296,FALSE,-0.315488531504846,FALSE
"CCTCACATGTCTTACT-1",0.157906137642644,FALSE,-0.0806781944885358,FALSE,-0.887543216371211,FALSE
"CCTCACCTAGTGGCAA-1",-0.0593206842126126,FALSE,-0.99222926370002,FALSE,-2.32055577805452,FALSE
"CCTCACGTTACTCGCA-1",0.478823046377192,FALSE,0.0733932192209765,FALSE,-0.718858757549113,FALSE
"CCTCACTTCCTTCCGA-1",0.736985135491713,FALSE,1.06554223457943,FALSE,-0.323924540180518,FALSE
"CCTCATGATTATCTGA-1",-1.15745371418215,FALSE,-0.480042254644058,FALSE,-0.128834776053281,FALSE
"CCTCCGAAGCTGTACC-1",-1.31775563251562,FALSE,-1.34137766919118,FALSE,-0.826014720545127,FALSE
"CCTCGATAGAATAGGA-1",0.91569225571138,FALSE,-0.304918887750098,FALSE,-1.24269014610344,FALSE
"CCTCGCCAACTACAAG-1",0.308767954982204,FALSE,0.411097233822042,FALSE,-0.710761627726262,FALSE
"CCTCGGATCTTGCGGT-1",-0.314007365282413,FALSE,-0.584915530004803,FALSE,-0.915720579540502,FALSE
"CCTCGGTATGACAGTA-1",1.18592317749765,FALSE,1.13155139161839,FALSE,0.851000804560918,FALSE
"CCTCTACCGTGATTGG-1",0.00777586828892438,FALSE,0.722611698730953,FALSE,1.96991351522559,FALSE
"CCTCTAGCTCTGGCAG-1",0.139391678815251,FALSE,0.227108598320528,FALSE,0.273625183055799,FALSE
"CCTCTATGTTGCTTAT-1",-1.41738796209068,FALSE,-1.10155529004796,FALSE,-0.676912447579101,FALSE
"CCTCTTCGAGCGGTTG-1",0.315383603627352,FALSE,0.0870933680310579,FALSE,0.100525765197224,FALSE
"CCTGAAGCAATGCACG-1",-0.343419582546496,FALSE,-0.593301169153961,FALSE,0.629326527089534,FALSE
"CCTGAAGCGTATAGCA-1",-0.663985666834921,FALSE,-0.829387105619019,FALSE,0.868943535913064,FALSE
"CCTGAAGTGCATGCAT-1",-2.19262467284768,FALSE,-1.81737516025055,FALSE,-0.852251606355744,FALSE
"CCTGCTCGCCGTCCAG-1",-0.195804180227508,FALSE,0.518272778079823,FALSE,-0.860260898821632,FALSE
"CCTGGATCTAGAGCCA-1",-0.428027715120293,FALSE,-0.483259522130241,FALSE,-0.536367394739691,FALSE
"CCTGGCAACGAACGTC-1",0.519745413998886,FALSE,0.68712064439451,FALSE,2.74682104540791,FALSE
"CCTGGCATACCTGTCA-1",-0.218210689455057,FALSE,-0.109348299330308,FALSE,-0.610343525261842,FALSE
"CCTGGCTTATGGTCTG-1",-0.245486767521686,FALSE,0.0271834660028648,FALSE,-0.356281558297752,FALSE
"CCTGTCATTGAATTAT-1",-0.342281279647188,FALSE,-0.0622605923257922,FALSE,-0.401934061978056,FALSE
"CCTGTCCTCAGTTGTA-1",-0.545152435490575,FALSE,-0.248400795099095,FALSE,0.176494138286569,FALSE
"CCTGTCGAGTGACAGA-1",-3.22112636800539,TRUE,-2.68642926146474,FALSE,-0.565952841507209,FALSE
"CCTGTCTAAGTAGGCT-1",-0.0778457209547219,FALSE,0.130108250700251,FALSE,0.893272088350683,FALSE
"CCTGTCTACCGTGGCA-1",2.15272465852592,FALSE,2.38092754091298,FALSE,0.959395560127846,FALSE
"CCTGTCTGATAGGTGA-1",0.325610801110952,FALSE,0.454716154813153,FALSE,1.25772339735262,FALSE
"CCTGTCTGCATAGGTC-1",0.442879948681959,FALSE,0.166353974263608,FALSE,0.365347279481801,FALSE
"CCTTAATTGGAATATT-1",-0.328574833260102,FALSE,-0.353079977101375,FALSE,0.0504881172080887,FALSE
"CCTTAGATGTGCTACG-1",-1.41026934552753,FALSE,-1.64345527490605,FALSE,-0.532919503657893,FALSE
"CCTTAGCGTTCGCAGG-1",-0.394327977702104,FALSE,-0.767912227011673,FALSE,-0.538343247992926,FALSE
"CCTTAGTCTGTCACTG-1",0.218614726500983,FALSE,0.440821310938962,FALSE,0.17497146455573,FALSE
"CCTTAGTGGATCCACG-1",-1.73963303940179,FALSE,-0.875921078308939,FALSE,-0.719703287942568,FALSE
"CCTTAGTTATACCAGA-1",0.527170783795152,FALSE,0.490951684737928,FALSE,1.3311145857588,FALSE
"CCTTATAGGTCTCAAC-1",0.580679471182508,FALSE,0.529833953516973,FALSE,0.13320950735469,FALSE
"CCTTCATAGTACTTCA-1",-1.18420960887612,FALSE,-1.28957627824557,FALSE,-0.413662632926869,FALSE
"CCTTCCAACCTTCAGA-1",-1.11402307278125,FALSE,-0.794786200108052,FALSE,-1.03278736965874,FALSE
"CCTTCCGCTCCGGCAT-1",0.372234976295727,FALSE,0.438566903651725,FALSE,1.05371738562876,FALSE
"CCTTGTCTACTTAGAC-1",-0.112426550723882,FALSE,0.0310642021158411,FALSE,0.36663168614564,FALSE
"CCTTGTCTAGTTCTTG-1",1.12273316447093,FALSE,1.09640707465464,FALSE,1.38059438287046,FALSE
"CCTTGTCTTACGGTTC-1",0.52882509067728,FALSE,0.327219759904877,FALSE,0.0790229169714628,FALSE
"CCTTGTGATGGTCTAG-1",-0.224186796039806,FALSE,-0.36186546869603,FALSE,-0.82763532612672,FALSE
"CGAACCAGAAGTCTGG-1",0.548204838671203,FALSE,1.85770482045531,FALSE,1.84342015072986,FALSE
"CGAACGTGAAGTCCAA-1",-2.00678181413017,FALSE,-0.933801353639342,FALSE,-0.60363873115262,FALSE
"CGAACTACAGATGTAA-1",1.4603188348381,FALSE,1.08073415146361,FALSE,0.0034215401061873,FALSE
"CGAAGAACGACTCGAT-1",2.55863786808094,FALSE,2.47190134389267,FALSE,2.88728979899763,FALSE
"CGAAGACCGCCAGGCG-1",-0.938179271299472,FALSE,-1.48408215141778,FALSE,-0.20851099201711,FALSE
"CGAAGAGCAGATGATT-1",-1.65553649135076,FALSE,-1.33640579000236,FALSE,-0.459720608791819,FALSE
"CGAAGATCCGAAGGCA-1",-1.35346754671997,FALSE,-0.91070757877416,FALSE,-0.35647037819401,FALSE
"CGAAGTCGTTGGCTCG-1",-1.04153749622727,FALSE,-0.6100514185407,FALSE,-0.437887267910975,FALSE
"CGAATCCTGATAGGTG-1",-0.210271314847511,FALSE,-0.0862129755889729,FALSE,-0.235141349586675,FALSE
"CGAATGGACCGTCTTG-1",0.379999089964779,FALSE,0.248864880341132,FALSE,0.193085967554337,FALSE
"CGAATTAAGTGGACTA-1",0.417099657119655,FALSE,0.149700555281851,FALSE,-0.573845351942398,FALSE
"CGAATTACTGCTCCGG-1",0.486445482619638,FALSE,0.677307952494951,FALSE,0.624292139443898,FALSE
"CGACAAGCACTCAGCC-1",-1.49464333517919,FALSE,-1.89132431993758,FALSE,-0.736820160599661,FALSE
"CGACAAGTACTCCTTA-1",0.25626111840764,FALSE,-0.197960963590063,FALSE,-0.643559167061449,FALSE
"CGACAAGTGATGCGCA-1",-2.2415971207694,FALSE,-2.44427390757332,FALSE,-1.59399311887922,FALSE
"CGACAATTATTCTGTC-1",-1.14359337250637,FALSE,-0.727581515455418,FALSE,0.16309282478563,FALSE
"CGACAATTCGTCATGT-1",-0.10402330011487,FALSE,0.15939434395181,FALSE,0.117579108556767,FALSE
"CGACATTGTATGGAGG-1",0.812531042006193,FALSE,0.659149190947308,FALSE,0.947990998854512,FALSE
"CGACCAAGGTGAGCCG-1",-0.0664292229269051,FALSE,0.00146072495981826,FALSE,0.355048336942298,FALSE
"CGACCAGAACTGTCAT-1",0.0321928207928201,FALSE,0.0701265335742618,FALSE,-0.231807901700781,FALSE
"CGACCAGAAGGATCCG-1",-0.109924836657424,FALSE,0.279612417569549,FALSE,0.990936808326638,FALSE
"CGACCAGATTCAGTGA-1",0.447608849208621,FALSE,0.641099168503206,FALSE,-0.0769762166472679,FALSE
"CGACCAGCCTTGATTA-1",0.118621808600215,FALSE,0.318366620168572,FALSE,0.00958796382507119,FALSE
"CGACCTATACTGACGT-1",0.221052993152026,FALSE,0.135680723443699,FALSE,-0.252950648751746,FALSE
"CGACCTATCTCGCAAG-1",0.0933849246233888,FALSE,-0.642715072456652,FALSE,0.624987901343856,FALSE
"CGACCTGCATCTGCAT-1",0.328553287526306,FALSE,0.246495345071659,FALSE,-0.222912681585532,FALSE
"CGACCTTGGCGTTCTA-1",-0.773160445994665,FALSE,-0.703862690930427,FALSE,0.0932477731973591,FALSE
"CGACGCAGCCTTAGTC-1",0.903540585805438,FALSE,0.62048032885822,FALSE,1.08857077320431,FALSE
"CGACGCCAAGGTGCAA-1",2.21656707302417,FALSE,2.0777150119849,FALSE,1.06377070144513,FALSE
"CGACGCCGCAAGTAGC-1",-0.591312920083452,FALSE,-0.548761457587702,FALSE,-0.00464174108620292,FALSE
"CGACGCCGGAGTTGAG-1",-1.90311735859687,FALSE,-2.23108401289975,FALSE,-1.01731480891772,FALSE
"CGACGCTCCGCACGTG-1",1.18252932432649,FALSE,0.341082048139611,FALSE,-0.0474097769909249,FALSE
"CGACTAAGCGGCAGAC-1",0.63578763341129,FALSE,0.810449888818284,FALSE,0.172883127877445,FALSE
"CGACTAATCGGCTCCT-1",0.609997934748666,FALSE,0.562198733349766,FALSE,1.29833925775106,FALSE
"CGACTAGGAGATAAGC-1",0.184926167008901,FALSE,0.313298493434275,FALSE,-0.183478339209386,FALSE
"CGACTAGGTCCTTAAC-1",0.250879177790319,FALSE,0.357361236068801,FALSE,-0.515816589787861,FALSE
"CGACTGAACGAATGCT-1",-0.963149997220695,FALSE,-0.880575911703306,FALSE,-0.679004218630714,FALSE
"CGACTTAGCGCTATCT-1",-0.0245819651387941,FALSE,0.102447129545382,FALSE,0.491853138551178,FALSE
"CGACTTCACTCGGCAT-1",1.12828906686374,FALSE,1.25135598391641,FALSE,0.297715701830691,FALSE
"CGACTTCGCAAGCGGT-1",-1.70192683396824,FALSE,-1.09274318730954,FALSE,-0.309130985502618,FALSE
"CGACTTGCACGCCTGC-1",0.228548249656903,FALSE,0.169898499238581,FALSE,-0.487092522615725,FALSE
"CGAGAACGACAAGACC-1",0.187948065141848,FALSE,-0.13090039312347,FALSE,0.378655792177471,FALSE
"CGAGATGCCGCATCTT-1",-0.240400122597085,FALSE,-0.510297366709706,FALSE,-0.325384800029224,FALSE
"CGAGATGCGGTATGCG-1",-0.682598103440684,FALSE,-0.190838352647272,FALSE,-1.09085393569971,FALSE
"CGAGCCTGCAAGGTTA-1",0.467270856973364,FALSE,0.5164480692526,FALSE,0.0115118819046949,FALSE
"CGAGCGAGCCACGCTA-1",-0.669929328705822,FALSE,-0.476550226072027,FALSE,0.959943756368675,FALSE
"CGAGCGGCACAGTAGG-1",-0.465209474708495,FALSE,-0.201922232027791,FALSE,-0.186518107523459,FALSE
"CGAGCGTAATGGAGTG-1",-0.403988722915093,FALSE,-0.395645253879563,FALSE,-0.479547087043349,FALSE
"CGAGCGTATGCCAGCG-1",1.21022671874203,FALSE,1.1287748860616,FALSE,1.83034329069391,FALSE
"CGAGCGTGAAGTTAGC-1",-0.283879450598706,FALSE,-0.31453592370953,FALSE,-1.1509381991734,FALSE
"CGAGCGTGCATTGTGG-1",0.0387654738217001,FALSE,0.0973401555199965,FALSE,0.890844260174886,FALSE
"CGAGCGTGGACTGGAA-1",-0.920142499905781,FALSE,-1.10900235653064,FALSE,-0.188827128348096,FALSE
"CGAGCTAAGGCCTGTA-1",-1.31237977490363,FALSE,-0.920681179206686,FALSE,-0.576605050521994,FALSE
"CGAGCTATGTCCTCGC-1",0.027912282250964,FALSE,0.242432258967275,FALSE,-1.02138476413124,FALSE
"CGAGCTTAGAATACCT-1",0.130037205462166,FALSE,0.402708231717808,FALSE,-0.35422404557375,FALSE
"CGAGGAACGCTGTCCA-1",-0.78722585983417,FALSE,-0.545232132562686,FALSE,-0.856949349238365,FALSE
"CGAGGAAGACTTAGAT-1",-0.703869670166765,FALSE,-0.509641680577681,FALSE,-0.573181630892343,FALSE
"CGAGGAAGGCAGAAGG-1",0.166339665666991,FALSE,0.631577677997636,FALSE,0.528168043068008,FALSE
"CGAGGACGTAATAGGC-1",0.422500032105303,FALSE,0.567459939536224,FALSE,1.17296756394258,FALSE
"CGAGGAGCATGCTATG-1",0.821636178527027,FALSE,1.02331053633868,FALSE,1.51759435065812,FALSE
"CGAGGAGCGTTCGTTA-1",0.401903944205571,FALSE,0.271649974360521,FALSE,-0.0847355438851973,FALSE
"CGAGGAGTCTAAGGAT-1",-2.02788595927395,FALSE,-1.33942422893105,FALSE,-0.63248365919717,FALSE
"CGAGGATTCGATCATA-1",-0.0360426150473621,FALSE,-0.0561482510700637,FALSE,1.09017058888094,FALSE
"CGAGGCATCCAAGTCC-1",0.0847983112241882,FALSE,0.141078533407547,FALSE,-0.551099930711915,FALSE
"CGAGTCACTCATAGAT-1",-0.0976373307928798,FALSE,-0.79675198592113,FALSE,-0.717431658212306,FALSE
"CGAGTCATCCGCACCA-1",-0.94245474553577,FALSE,-1.22084181208612,FALSE,-0.65676318836829,FALSE
"CGAGTCCATGTCAACA-1",-1.44069863272406,FALSE,-1.14227378081175,FALSE,1.65918610122872,FALSE
"CGAGTCCGTTGGAACT-1",0.798599281618578,FALSE,0.911383711240559,FALSE,0.321706119970336,FALSE
"CGAGTCGCGTAGACAT-1",-3.4914299285621,TRUE,-2.5522126142035,FALSE,-2.19723335697652,FALSE
"CGAGTCTTGTACTGCC-1",-0.0786651142266373,FALSE,0.0760263013226797,FALSE,0.872995277548792,FALSE
"CGAGTGCGGCTCGTGG-1",0.106630265344275,FALSE,0.257438835952703,FALSE,0.226784093074552,FALSE
"CGATAACTCCTTATGC-1",-0.93630526887235,FALSE,-0.622581275359139,FALSE,-0.738960593474179,FALSE
"CGATAAGAATTCCAGT-1",-0.806594468283216,FALSE,-0.757948015006336,FALSE,-0.434136722216635,FALSE
"CGATAAGGATAGGCAA-1",-2.24365552541224,FALSE,-2.50981859608068,FALSE,-0.819670091310702,FALSE
"CGATAAGGTGCCTGAC-1",-1.21012875765438,FALSE,-0.68483171090824,FALSE,0.185958800121902,FALSE
"CGATGACCAGATCTGT-1",-0.588870006038014,FALSE,-0.521398326631839,FALSE,-0.536345238532635,FALSE
"CGATGACCTCATCCTC-1",-0.566963686916555,FALSE,-0.294742196095818,FALSE,-0.827079513539282,FALSE
"CGATGAGGCCAACGTA-1",0.654935742393305,FALSE,0.460753414881753,FALSE,-0.510373676768042,FALSE
"CGATGATATTAGGCCG-1",0.0475523916328314,FALSE,-0.0280737462728358,FALSE,0.600838649124738,FALSE
"CGATGATCAGCTATAA-1",0.179894880212649,FALSE,0.438511242551723,FALSE,0.675255093360366,FALSE
"CGATGATCCTGCAGCC-1",0.582877993245847,FALSE,0.673494927555675,FALSE,-0.235654789959258,FALSE
"CGATGCACCAGGCCTC-1",-0.721464349520413,FALSE,-0.591361666279298,FALSE,-0.745586540086461,FALSE
"CGATGCCGACCGTGAC-1",1.27067639326573,FALSE,1.62591106029635,FALSE,1.08756754827057,FALSE
"CGATGCCTGCTCACCG-1",0.911067372198751,FALSE,0.95856056562258,FALSE,0.124449295566844,FALSE
"CGATGTCCGACTACAG-1",0.678176800013879,FALSE,0.697897492169468,FALSE,1.14486323317943,FALSE
"CGATTAACTAATCTTA-1",-0.190385352138998,FALSE,-0.211591200822933,FALSE,0.417078473213037,FALSE
"CGATTGGAACAGGCCA-1",-0.357682260355478,FALSE,0.0139724807008604,FALSE,-0.310312488052544,FALSE
"CGCAACCATGCACCGA-1",1.20908237482427,FALSE,0.445622639912829,FALSE,0.13474248882588,FALSE
"CGCAATGTATCCAATG-1",0.266812578153528,FALSE,-0.40083042434087,FALSE,-0.679744395700665,FALSE
"CGCACGCAGCCGTTAT-1",-5.07933200746969,TRUE,-5.24031995414958,TRUE,-1.02841919517663,FALSE
"CGCACGCAGGTAAGTC-1",0.353973180394458,FALSE,0.0311902774657148,FALSE,-0.534402348672896,FALSE
"CGCACGCATAATGGTG-1",1.74835303839458,FALSE,1.30509703471676,FALSE,1.01952129908122,FALSE
"CGCACGGCTGTCAGGT-1",-1.45187704537601,FALSE,-0.610830870335786,FALSE,0.104814046835602,FALSE
"CGCACGTAGCATTGTT-1",-0.848219805864586,FALSE,-0.710669904272134,FALSE,0.00138068496678464,FALSE
"CGCACGTGACTGTTGG-1",-1.19397240810559,FALSE,-1.54038875382619,FALSE,1.13409952831975,FALSE
"CGCACTAACTACCGGT-1",0.285964532866791,FALSE,0.400004146333055,FALSE,0.166173325074648,FALSE
"CGCACTGTGAGCCTGT-1",-0.300916950424282,FALSE,-0.507656410127687,FALSE,-0.0557225666275343,FALSE
"CGCACTTAAGGCATGC-1",-0.109085391509059,FALSE,-0.144746187478412,FALSE,-0.0382285269569536,FALSE
"CGCAGACACTGGCGTA-1",0.281337410556432,FALSE,0.0540051418385278,FALSE,0.383161988176302,FALSE
"CGCAGAGCAGTCCGAG-1",-0.432482094399604,FALSE,-0.354435768281449,FALSE,0.584213746845434,FALSE
"CGCAGATAGATGTTCT-1",-0.779506787968714,FALSE,-0.876756727832915,FALSE,-0.709467144305709,FALSE
"CGCAGATATGGACAGT-1",0.408013909951211,FALSE,0.420415567499951,FALSE,0.502819140831355,FALSE
"CGCAGATTCGACCGAA-1",0.179986437574267,FALSE,0.345322596657275,FALSE,0.740094818151632,FALSE
"CGCATCTTGACTTAGT-1",1.07037949836865,FALSE,0.901502481653663,FALSE,0.415255804186885,FALSE
"CGCATGAGGAGCGTCT-1",0.298327022518172,FALSE,0.267666318940089,FALSE,0.0645535098888477,FALSE
"CGCATGGAATTCACGA-1",0.762511378156949,FALSE,0.852239045500639,FALSE,-1.12080723186689,FALSE
"CGCCAACCTGGCGAAT-1",0.787974578186847,FALSE,0.656382642808267,FALSE,1.56746730564604,FALSE
"CGCCACAATAGCTCAA-1",1.17892308788112,FALSE,1.45282866852919,FALSE,0.565923266872563,FALSE
"CGCCACCTGGAAGACA-1",0.0975503867803384,FALSE,0.298119366259428,FALSE,0.476210204581149,FALSE
"CGCCATGAGGCGATGA-1",1.12873803701479,FALSE,0.960670314140933,FALSE,0.344062521218476,FALSE
"CGCCGATTGTCCTTCG-1",0.0298286408665707,FALSE,0.0933908884886882,FALSE,-0.0485174395925624,FALSE
"CGCCGGACTAGGTACA-1",1.67648671774403,FALSE,1.47726025322636,FALSE,3.29590760024576,TRUE
"CGCCGGATCATTAGAC-1",-0.559830484053903,FALSE,-0.563462630822241,FALSE,0.0734575328083766,FALSE
"CGCCGGTATCTAGCAC-1",-0.673145651759494,FALSE,-0.441677706242799,FALSE,0.321123011974395,FALSE
"CGCCTAACTTGATGGT-1",-0.367217323134493,FALSE,-0.483788129051419,FALSE,-0.201152809888582,FALSE
"CGCCTAGAGCGTGGAG-1",-1.4259650138383,FALSE,-1.60856400186205,FALSE,0.197210627987325,FALSE
"CGCCTATTGCCTCGCC-1",-0.184642570212793,FALSE,-0.0333905816928753,FALSE,-0.180596513488702,FALSE
"CGCCTCGAGCCACTCG-1",0.0366317367677528,FALSE,0.0336109370468081,FALSE,0.177504737342934,FALSE
"CGCCTCGATAATGCGG-1",0.0962424883399098,FALSE,-0.118016609745521,FALSE,-0.385031707449462,FALSE
"CGCCTCGGAACTGTGC-1",0.85242473291384,FALSE,0.99687298673048,FALSE,1.95445596693003,FALSE
"CGCCTCGTACGAAGGC-1",-1.67769064647048,FALSE,-1.38015339640963,FALSE,-0.991050316983838,FALSE
"CGCCTCGTAGTCGTGA-1",0.129825996889785,FALSE,0.209436997121743,FALSE,0.0387984208301282,FALSE
"CGCCTCTAATTCGCGG-1",0.878892399309114,FALSE,0.695567554889709,FALSE,-0.183816110631921,FALSE
"CGCCTCTACTCGGAAC-1",-0.0895583306714403,FALSE,-0.0701624395318913,FALSE,0.169462165323849,FALSE
"CGCCTCTGACTATTGT-1",-0.942809929868024,FALSE,-0.869612410663216,FALSE,-0.619478325807465,FALSE
"CGCCTTAAGGTACGCT-1",-2.85759314534523,FALSE,-2.71492102112949,FALSE,-0.940180718142775,FALSE
"CGCCTTACGAGTAGCG-1",-1.66043006737363,FALSE,-0.789284364751046,FALSE,-0.753508303864392,FALSE
"CGCCTTAGCGGCCTCC-1",-1.69735417646426,FALSE,-1.48934628624378,FALSE,-1.13896084750295,FALSE
"CGCCTTAGGATCGGCA-1",-0.592929809834119,FALSE,-0.342241095469864,FALSE,-0.580715426804304,FALSE
"CGCCTTATCTTGGCGA-1",-0.351460068530603,FALSE,-0.351907695754477,FALSE,0.31718113969037,FALSE
"CGCCTTGACGTGAATC-1",0.582099550743556,FALSE,0.851539371686132,FALSE,2.13473717762445,FALSE
"CGCCTTGTGAAGTCTA-1",-0.420013721862635,FALSE,-0.337800467972996,FALSE,-0.391459977546116,FALSE
"CGCTAATTACATTAGG-1",-0.299965831548793,FALSE,-1.42292089011954,FALSE,2.03387201049659,FALSE
"CGCTACTCAGCCATAG-1",0.170460411891406,FALSE,0.241589965070233,FALSE,-0.264653508168403,FALSE
"CGCTAGACTTCATCAC-1",-0.587155602532168,FALSE,0.178579191004296,FALSE,-0.820188310455842,FALSE
"CGCTAGATGTATTCTA-1",-0.205247524258548,FALSE,-0.0590229413267543,FALSE,-0.429268202201581,FALSE
"CGCTAGCCGCATGCAT-1",0.152534122761109,FALSE,0.179753179732059,FALSE,0.194899761414823,FALSE
"CGCTATAGCGATCGCC-1",-0.420826194575059,FALSE,-0.462910265818984,FALSE,-0.42292582525926,FALSE
"CGCTATAGTCTTCATC-1",0.442220295245239,FALSE,0.444165869333385,FALSE,0.904062283219344,FALSE
"CGCTATGGTTGGTTAA-1",0.557608411279907,FALSE,0.358815273013291,FALSE,-0.164432182093516,FALSE
"CGCTATTAATCTATAA-1",-0.770350454370586,FALSE,-0.68636677082048,FALSE,-0.866747402238708,FALSE
"CGCTATTATGATACGT-1",-0.61335312127528,FALSE,-1.26323464955752,FALSE,-0.700984041314101,FALSE
"CGCTCGCAATTGGCGA-1",-0.554024698173914,FALSE,-0.15056667744849,FALSE,0.247075484932486,FALSE
"CGCTCGGCCGGTTGTC-1",-1.2256211084829,FALSE,-0.742184391251779,FALSE,-1.02330691666331,FALSE
"CGCTCGGTACTGCGAA-1",0.978515197634509,FALSE,1.18053400139251,FALSE,1.40398866964629,FALSE
"CGCTGACATTGCGGTC-1",-0.24274864609969,FALSE,-0.28349831882147,FALSE,-1.20342112134038,FALSE
"CGCTGACGGCACATGA-1",-0.191607843837839,FALSE,-0.0798324308246993,FALSE,-0.347427499848427,FALSE
"CGCTGCAATCGCTGTT-1",-0.0833168016602342,FALSE,-0.212580562648006,FALSE,0.0158772894388472,FALSE
"CGCTGCAATTAGGCGT-1",-0.885001628156495,FALSE,-1.2819494631056,FALSE,0.41251718803347,FALSE
"CGCTGCGAGTCCACAT-1",-2.36183148518706,FALSE,-1.38561559317011,FALSE,-0.0702460343123696,FALSE
"CGCTGCGGTTGAGTAG-1",0.135793290415583,FALSE,0.437207714998896,FALSE,-1.12950922097495,FALSE
"CGCTGCTATGACAGAC-1",0.103404301640657,FALSE,0.0629093617367715,FALSE,-0.424823921448664,FALSE
"CGCTGCTTCGCATACT-1",0.170288688470522,FALSE,-0.216885396706161,FALSE,-0.556911515358604,FALSE
"CGCTGTGACATAGGCA-1",-1.44530706624431,FALSE,-1.0636832530153,FALSE,-0.487417170061534,FALSE
"CGCTTAGAATTCTTAC-1",-1.18521218721851,FALSE,-1.19570589070407,FALSE,-0.567624958279587,FALSE
"CGCTTAGGCTGAGTCC-1",1.96761029120989,FALSE,1.86593271723795,FALSE,0.371487126528593,FALSE
"CGCTTATGGTTAGGAT-1",-1.54794512904548,FALSE,-1.09107075248084,FALSE,0.0956112895530278,FALSE
"CGCTTGCGTACGGCAC-1",-0.120957289344309,FALSE,-0.552342754798381,FALSE,-0.707118749203834,FALSE
"CGCTTGCTTGGTCTGG-1",-0.457477562371011,FALSE,-0.085411887426919,FALSE,0.187293102875156,FALSE
"CGCTTGGCTTGGATCT-1",0.631314736427709,FALSE,0.756487966196251,FALSE,0.917563679403859,FALSE
"CGGAACCGATTGAGTC-1",-1.7197075938249,FALSE,-1.37786700961371,FALSE,1.16974076723258,FALSE
"CGGACACTATGTATCA-1",1.26356311382303,FALSE,1.06298111677854,FALSE,2.52372008754618,FALSE
"CGGACTGTGAGTATAG-1",-0.119876983974204,FALSE,-0.395227327307879,FALSE,0.0300695555317856,FALSE
"CGGAGCCATCTGGATA-1",-0.379822513956115,FALSE,-0.407788674882381,FALSE,-0.361640556318043,FALSE
"CGGAGCCGCAATAGCC-1",0.0991368631402544,FALSE,0.103796900678427,FALSE,0.935561038943324,FALSE
"CGGAGCGGTAAGACGC-1",-1.63015140655124,FALSE,-1.40377787842574,FALSE,-1.16075528001317,FALSE
"CGGAGCGTAGAATCTT-1",-0.319303233647414,FALSE,-0.183052230493313,FALSE,0.474684591426564,FALSE
"CGGAGCTCCGATACCT-1",-1.92937385942096,FALSE,-1.43512123094083,FALSE,-0.216094929522265,FALSE
"CGGAGCTCTTCCAACG-1",-2.25674016008786,FALSE,-1.99724184284034,FALSE,0.252915868086548,FALSE
"CGGAGGCTAGTCGGCA-1",-0.776713014635866,FALSE,-1.32167457510429,FALSE,0.328024587892292,FALSE
"CGGAGTAAGGTGCGGT-1",0.778404524017331,FALSE,0.613535861659843,FALSE,0.938305546492162,FALSE
"CGGAGTAAGTGCACAT-1",-2.55722989266016,FALSE,-1.41920035109751,FALSE,-1.49405287170908,FALSE
"CGGAGTCTTACGTGAA-1",0.323537829598916,FALSE,-0.166907633099369,FALSE,0.163581041441445,FALSE
"CGGAGTGGCGACTAAG-1",-0.0746450936388273,FALSE,-0.506798928324128,FALSE,0.527173992764725,FALSE
"CGGAGTGGTCAAGTAT-1",0.177644307318152,FALSE,-0.444667647182156,FALSE,-0.550413206089142,FALSE
"CGGATGTTGAACCACG-1",0.542509255680558,FALSE,0.759287513514221,FALSE,0.612894146061819,FALSE
"CGGATTCCAGACGGTT-1",0.132926467272657,FALSE,-0.157859303237381,FALSE,0.794674705781233,FALSE
"CGGATTGCGTCTACCT-1",0.384057498446033,FALSE,0.790062432111702,FALSE,2.2286631548422,FALSE
"CGGATTGTGCAGGAGC-1",-1.07494465130967,FALSE,-1.20986598941422,FALSE,0.223863120018659,FALSE
"CGGCAACCACTAGCAT-1",-0.157224899909723,FALSE,-0.23432141717454,FALSE,-0.183143739753385,FALSE
"CGGCAACCTAAGTCCA-1",0.37889232711251,FALSE,0.517988488776609,FALSE,0.347312874142631,FALSE
"CGGCAAGATGCGTCGG-1",-0.192497948140854,FALSE,-0.511824787399177,FALSE,-0.646652610872543,FALSE
"CGGCAATCAACGTGGA-1",1.23084637433632,FALSE,1.74238911134303,FALSE,4.64028121566245,TRUE
"CGGCAATCGATAGCGA-1",1.56716937684312,FALSE,1.03927086180344,FALSE,3.50752760410676,TRUE
"CGGCAATTAATTGGAC-1",-0.898100596876306,FALSE,-0.894764114384075,FALSE,-0.773929781585134,FALSE
"CGGCACTCCGGTTCGC-1",0.204730695323133,FALSE,0.251941759632066,FALSE,-0.575204853438529,FALSE
"CGGCATTATCGCGTGG-1",-1.34620338699759,FALSE,-0.869678824844662,FALSE,-0.876666087917731,FALSE
"CGGCCATCAACCGGCG-1",-0.497432948478391,FALSE,-0.38318948498986,FALSE,-0.656957652515503,FALSE
"CGGCCTAACGATAATG-1",1.56776070937245,FALSE,1.78426754408263,FALSE,0.753061533684858,FALSE
"CGGCCTGCGATCGATG-1",0.0326497501951667,FALSE,0.186239707143694,FALSE,-0.00324898248392552,FALSE
"CGGCGTAGCGCTAGGA-1",-0.180424267140428,FALSE,0.00350566398230812,FALSE,1.71619820898648,FALSE
"CGGCGTTGGTTGCAGC-1",0.281131349218801,FALSE,-0.154906736887138,FALSE,1.19897285347658,FALSE
"CGGCTCGTGGAGTACT-1",-3.56367591974339,TRUE,-3.97402069034448,TRUE,-2.75915733609382,FALSE
"CGGCTGACCGCTCGCA-1",0.710702644756812,FALSE,0.77553690378351,FALSE,0.319368295779395,FALSE
"CGGCTGTACATGATGT-1",1.58758731960866,FALSE,1.33924882062472,FALSE,0.857614910140639,FALSE
"CGGCTGTCGGTATTAC-1",1.21959564674778,FALSE,0.152999272408696,FALSE,-1.06874658736085,FALSE
"CGGCTTACGTGCACGA-1",-1.00148250804284,FALSE,-0.891903987515658,FALSE,-0.83465887270414,FALSE
"CGGCTTATTCGCTAAT-1",0.571046288966866,FALSE,0.260836421875507,FALSE,-0.0553500060909266,FALSE
"CGGCTTCCAATAGGAA-1",0.88864948741357,FALSE,0.548121647114849,FALSE,0.228498213105978,FALSE
"CGGCTTCGATCTCCAA-1",0.4853740236315,FALSE,0.869391009181313,FALSE,0.553120598626956,FALSE
"CGGCTTCTACGATATG-1",1.02214342288669,FALSE,1.42458283508188,FALSE,3.85351561146422,TRUE
"CGGCTTGTGCCGGCCT-1",-0.610586965893396,FALSE,-0.714526307560662,FALSE,-0.171047282216734,FALSE
"CGGTAGAACGTGACTT-1",0.522522059939102,FALSE,0.543766166689024,FALSE,0.425321582331468,FALSE
"CGGTAGATTCCTATGC-1",-0.787964599865696,FALSE,-0.66587924274677,FALSE,-0.93441101347513,FALSE
"CGGTAGGTACTCTACG-1",0.618204896042783,FALSE,0.865092467425612,FALSE,0.521605782216048,FALSE
"CGGTAGGTTCGATTCA-1",-1.17222255141539,FALSE,-0.991540321396036,FALSE,2.05700682435264,FALSE
"CGGTATAGGATGAGCG-1",-2.92009072308184,FALSE,-3.09344872637904,TRUE,-0.818284061709632,FALSE
"CGGTCAACGGCGGATT-1",-2.92812743385267,FALSE,-3.47132281663415,TRUE,-1.49188180692866,FALSE
"CGGTCAATTGGCCGAT-1",-0.436748210859366,FALSE,-0.440433258727918,FALSE,1.03414354815795,FALSE
"CGGTCATGGAGGACTC-1",-2.65285379484039,FALSE,-2.1655739383647,FALSE,-0.528545938857867,FALSE
"CGGTCCATACTTGAGC-1",0.459969023690822,FALSE,0.51939576035873,FALSE,3.09816044645916,TRUE
"CGGTCCATGCGACTCC-1",0.786291010442581,FALSE,0.437492140070641,FALSE,0.801408746844006,FALSE
"CGGTCCATTACAACTA-1",-0.999564231211494,FALSE,-0.840492347613691,FALSE,-0.477159286560631,FALSE
"CGGTCCGGTTCTTAGC-1",-0.721441041661129,FALSE,-0.30818722267445,FALSE,-0.495997071487861,FALSE
"CGGTCTAGATCGAATG-1",-0.589031327367581,FALSE,-0.168878313782024,FALSE,0.453873414153978,FALSE
"CGGTCTGCTTGAATGA-1",0.762613144041424,FALSE,0.484633376066814,FALSE,-0.327141918204152,FALSE
"CGGTCTTATCCAAGCT-1",0.793183281870229,FALSE,-0.219227050302332,FALSE,-0.468179584665744,FALSE
"CGGTCTTGCTATTCTA-1",-0.0539410270421199,FALSE,0.29938187345518,FALSE,-2.08177810273159,FALSE
"CGGTGAACGGTTAGAT-1",0.354237328853968,FALSE,0.627275467682356,FALSE,-1.03357230467506,FALSE
"CGGTGAACTCACATTG-1",0.644955623937986,FALSE,0.7440799625179,FALSE,-0.902815027497868,FALSE
"CGGTGAACTCCACCAG-1",-4.11883543416804,TRUE,-3.52485749261125,TRUE,0.689973788262515,FALSE
"CGGTGAGCATGTATAC-1",-0.839816195104971,FALSE,-0.615369825360493,FALSE,-0.602033487664568,FALSE
"CGGTTACCATCAACCA-1",0.668562717283189,FALSE,0.573200053588595,FALSE,0.698161398181217,FALSE
"CGGTTACGTCCATGAA-1",0.0863709440144463,FALSE,-0.0334568328470279,FALSE,-0.170922429252046,FALSE
"CGGTTATCTGTCTTAA-1",-0.389786304060414,FALSE,-0.900346957670357,FALSE,-0.583610301575032,FALSE
"CGGTTGATTGAGCGCC-1",-2.74326817997288,FALSE,-1.97278866638984,FALSE,-1.01162400519502,FALSE
"CGTAACAGGTCTTGAA-1",0.0123795478948312,FALSE,0.0933586123910595,FALSE,-0.247065605321028,FALSE
"CGTAACATAAGTCATC-1",-0.473914974902752,FALSE,-0.700601218655156,FALSE,-1.20461583495307,FALSE
"CGTAACATTCGCGATA-1",0.470451676415857,FALSE,0.639740608508305,FALSE,0.242216338154054,FALSE
"CGTAACATTGGCTGAG-1",-0.00717478696761148,FALSE,0.233844323770811,FALSE,-0.0433533137920032,FALSE
"CGTAACCGGTATGCTA-1",0.383264371881068,FALSE,0.106049292048902,FALSE,1.10399652087071,FALSE
"CGTAACCTGACATCGA-1",0.316762656984695,FALSE,0.488587981590801,FALSE,0.364380804299123,FALSE
"CGTAACTAACAATCAT-1",-0.798660740339718,FALSE,-1.14002842208102,FALSE,-1.05223626093714,FALSE
"CGTAAGCCGACCGCTT-1",-0.360927477151087,FALSE,0.0903622631841641,FALSE,-0.961685412171101,FALSE
"CGTAATGTTATCGCCG-1",-0.261121664442348,FALSE,0.230201279930403,FALSE,0.332563632534658,FALSE
"CGTACACGGCGTCTCC-1",0.255282927921184,FALSE,0.453402200836034,FALSE,-0.0396908597176792,FALSE
"CGTACAGACGAGGACC-1",-0.453267787466366,FALSE,-0.576890772517939,FALSE,-1.08780658320574,FALSE
"CGTACAGGATTGGAAT-1",1.48490359317285,FALSE,1.23400266968417,FALSE,1.02033631972287,FALSE
"CGTACAGGCCGCACTG-1",0.197538260138655,FALSE,0.222137342878949,FALSE,-0.454250256704901,FALSE
"CGTACAGTAAGTAATG-1",0.529555101988906,FALSE,0.469387039821654,FALSE,0.277916131616692,FALSE
"CGTACATCACTGGATG-1",-0.0897222315602639,FALSE,-0.304783527877569,FALSE,-0.138939496630208,FALSE
"CGTAGCCAAGTCCGTC-1",-0.257030369684509,FALSE,-0.135406519125132,FALSE,-0.280276425286755,FALSE
"CGTAGCCTTGAGCAAG-1",1.03233832994697,FALSE,0.989743363693967,FALSE,2.61904315225631,FALSE
"CGTAGTACAAGGTACT-1",0.423095031143052,FALSE,0.183327882684109,FALSE,0.0528365343745822,FALSE
"CGTAGTACGCATAATG-1",0.0727645056455943,FALSE,0.0154260274098473,FALSE,1.13539230517777,FALSE
"CGTAGTCCGAGCATGA-1",0.47053454472704,FALSE,0.323038945564194,FALSE,-0.474448045935394,FALSE
"CGTAGTCGGTTATCGA-1",1.60090842818628,FALSE,1.40555531167991,FALSE,-0.368434554384154,FALSE
"CGTAGTGACTCAAGGA-1",1.95293103503125,FALSE,1.5623635304542,FALSE,-0.0466093172249591,FALSE
"CGTAGTTATTGGTAGT-1",0.416295508135023,FALSE,0.511380334844267,FALSE,1.2714837974687,FALSE
"CGTAGTTCGTTGGTAG-1",-0.118810284861049,FALSE,-0.228050975710996,FALSE,-0.0634309688871461,FALSE
"CGTCAAGGCGGAATGT-1",-1.79013090496488,FALSE,-1.64104151441062,FALSE,-0.901287440813359,FALSE
"CGTCAGAACGTTGCCG-1",-0.0899485648946805,FALSE,-0.213393159181142,FALSE,-0.503245581280695,FALSE
"CGTCCAATCTGCGTCC-1",-0.830939988023875,FALSE,-0.634739257081078,FALSE,-0.377602126686352,FALSE
"CGTCCATAATCCGCTT-1",-0.846692091612449,FALSE,-1.59240437264338,FALSE,-1.17192524854258,FALSE
"CGTCCATCCTAGCATC-1",0.19281578515878,FALSE,0.34547035985653,FALSE,-0.230041906643455,FALSE
"CGTCCATCGTCCAATA-1",0.377937092060733,FALSE,0.367735507641151,FALSE,0.323867882935059,FALSE
"CGTCCATGTAGCGTCT-1",-0.284104708221319,FALSE,-0.319811539308659,FALSE,0.0434473357600838,FALSE
"CGTCGGATCGCAGAAC-1",-0.661561646058473,FALSE,-0.625346598997824,FALSE,-0.127473674605141,FALSE
"CGTCGGCAGACGGTAT-1",-0.0276636082296941,FALSE,0.0489368599852049,FALSE,0.0216830043981504,FALSE
"CGTCGGCGGTAGATCA-1",-1.01388509391817,FALSE,-1.44416658752017,FALSE,-1.25806784633565,FALSE
"CGTCGGTTAGCGGTGA-1",-3.27761484217299,TRUE,-3.41441245319291,TRUE,-1.43121883965402,FALSE
"CGTCTTGCAACTTCTG-1",0.667813582276448,FALSE,0.689290465717626,FALSE,0.997355919107189,FALSE
"CGTGAATGGTCCTGCG-1",1.21247340674381,FALSE,1.17647059773978,FALSE,6.43064867757187,TRUE
"CGTGAGCAATGGACAT-1",0.0277581065971515,FALSE,-0.357919742193702,FALSE,-0.306056454909281,FALSE
"CGTGAGCTGTTATCGT-1",-0.578509374571325,FALSE,-0.527531651870352,FALSE,-0.163840188738606,FALSE
"CGTGAGGAACATAGGT-1",-0.612896938450858,FALSE,-0.867479592015192,FALSE,-0.898395590239728,FALSE
"CGTGAGGCATAATGGA-1",1.22326648024053,FALSE,1.02810299580097,FALSE,1.03416286693227,FALSE
"CGTGAGGCCTACAAGT-1",0.691704399142807,FALSE,0.505636006148366,FALSE,0.825129337406508,FALSE
"CGTGAGGCTCTTGTGC-1",-1.01377893830227,FALSE,-1.16589238841179,FALSE,-0.241507100335982,FALSE
"CGTGCGGATTCATGTA-1",-0.590173839997223,FALSE,-0.307668956092974,FALSE,-0.0628885620506397,FALSE
"CGTGGCTCCTTGTCTT-1",0.110687715265674,FALSE,-0.288113019178524,FALSE,-0.386598709657676,FALSE
"CGTGTACGATGATTGT-1",-0.347992147432003,FALSE,-0.269162576369328,FALSE,0.075145655736658,FALSE
"CGTGTAGACACCTTCC-1",-15.6156039809782,TRUE,-5.58892712044429,TRUE,1.29237323492392,FALSE
"CGTGTAGTATTCTTGG-1",-7.31423551674189,TRUE,-2.22342511342394,FALSE,-1.70763903584131,FALSE
"CGTGTATGAGGCCAGG-1",-2.00457691764009,FALSE,-1.71881670828198,FALSE,-1.48466509865903,FALSE
"CGTGTTAACCTGAAGC-1",-1.411864613661,FALSE,-1.39264588884416,FALSE,-0.953126132421306,FALSE
"CGTGTTACCATATGTA-1",0.407695520881387,FALSE,0.45374765013191,FALSE,0.533112113183144,FALSE
"CGTGTTAGATGGTATC-1",-0.959834655747066,FALSE,-0.681497435912405,FALSE,-0.160332004056276,FALSE
"CGTGTTGGACGTCTGG-1",-2.0367965032596,FALSE,-1.82904870175124,FALSE,0.281639182823216,FALSE
"CGTTACAGTGCACTCA-1",-0.106217425940517,FALSE,-0.0039792905616288,FALSE,0.224462120490171,FALSE
"CGTTACGTGCAGATGG-1",-5.00106411346173,TRUE,-3.77418976578614,TRUE,1.88656017768939,FALSE
"CGTTCCTGTCACCGTG-1",0.500529835756756,FALSE,0.0969806884065717,FALSE,0.67864607135352,FALSE
"CGTTGGTCGTCACTGT-1",-0.131131083955156,FALSE,-0.599878052165542,FALSE,-0.376998402809687,FALSE
"CGTTGGTGGCGTCTGC-1",-0.697288350101778,FALSE,-0.664219396634985,FALSE,-0.0484741904459864,FALSE
"CGTTGTGAGCAAGTGG-1",-0.709550739198889,FALSE,-0.690440521315584,FALSE,-0.217311120964763,FALSE
"CTAACAAGGCTCACTT-1",-1.105534104566,FALSE,-0.955585271735917,FALSE,-0.232051470621412,FALSE
"CTAACAGTATACCGGC-1",-0.119451720316595,FALSE,0.183525512962985,FALSE,-0.264564156613288,FALSE
"CTAACGTTAGGCAATG-1",0.889629652742222,FALSE,0.579983508805844,FALSE,0.0534633005651871,FALSE
"CTAAGAACCTTATTCC-1",1.01770693163401,FALSE,1.11567239007844,FALSE,0.765171030501908,FALSE
"CTAAGAATTGATTCAC-1",-0.181592449333481,FALSE,-0.192138190571389,FALSE,-0.342799000647949,FALSE
"CTAAGAGGCTATGTTC-1",2.34220539587617,FALSE,2.12392517083021,FALSE,2.97426091012828,FALSE
"CTAAGCGTGCCTGCAA-1",-1.07063629702146,FALSE,-1.12269906806832,FALSE,-0.3635597101626,FALSE
"CTAAGCTCCACGATCA-1",-0.624311531006214,FALSE,-0.849276289848844,FALSE,-0.405599549005739,FALSE
"CTAAGCTTACAGTACG-1",0.187977763143435,FALSE,0.368140376900621,FALSE,0.611851246330012,FALSE
"CTAAGTCAAGATCATG-1",-0.705281441122491,FALSE,-0.790010094152317,FALSE,0.0473947891695466,FALSE
"CTAAGTGGCCGATTAG-1",-0.724089660632528,FALSE,-0.661562663664703,FALSE,-0.214019094570423,FALSE
"CTAATCACTCCGAGAC-1",0.794025814180414,FALSE,0.893048260603645,FALSE,1.0185255566227,FALSE
"CTAATCTGGCCGTGTT-1",-0.12808848588109,FALSE,-0.374922416088848,FALSE,-0.38715309838968,FALSE
"CTAATGACATCATTCT-1",-0.245109104540809,FALSE,-0.113237306269203,FALSE,-0.313941224004264,FALSE
"CTAATGAGCGAGGCTA-1",1.03560109974617,FALSE,1.13777027885161,FALSE,2.32545320823158,FALSE
"CTAATTACGCAATGGA-1",-0.101800910909322,FALSE,0.122634500035651,FALSE,0.658097948630382,FALSE
"CTACAACCGCTGTCTA-1",1.12419236951362,FALSE,1.04094481132624,FALSE,1.20160128827291,FALSE
"CTACAGAACCAGTTGA-1",-0.851652716492382,FALSE,-0.340416456995515,FALSE,1.63425110486073,FALSE
"CTACAGAATTAATGAC-1",0.998293712210655,FALSE,1.01436706577624,FALSE,1.47832379552809,FALSE
"CTACAGATCGGTCGCC-1",0.0992149840187818,FALSE,0.0741544286765283,FALSE,0.101077517888581,FALSE
"CTACAGATGGTCATAC-1",0.197480296131571,FALSE,-0.0483864013746107,FALSE,-0.708997360892421,FALSE
"CTACAGCGTCTACACT-1",-0.442265233729311,FALSE,-0.190958618642268,FALSE,-0.221684395288733,FALSE
"CTACAGGTCGCTAAGC-1",-1.05080399234679,FALSE,-0.678140574283747,FALSE,-1.12998096309111,FALSE
"CTACATCTACTGGCTT-1",0.419177411003029,FALSE,0.598407803235658,FALSE,0.296222428685115,FALSE
"CTACCAGACCTCTTAG-1",-0.444063068688225,FALSE,-0.869570509327735,FALSE,-0.597400844970534,FALSE
"CTACCAGGAGACATCT-1",-0.764616656123053,FALSE,-0.315825835708252,FALSE,0.036664844655363,FALSE
"CTACCATCGATGAGAA-1",0.806583740293135,FALSE,0.779961173213452,FALSE,1.63941826968786,FALSE
"CTACCTGTAATAAGCA-1",-0.497278148035444,FALSE,-0.669979118785943,FALSE,-0.919467490806664,FALSE
"CTACCTTATCAACTGA-1",0.216911855070247,FALSE,0.366071615459118,FALSE,-0.160425405278442,FALSE
"CTACGAATTGGCTGGT-1",-1.38866738992782,FALSE,-1.27610359634799,FALSE,-1.55180512635397,FALSE
"CTACGAGCCGGACGGT-1",-1.3479026014534,FALSE,-0.486228554860228,FALSE,-0.0906361818909942,FALSE
"CTACGAGCCTGGAGAC-1",-0.115279158880764,FALSE,-0.0988987903513316,FALSE,0.572861832498478,FALSE
"CTACGATGCGTCCGGC-1",0.0396888445980294,FALSE,-0.0744958828574777,FALSE,-0.735285482787368,FALSE
"CTACGCCTCCGCGTAT-1",-0.660642191898417,FALSE,-0.643736674709631,FALSE,-0.442499040709407,FALSE
"CTACGCTACATCTGTT-1",1.63213785615131,FALSE,2.27167026053566,FALSE,3.11972130462868,TRUE
"CTACGCTTAGAAGTGC-1",-1.43282619126687,FALSE,-1.51142205803101,FALSE,-0.323203324470909,FALSE
"CTACTGAGTGACGGAC-1",0.167596400590363,FALSE,0.308729243043528,FALSE,1.3267847353072,FALSE
"CTACTGCTCCGACAGT-1",-0.951033361791375,FALSE,-1.20272534537516,FALSE,-1.43810438034849,FALSE
"CTACTTATGAACATAA-1",0.278407867232353,FALSE,0.555482556617246,FALSE,1.26441079767284,FALSE
"CTAGACGATTGAGCTA-1",0.809079162185807,FALSE,0.734529557505203,FALSE,2.48849478879438,FALSE
"CTAGCAACCAGTGCGG-1",-0.776978525743837,FALSE,-0.644052487100591,FALSE,-0.61962035517899,FALSE
"CTAGCACGATCACTGT-1",0.117122983794694,FALSE,0.292345409478479,FALSE,0.822361275618145,FALSE
"CTAGCACGCCAAGCTT-1",-1.51947009760177,FALSE,-2.13437528333861,FALSE,-0.715150332504142,FALSE
"CTAGCATAGAGCGAGC-1",-0.046416742319158,FALSE,-0.0608954632593195,FALSE,0.56578353812115,FALSE
"CTAGCCGAAGATGGAC-1",2.12919103036464,FALSE,0.718652769554158,FALSE,-0.483783014345845,FALSE
"CTAGCGCCTAGCTTAA-1",-0.891653474273445,FALSE,-0.751970434922355,FALSE,-0.827052058831467,FALSE
"CTAGGACGCAAGCATT-1",-2.15412905661491,FALSE,-1.34682973226405,FALSE,1.38583028330749,FALSE
"CTAGGCCAGGAGTACG-1",-0.0428303160054476,FALSE,-0.41242020329327,FALSE,-0.568877052089099,FALSE
"CTAGTCAGGCGACAGT-1",0.0671666408388719,FALSE,0.14344194996446,FALSE,1.30457936039945,FALSE
"CTAGTGTTCAGATCCG-1",-0.224483002546656,FALSE,-0.193394730805969,FALSE,-0.46426830939789,FALSE
"CTAGTTATGTCCAAGG-1",0.486178087949562,FALSE,0.407895192630855,FALSE,0.200926531831982,FALSE
"CTAGTTCTACATGACG-1",-1.43986437458035,FALSE,-1.98882271826666,FALSE,0.636948055382237,FALSE
"CTAGTTGTCCACGTCA-1",-0.97524904048235,FALSE,-1.16795835419983,FALSE,-0.547599000189304,FALSE
"CTAGTTGTGCGTCACT-1",0.854133462726147,FALSE,0.945550318556132,FALSE,0.856443655396682,FALSE
"CTATAACCAGCAGTAT-1",0.965524132353089,FALSE,1.33688102953663,FALSE,-0.315100902417081,FALSE
"CTATAACTACGCCTGG-1",0.81275471650826,FALSE,1.12069066186426,FALSE,-0.302542522263049,FALSE
"CTATAACTCCTGGAGG-1",0.826964545183418,FALSE,0.600486172588361,FALSE,-0.434097547906564,FALSE
"CTATACCGACTCGCAT-1",-1.25613575120853,FALSE,-1.74528108172857,FALSE,-0.961619051052226,FALSE
"CTATAGATCCACAAGC-1",-1.11004519688288,FALSE,-0.813316766741295,FALSE,-0.758679669141992,FALSE
"CTATAGGTTGATGCCT-1",-2.45098794027276,FALSE,-1.90489054776874,FALSE,-0.18481347584899,FALSE
"CTATCCATTAGCTCGA-1",-0.445397666851073,FALSE,-0.565793963344845,FALSE,-0.228549009782263,FALSE
"CTATCCATTGAGCCAC-1",0.117862211279035,FALSE,-0.285258510952493,FALSE,-0.0756256481077515,FALSE
"CTATCCGCTGCAATTG-1",-0.000472164341486996,FALSE,-0.573604531149659,FALSE,0.140691843059655,FALSE
"CTATCCGTACGTTGGC-1",-0.200959233684402,FALSE,0.14330646837276,FALSE,0.444509613734081,FALSE
"CTATCGAATGGTCTGT-1",0.328122588200905,FALSE,0.413444518888414,FALSE,1.55175012420449,FALSE
"CTATCGAGATGCCTAC-1",-0.263617629518298,FALSE,-0.144623346064418,FALSE,-0.600305880269823,FALSE
"CTATCGATCTGCGTGA-1",0.307363385435187,FALSE,0.0922003889608964,FALSE,0.372507673952834,FALSE
"CTATCGCAGTCAATGG-1",0.633928997166243,FALSE,1.03052845734293,FALSE,0.241097235094382,FALSE
"CTATCGGATATCGGAG-1",-1.76211518595496,FALSE,-0.767836450897456,FALSE,0.263526026289971,FALSE
"CTATCGGCTTAACTAG-1",0.168431396183614,FALSE,0.242560104219978,FALSE,1.25308876772608,FALSE
"CTATCGTATCAGCGTG-1",0.656227033477196,FALSE,0.597515960970092,FALSE,0.709400300533571,FALSE
"CTATCGTATGGTGATG-1",0.425561866685891,FALSE,-0.406490493181434,FALSE,0.0319061195008484,FALSE
"CTATCGTTACAACCTT-1",-1.43378668381095,FALSE,-0.805271297436899,FALSE,-0.569523888677364,FALSE
"CTATCGTTATCCGTCG-1",-0.135711936764449,FALSE,0.0611696161895323,FALSE,0.107004675564446,FALSE
"CTATCGTTCCGCTCGT-1",-0.0134827013426486,FALSE,0.0364131315234545,FALSE,1.00328537991927,FALSE
"CTATGCAACAGAGTCG-1",-0.868948978888952,FALSE,-0.937802359252394,FALSE,-0.713565005070354,FALSE
"CTATGCACCAATCCAG-1",0.107113231719626,FALSE,-0.0475601746933135,FALSE,-0.210972165391633,FALSE
"CTATGCAGACCTCGCC-1",0.737702230146954,FALSE,0.621217948269767,FALSE,0.665349571380201,FALSE
"CTATGCCACGAGGCTG-1",0.890896972174911,FALSE,0.977991286757203,FALSE,1.51348823500453,FALSE
"CTATGCCATTGGAGAA-1",-0.0933532139849104,FALSE,0.0869230904837577,FALSE,-0.302739960095695,FALSE
"CTATGCCGTACAGCGT-1",-0.0553454574401293,FALSE,-0.0539002726139227,FALSE,1.13026816845182,FALSE
"CTATGCCTATTGATCT-1",-1.30522322726937,FALSE,-1.28785653823878,FALSE,-0.427669574471584,FALSE
"CTATGGCCAACGCCGG-1",-0.467912663849645,FALSE,-0.673075725562547,FALSE,-0.566273969088173,FALSE
"CTATGTAGCGCAGATA-1",0.494253791863238,FALSE,-0.0422332440270106,FALSE,-0.623552849597077,FALSE
"CTATGTAGGCCGAACG-1",0.304857835542169,FALSE,0.577279475777578,FALSE,0.833014716677655,FALSE
"CTATGTCAGGAACCTC-1",0.611393207283637,FALSE,0.396158353966612,FALSE,0.732630399175859,FALSE
"CTATGTGCCTGGTAGG-1",0.826208502923289,FALSE,0.795193798284196,FALSE,0.855941850923364,FALSE
"CTATGTGCCTTCAGGT-1",0.673461363560972,FALSE,0.65193842116217,FALSE,0.329609182951677,FALSE
"CTATGTGCGGTTGACT-1",-0.315129664083517,FALSE,0.234267597732288,FALSE,0.0830047122664774,FALSE
"CTATTAAGCCAGCACT-1",-0.195064250265688,FALSE,0.133597005417176,FALSE,0.558421923050321,FALSE
"CTATTACCGTCATATT-1",-0.0643249645149554,FALSE,0.23467648242832,FALSE,1.41217760682511,FALSE
"CTATTAGACTAAGTGG-1",-1.08610719626493,FALSE,-1.04733065672449,FALSE,-0.536147955650509,FALSE
"CTATTAGCGGCTTCGT-1",-0.858971330356893,FALSE,-0.497767544904532,FALSE,-2.25668945914415,FALSE
"CTATTAGCTTCCATTC-1",0.366924372640534,FALSE,0.258826375915297,FALSE,-0.441965260209287,FALSE
"CTATTAGTACTGGCTC-1",0.677798353682529,FALSE,0.502608908056742,FALSE,0.441801296124921,FALSE
"CTATTATGAGATACGA-1",-0.377781531291707,FALSE,-0.172384804309749,FALSE,0.417817875204582,FALSE
"CTATTATGGCACCTCG-1",0.745301709040621,FALSE,0.753703858618516,FALSE,0.925284800325271,FALSE
"CTATTCCGGCCGTCGG-1",0.139285088823354,FALSE,-0.319346404073285,FALSE,-0.484329473052212,FALSE
"CTATTCGTCTTACATA-1",0.140830106099218,FALSE,0.0749433055773424,FALSE,0.863165405533496,FALSE
"CTATTCTGTAGGACCT-1",-0.358437183446561,FALSE,-0.349325288534389,FALSE,-0.0405336836506347,FALSE
"CTCAAGAAGCACTGTA-1",0.326495984040387,FALSE,0.0919758750267384,FALSE,0.0956204983964006,FALSE
"CTCAATACAGTATTCT-1",0.810452335584734,FALSE,1.0298885937259,FALSE,0.514743887770765,FALSE
"CTCAATACGTTAACCG-1",-0.641342508535279,FALSE,-0.556373363319639,FALSE,-0.681008554431635,FALSE
"CTCAATGACCATTAAG-1",0.84607703666931,FALSE,0.704934507078137,FALSE,0.768011745213687,FALSE
"CTCAATGACCGTGGTA-1",-0.0316992305165989,FALSE,-0.123498123275339,FALSE,-0.848507236209031,FALSE
"CTCACCAGGAATTGAC-1",-0.382868776251649,FALSE,-0.207422944294193,FALSE,-0.636413291544063,FALSE
"CTCACCAGTGTAAGTT-1",0.525754542572255,FALSE,0.505781060760847,FALSE,0.704022212380082,FALSE
"CTCACCGTGACTCGGA-1",-0.245629299198732,FALSE,-0.1802355530827,FALSE,-1.12503100227138,FALSE
"CTCACCTGAGACTAAG-1",-0.828559909808732,FALSE,-0.761266209285636,FALSE,-0.580388888521428,FALSE
"CTCACCTGCCGACTAA-1",1.83481162579672,FALSE,1.41753018280774,FALSE,0.75921878446207,FALSE
"CTCACCTGGCTTAGGT-1",-0.997164807688375,FALSE,-0.510568516850164,FALSE,-0.710936431472242,FALSE
"CTCACCTTAATAAGAT-1",-0.459149055345241,FALSE,-0.35465367417273,FALSE,-1.16126895116036,FALSE
"CTCACCTTCGGCGTCT-1",0.403981680378603,FALSE,0.521542899804094,FALSE,0.379876328070283,FALSE
"CTCACCTTCTGAAGTA-1",-0.564083146571109,FALSE,-0.601186341896143,FALSE,-0.366088264331724,FALSE
"CTCACCTTGGAAGAAC-1",-0.756387309013448,FALSE,-0.967911844914151,FALSE,-0.2819756492215,FALSE
"CTCACGAGTAGATGAG-1",-0.163377705111654,FALSE,-0.283076009149651,FALSE,-0.0106704046817802,FALSE
"CTCACGATCTCCGGAG-1",-1.39717285380891,FALSE,-1.33875995872253,FALSE,0.132938649197988,FALSE
"CTCACGTATTCAAGCG-1",0.37635455930671,FALSE,0.416969654167558,FALSE,0.0990863263270092,FALSE
"CTCACGTGAACGTATT-1",1.05742508337763,FALSE,0.89309907634659,FALSE,1.91611519227778,FALSE
"CTCACGTTCGGTCTGC-1",-0.517464709469147,FALSE,-0.708628035098644,FALSE,-0.713182236359762,FALSE
"CTCAGAAGACAACTCG-1",-1.27630538054919,FALSE,-0.912890364165562,FALSE,-0.490975516916566,FALSE
"CTCAGGATACGCGGCA-1",0.534209258071154,FALSE,0.14248774977603,FALSE,-0.462718177428595,FALSE
"CTCAGGCACGTCAGAC-1",0.0929596063016845,FALSE,0.188222004836474,FALSE,0.515352910152697,FALSE
"CTCAGGTCACTACAGC-1",-1.80191004510021,FALSE,-1.14011761751894,FALSE,-0.906060202074965,FALSE
"CTCAGGTCGTGCTCGC-1",0.772627259708318,FALSE,1.06686119141592,FALSE,0.192597926689554,FALSE
"CTCATAATAGCACCGT-1",0.052026308814949,FALSE,0.434544376016799,FALSE,0.265424865384774,FALSE
"CTCATAGCCAATGTCG-1",0.64594806789651,FALSE,0.80172304398307,FALSE,-0.23119913447409,FALSE
"CTCATATGATAACTAT-1",0.0138537333321515,FALSE,-0.0207004526914398,FALSE,0.956935738993267,FALSE
"CTCATATGTAACCGTG-1",0.422639966421345,FALSE,0.393338343167086,FALSE,-0.0101449031432468,FALSE
"CTCATATGTCCGTGAC-1",-1.76850198097082,FALSE,-1.72682293774551,FALSE,0.182870223517559,FALSE
"CTCATATTACTATGGT-1",0.265819582613198,FALSE,0.609216548564203,FALSE,-0.122370922156879,FALSE
"CTCATCCTCGGCAAGT-1",0.602957011184663,FALSE,0.59086622488629,FALSE,0.00688534559259503,FALSE
"CTCATCCTGGCAAGTC-1",0.185536265194993,FALSE,0.172810445801872,FALSE,-0.0713439613920417,FALSE
"CTCATCTATTCGATAC-1",-0.190142889611071,FALSE,0.104569447812055,FALSE,-0.446530171050642,FALSE
"CTCCAACCTTAGCCGG-1",1.29010456307409,FALSE,0.924714282644677,FALSE,1.45327163042184,FALSE
"CTCCAAGCGTCCTTCA-1",-0.69253690461051,FALSE,-0.83408177482865,FALSE,-0.23841625966521,FALSE
"CTCCAATGGTCGCAGA-1",-0.469268823464197,FALSE,-0.370350564671885,FALSE,0.565659076338124,FALSE
"CTCCACGCTAGCTAGA-1",-0.258600409153606,FALSE,-0.286752346312412,FALSE,0.0915375326082532,FALSE
"CTCCACTGGCTAATGG-1",-0.141463622047939,FALSE,-0.140460752102689,FALSE,0.527137715438282,FALSE
"CTCCAGAATATTACAT-1",-5.57603014154848,TRUE,-5.52109357683027,TRUE,-2.29760846893165,FALSE
"CTCCATGGCGACCAGT-1",-0.21646235918124,FALSE,-1.25858903132,FALSE,-2.16035854728429,FALSE
"CTCCGGATCCTCGCTC-1",0.313876438489098,FALSE,0.286711003531626,FALSE,0.770530419899285,FALSE
"CTCCGGCCTACAGCTT-1",0.858870686178628,FALSE,0.811969479183417,FALSE,1.42905997935507,FALSE
"CTCCGGTTATGGCACG-1",0.59235854808829,FALSE,0.56071424770461,FALSE,0.765980574639685,FALSE
"CTCCGGTTCAGCGGAT-1",0.52320808321987,FALSE,0.41846955599834,FALSE,0.718744375956428,FALSE
"CTCCGTAAGGTCTGTT-1",-0.869333736339864,FALSE,-0.581880299381068,FALSE,-0.327366730585957,FALSE
"CTCCTACATTGTATCT-1",-0.21786580001972,FALSE,-0.114889911099448,FALSE,-0.412284128984977,FALSE
"CTCCTACCTCGTGGTA-1",-0.19422925257091,FALSE,-0.130771052906085,FALSE,0.196709439510173,FALSE
"CTCCTACTTGAGTAAG-1",-0.311707625816404,FALSE,-0.274848257757804,FALSE,-0.423067761110025,FALSE
"CTCCTGTCGAAGCCAA-1",-0.183160173940682,FALSE,-0.174465789345274,FALSE,0.468666563014684,FALSE
"CTCCTTATCTTAAGAC-1",0.0999359482529472,FALSE,-0.0293966477083038,FALSE,0.506581736739624,FALSE
"CTCCTTATGGAACCTT-1",0.348339998647441,FALSE,0.303873729133741,FALSE,0.254210670288628,FALSE
"CTCGACAGCACTCGGA-1",1.94097094072386,FALSE,2.18411356158122,FALSE,1.78875906101078,FALSE
"CTCGACATAATTCTAT-1",-1.43137080463203,FALSE,-1.19912460455935,FALSE,-0.921643624617292,FALSE
"CTCGACTCCTAATGGA-1",0.0318196290418922,FALSE,0.565354803877883,FALSE,0.718063174419194,FALSE
"CTCGATGCGGTGTTAA-1",0.672844213121114,FALSE,0.900515570740513,FALSE,4.23359115765799,TRUE
"CTCGATGTTGAACGGC-1",0.86000341585938,FALSE,0.826750802715593,FALSE,0.441733396851823,FALSE
"CTCGATGTTGCTATGT-1",-0.705176547360036,FALSE,-0.433812790875013,FALSE,-0.515022323763196,FALSE
"CTCGCATACTCAACTC-1",0.614784036912337,FALSE,1.00711483248456,FALSE,-1.16410567721166,FALSE
"CTCGCTAGCACCATCT-1",-0.659941875400686,FALSE,-0.199654948228774,FALSE,-0.327598917331719,FALSE
"CTCGCTGTTCATAGAT-1",-0.074852703553927,FALSE,-0.138850374053104,FALSE,0.0368634171859464,FALSE
"CTCGGAAGGCCAATAA-1",-0.378317917077284,FALSE,-0.294669110135498,FALSE,0.0511036690627612,FALSE
"CTCGGAATTCTTGATA-1",-0.587345197832114,FALSE,-0.201340223939129,FALSE,0.407210217753336,FALSE
"CTCGGACTAACGTGGC-1",-1.11064769782812,FALSE,-0.8687667092629,FALSE,0.0461030416684409,FALSE
"CTCGGAGTCTTAAGGA-1",0.337209179926679,FALSE,0.323015133532723,FALSE,0.29377189912632,FALSE
"CTCGGATCGGAATACG-1",-2.37780276728186,FALSE,-2.14975252747546,FALSE,-0.743272365143256,FALSE
"CTCGGTCTCCAACTGC-1",-0.0696814966030464,FALSE,-0.470870202967076,FALSE,0.44865339505083,FALSE
"CTCGTCGCGATTAATT-1",-1.2276965303704,FALSE,-1.19885459573803,FALSE,-5.07860083115925,FALSE
"CTCGTGTCTTGGCCGC-1",-0.243694646867505,FALSE,-0.127899112410919,FALSE,-0.432850957960434,FALSE
"CTCGTTCTGTCACGTT-1",-0.339870795865953,FALSE,0.256239978628413,FALSE,0.163472806736219,FALSE
"CTCGTTGCACCTTAGG-1",0.629399601692967,FALSE,0.0276519109807075,FALSE,-0.139840398904436,FALSE
"CTGAAGCGGTTGCCAA-1",1.22059278258007,FALSE,1.45321381174708,FALSE,0.226522608933513,FALSE
"CTGAAGGAGCCTCACT-1",0.561592488047726,FALSE,0.240988124300037,FALSE,-0.0737409306130623,FALSE
"CTGAAGGATCTGTACG-1",0.211657958227828,FALSE,-0.00987861310295319,FALSE,0.597534973635366,FALSE
"CTGAAGGTGCTCGAGG-1",0.403249290766239,FALSE,0.464769627953064,FALSE,0.121265179097412,FALSE
"CTGAAGTGCTATGGCG-1",-0.758693972602397,FALSE,-0.736861920644321,FALSE,1.9442306465182,FALSE
"CTGAAGTGCTGAACTG-1",1.25446187083691,FALSE,0.941674311298307,FALSE,0.808923171212864,FALSE
"CTGAAGTTGCAGACAT-1",-0.743518752027391,FALSE,-0.368115304079381,FALSE,-0.400407973032893,FALSE
"CTGAAGTTGGATCGGC-1",-0.316180053014047,FALSE,-0.0661580855455487,FALSE,-0.529847713372929,FALSE
"CTGAATACCAGCAACG-1",-0.147582122794825,FALSE,-0.00950403875221251,FALSE,0.787469411679521,FALSE
"CTGAATTCGCGTAAGG-1",1.11419581111745,FALSE,1.15396787500391,FALSE,-0.297273934466599,FALSE
"CTGACCGCCAATTAGG-1",0.134643706795004,FALSE,-0.231349984317256,FALSE,-0.27970396973446,FALSE
"CTGACGTATCCGCCAC-1",0.287620194908544,FALSE,0.0687069903356123,FALSE,0.933889946193424,FALSE
"CTGACTCCGAATCTGC-1",0.666607383073585,FALSE,1.19214426236113,FALSE,2.62223280523659,FALSE
"CTGACTCGAATTCGTG-1",-1.62337760316568,FALSE,-1.25951532026212,FALSE,0.0437580089093223,FALSE
"CTGACTGATTAGGCTG-1",-1.14297068148802,FALSE,-0.958238815311377,FALSE,-1.163703437756,FALSE
"CTGACTGTGGCCGGTT-1",0.073196083673426,FALSE,0.546015512063495,FALSE,1.09838839926006,FALSE
"CTGAGGTTCAGGCCAA-1",0.0292352658080147,FALSE,-0.0547632993478833,FALSE,0.292692299832859,FALSE
"CTGATATTAGTAATCG-1",1.80604064909533,FALSE,1.83927656831466,FALSE,0.112046429886497,FALSE
"CTGATCCAACGCACAA-1",0.279868855955608,FALSE,0.148808290211126,FALSE,-0.519304157043356,FALSE
"CTGATGCCAATGCTTC-1",-2.29052996372046,FALSE,-2.28586221438404,FALSE,-1.12475320353261,FALSE
"CTGATTAACAGCGGCC-1",-0.222659993682054,FALSE,-0.437121241953999,FALSE,1.20272808965765,FALSE
"CTGATTAACGCAAGAA-1",-1.26983121854707,FALSE,-0.971350580151339,FALSE,-1.62091237460954,FALSE
"CTGATTACAATGTCCA-1",-0.787963239623219,FALSE,-0.75789738624671,FALSE,-0.00597594854239823,FALSE
"CTGATTAGGTGCCGAA-1",0.447762225898561,FALSE,0.758904418318782,FALSE,0.150591879334416,FALSE
"CTGCACTACACTCATT-1",0.302005281521347,FALSE,0.0244864265747752,FALSE,0.210833346100643,FALSE
"CTGCATAATGGACCGC-1",-1.75574217835316,FALSE,-1.63423361568531,FALSE,-0.089782461919854,FALSE
"CTGCCACGTGTTAATA-1",-1.12010798375594,FALSE,-0.735158140425359,FALSE,-0.0202120981406173,FALSE
"CTGCCGATTGCGATGT-1",0.882414530239422,FALSE,0.639900532237308,FALSE,0.359756936152032,FALSE
"CTGCCGCTTCGGCTGC-1",-0.265034982647903,FALSE,0.0155586787763435,FALSE,-0.139347442499433,FALSE
"CTGCCGTGAAGTCGCA-1",-0.238494355546641,FALSE,-0.128474238132587,FALSE,-0.0678813075645326,FALSE
"CTGCCTAGTGAATAAG-1",0.0669347568616738,FALSE,0.0207039827822808,FALSE,-0.145881764111432,FALSE
"CTGCCTCCAACACCAG-1",0.972248293580928,FALSE,0.596463943618129,FALSE,2.80202189595272,FALSE
"CTGCCTGACACGGATT-1",0.693789059191676,FALSE,0.930654846960447,FALSE,0.551761601071117,FALSE
"CTGCCTGTGAGCCAGG-1",1.24199991232762,FALSE,0.722526098044114,FALSE,1.51480358725433,FALSE
"CTGCGGAAGCAGGCAC-1",0.299707314626048,FALSE,0.0316405738526146,FALSE,-0.304780393893456,FALSE
"CTGCGGCATGTAAGTA-1",0.43704809625942,FALSE,0.411044008071149,FALSE,0.351804364525942,FALSE
"CTGCTCATTAGAGTGC-1",-1.41273964525896,FALSE,-0.89443206004263,FALSE,-0.485703564578793,FALSE
"CTGCTTACTGTCGCGA-1",1.42523142577323,FALSE,1.07872683524588,FALSE,0.928201278823158,FALSE
"CTGGAACAATAGACAG-1",0.481610707856312,FALSE,0.556721698574544,FALSE,-0.0510806702042244,FALSE
"CTGGAATAGGAATTAG-1",0.400042886509318,FALSE,0.621841259869641,FALSE,0.107926868399696,FALSE
"CTGGAATAGTGCAAGT-1",-1.59272979926922,FALSE,-1.4878942628395,FALSE,-0.562976100628092,FALSE
"CTGGAATGGATAGTTC-1",-0.226996965456401,FALSE,0.0975475185821165,FALSE,-0.343180312707703,FALSE
"CTGGAATGGATCAGCA-1",1.13279326695163,FALSE,0.981529865940412,FALSE,1.08894806617649,FALSE
"CTGGAATTCGGCGAAC-1",1.21867620087158,FALSE,1.2607183214489,FALSE,-0.829868680375612,FALSE
"CTGGCACTTCTGCGTC-1",-0.535168170443613,FALSE,-0.535144614990737,FALSE,-0.315351038528826,FALSE
"CTGGCCTGGAACAATT-1",-0.359512045386309,FALSE,-0.282804926706953,FALSE,-0.242902759497523,FALSE
"CTGGCCTTACCACTTA-1",-1.54698737996143,FALSE,-1.23322548385686,FALSE,-0.903658208499511,FALSE
"CTGGCCTTGCATTCGG-1",0.940716727173166,FALSE,1.4139668339877,FALSE,1.51435776397607,FALSE
"CTGGCGCACTTACTGA-1",-0.394241475058652,FALSE,-0.53277231453087,FALSE,0.0920961261776043,FALSE
"CTGGCGCATATCCGTG-1",-0.49261898711249,FALSE,-0.441849364892719,FALSE,-0.168843999215675,FALSE
"CTGGCGGACAACGCAC-1",0.749657824518915,FALSE,1.1365152290804,FALSE,0.370469621012147,FALSE
"CTGGCTGGACGCTTGG-1",-0.38737676253245,FALSE,-0.418888409981967,FALSE,-0.160848948165734,FALSE
"CTGGTAATGAGCTCGT-1",-0.251879987807893,FALSE,-0.467574567865013,FALSE,-0.381271477774077,FALSE
"CTGGTAATTAATCTGG-1",-0.669160397131041,FALSE,-0.667652055407707,FALSE,0.745472342161196,FALSE
"CTGGTACTCGAAGTGG-1",-0.298723683463761,FALSE,-0.248628849387348,FALSE,-0.368027188929215,FALSE
"CTGGTGAGGTCTCGTC-1",-0.587008251182677,FALSE,-0.310589781877233,FALSE,0.779176430397787,FALSE
"CTGGTGATCCTGAAGG-1",-1.15389700952763,FALSE,-0.600184803269313,FALSE,-0.235180222520062,FALSE
"CTGGTGATCGCCGTAG-1",-0.836987453510205,FALSE,-0.63693937544777,FALSE,-0.0184221689466855,FALSE
"CTGGTGCGAGAAGCTT-1",-0.18804402408567,FALSE,-0.252003604509711,FALSE,-0.725494376635411,FALSE
"CTGGTGCGTTCACGAG-1",0.870170080016377,FALSE,-0.451026580678231,FALSE,-0.732993809022148,FALSE
"CTGGTGCTACAGTATT-1",1.16212048393682,FALSE,1.0070209103944,FALSE,1.65116033310685,FALSE
"CTGGTGCTTATGACCA-1",-1.13878974119668,FALSE,-0.770845428795522,FALSE,-1.44830637438249,FALSE
"CTGGTGGCCAATAAGT-1",-0.240284599782903,FALSE,-0.0391321143329842,FALSE,2.30987672369774,FALSE
"CTGGTGGCCTTCCGAC-1",0.842111335560244,FALSE,0.630635563141208,FALSE,0.317999660365526,FALSE
"CTGGTTGCGTTAATTG-1",0.269090541624123,FALSE,0.333602921803246,FALSE,0.0813814699841127,FALSE
"CTGGTTGGACATCACC-1",-1.49542259094055,FALSE,-0.816057095153282,FALSE,-0.58615978856535,FALSE
"CTGGTTGGCTTGTTAC-1",-0.216119573163415,FALSE,-0.268056301660576,FALSE,0.648216509419112,FALSE
"CTGTATCGAAGTGGAT-1",0.592325805715967,FALSE,0.722173964093141,FALSE,-0.15400634724728,FALSE
"CTGTATCGGAAGCTCC-1",-1.69907410699646,FALSE,-1.33771923745066,FALSE,-0.69184277627714,FALSE
"CTGTATCTTCGCCATA-1",0.401271257294371,FALSE,0.613454159571999,FALSE,-0.0406157644081289,FALSE
"CTGTATGGCTCAACAT-1",-0.0191172435297542,FALSE,-0.548022922034316,FALSE,1.42307811816226,FALSE
"CTGTCACTATGTGCAT-1",0.557519720516568,FALSE,0.837035703509102,FALSE,0.946384062174184,FALSE
"CTGTCACTCGGCCTTA-1",-0.066262711318606,FALSE,0.142376891827838,FALSE,0.692783330809455,FALSE
"CTGTCAGATCGATGCG-1",0.902807456893236,FALSE,0.966586838780548,FALSE,0.508187885396616,FALSE
"CTGTCAGGCTTCCTAA-1",-0.106082944800651,FALSE,-0.244380344273943,FALSE,0.591319849479494,FALSE
"CTGTCAGGTGGATCGT-1",-0.036160489572449,FALSE,-0.192905427045002,FALSE,0.110043816993419,FALSE
"CTGTCTATCCACATCT-1",0.534062508137396,FALSE,0.434729721806068,FALSE,0.734165500983844,FALSE
"CTGTGCAGATGATAAT-1",0.741494760165634,FALSE,0.776987427686358,FALSE,1.39641626947989,FALSE
"CTGTGCGTGAGCCGTC-1",0.773714103360739,FALSE,0.310013922450373,FALSE,-0.41918386904694,FALSE
"CTGTGGCTTGTCAGCT-1",-0.184307270215623,FALSE,-0.0654374729333307,FALSE,-1.01493746436969,FALSE
"CTGTGGTAAGCTAATA-1",0.0105012224743757,FALSE,-0.0940757808492667,FALSE,0.206194036848336,FALSE
"CTGTTCCAGAAGCTGA-1",0.737320359741171,FALSE,2.16123736977723,FALSE,9.93604543882088,TRUE
"CTGTTCGTATGCACCA-1",-1.03354398853592,FALSE,-0.394356011502639,FALSE,-0.366727514427809,FALSE
"CTGTTCTGCTCAGGAC-1",0.792415342302872,FALSE,0.199900880529143,FALSE,-0.719772870337846,FALSE
"CTGTTGCTACTCACAG-1",0.919007788577447,FALSE,0.518338880976421,FALSE,-0.826434209106146,FALSE
"CTTAATACGGCTAGCA-1",0.210561841395748,FALSE,0.394580065056631,FALSE,0.244226297909547,FALSE
"CTTACGAACTCCGTCC-1",0.246520861259634,FALSE,0.300091994345003,FALSE,0.862735827257335,FALSE
"CTTACGACAACGATAC-1",0.77437784434851,FALSE,0.612016336350596,FALSE,0.684719442816911,FALSE
"CTTACGCAACTCAACG-1",0.0229263066059578,FALSE,0.167273458048628,FALSE,-0.446414465472162,FALSE
"CTTACGCCATGCACAG-1",0.56364301301726,FALSE,0.750664157302415,FALSE,1.61185460237815,FALSE
"CTTACGCTACGTAAGC-1",-0.441816773230406,FALSE,-0.952133719815764,FALSE,-1.04351749299475,FALSE
"CTTACGGTAAGCCGAA-1",0.0112194103830913,FALSE,0.19271135719888,FALSE,-0.462384488624107,FALSE
"CTTACGTCATCCTTAT-1",-1.09337404870707,FALSE,-1.52090826024607,FALSE,-1.02449788865653,FALSE
"CTTAGCAACTAGGACC-1",0.245682062144227,FALSE,0.138294661011427,FALSE,0.508165630943968,FALSE
"CTTAGCAAGGACAGCC-1",-1.52940999451031,FALSE,-1.12285838528694,FALSE,-0.251389675344874,FALSE
"CTTAGCACGACAGAAC-1",0.177332129465516,FALSE,0.342150255099467,FALSE,-0.35053025406749,FALSE
"CTTAGCCTAATGGTAA-1",1.52464138220634,FALSE,0.830803352334428,FALSE,-1.35855520234796,FALSE
"CTTAGCCTGTAAGACA-1",0.174991094046863,FALSE,0.221122299371671,FALSE,0.4539028524868,FALSE
"CTTAGCGTAGCGTGCG-1",0.094215825704338,FALSE,0.361070905906231,FALSE,0.841899998749271,FALSE
"CTTAGCTACCATCTCA-1",0.347959295985514,FALSE,0.126920114284209,FALSE,0.728768264746711,FALSE
"CTTAGCTACGCAAGGT-1",-0.0102266278000958,FALSE,0.360029340615237,FALSE,0.94831942106076,FALSE
"CTTAGCTATCCTTGCG-1",-1.54513798101807,FALSE,-1.53996216756937,FALSE,-0.704046488801988,FALSE
"CTTAGCTTAGTTCTCG-1",1.50291396632461,FALSE,1.14148768285489,FALSE,0.500039263532142,FALSE
"CTTAGCTTCGCTGACC-1",-1.10427913818468,FALSE,-0.757105496563792,FALSE,-0.598282211891199,FALSE
"CTTAGTAAGCCTTAGG-1",0.537082808694494,FALSE,0.431603544814591,FALSE,-0.130020809844731,FALSE
"CTTAGTAAGCGTGGCA-1",-3.01892330992144,TRUE,-3.94215051638693,TRUE,-1.83812341285806,FALSE
"CTTAGTAATGCAACGA-1",-1.733058941177,FALSE,-1.11120291710675,FALSE,-0.975395236935067,FALSE
"CTTAGTCCTCATAAGT-1",0.859231367261112,FALSE,0.829284379654522,FALSE,0.969950100604432,FALSE
"CTTAGTCTATCGAGAC-1",-1.09609826914364,FALSE,-0.439901150494288,FALSE,-0.102049862396234,FALSE
"CTTAGTCTCGACAACT-1",-0.31877703520718,FALSE,0.0266780124755114,FALSE,-0.181710097433007,FALSE
"CTTAGTCTTATTCGGA-1",-0.681941625452022,FALSE,-0.593062416168386,FALSE,0.128333275981413,FALSE
"CTTAGTGCGACCTATT-1",0.816986457566615,FALSE,1.03205058162533,FALSE,3.00589930540822,TRUE
"CTTAGTGCGTTGACGC-1",-0.730463335795526,FALSE,-0.638781469303348,FALSE,-0.00572982408085482,FALSE
"CTTAGTGGCTAAGACG-1",0.633403131811085,FALSE,-0.593819879740736,FALSE,-0.298344506021314,FALSE
"CTTAGTGGTACACGAC-1",0.228196486630242,FALSE,0.0870309355091718,FALSE,0.21120912042307,FALSE
"CTTAGTTGAATCACCT-1",0.107519633870811,FALSE,0.22716379130018,FALSE,1.57934755153359,FALSE
"CTTAGTTGCTCGTTGT-1",-0.960373719709888,FALSE,-1.04842171002258,FALSE,-0.998366074024195,FALSE
"CTTAGTTGGAGCGACC-1",-0.221367690037367,FALSE,0.221268254684787,FALSE,0.178938236004679,FALSE
"CTTATTCACTAGCTGG-1",-0.544553176615147,FALSE,-0.43175058764594,FALSE,0.43209929186017,FALSE
"CTTATTGAGTTCTGTA-1",-0.69745382252976,FALSE,-0.642653241679692,FALSE,0.530267097772742,FALSE
"CTTCAAGACGCAAGTG-1",-0.816557428213972,FALSE,-0.405182021227562,FALSE,0.158655549490194,FALSE
"CTTCAAGTAACAGCTT-1",0.135451511244935,FALSE,0.501666753704559,FALSE,1.63111133928716,FALSE
"CTTCAAGTCGACCTTC-1",0.435588891246196,FALSE,0.303388479553648,FALSE,0.764742474953733,FALSE
"CTTCATGCCTAGACGG-1",1.0332689033089,FALSE,0.849251354160722,FALSE,0.145230288948951,FALSE
"CTTCATTGGATACCAC-1",-1.19692979314695,FALSE,-0.894532766228457,FALSE,-1.1150824076584,FALSE
"CTTCCAATTGAAGATT-1",-1.10720112182667,FALSE,-0.65477606229891,FALSE,1.18174240885867,FALSE
"CTTCCACGATCCTGTA-1",-0.092611899676109,FALSE,0.0120610271699437,FALSE,0.122738059187609,FALSE
"CTTCCACGCCTTCCTG-1",0.749718125370318,FALSE,0.728766050166653,FALSE,0.851129622120523,FALSE
"CTTCCATAACCTTACG-1",-0.385470663690432,FALSE,-0.353953104448317,FALSE,0.127274374940771,FALSE
"CTTCCGACGCACAACC-1",-0.302510664452468,FALSE,-0.176457419495743,FALSE,0.716386834868885,FALSE
"CTTCCGTCGCTGCATC-1",-0.344076466986191,FALSE,0.37657616326084,FALSE,0.624504589455697,FALSE
"CTTCGACCAAGCCGAG-1",0.301651441110344,FALSE,0.451071127002208,FALSE,-0.086720237054835,FALSE
"CTTCGACTCCAGACTG-1",0.553957201149917,FALSE,0.513875162462822,FALSE,0.674138207397628,FALSE
"CTTCGAGCTGCAGCCT-1",0.0508843974278983,FALSE,-0.492490357266756,FALSE,-0.329184489380581,FALSE
"CTTCGAGTGATGGAAT-1",-0.114485839776754,FALSE,-0.217855266030486,FALSE,-0.40998006748087,FALSE
"CTTCGATAACATTGGT-1",-0.454033440895594,FALSE,-0.375320909383304,FALSE,-0.399502530402563,FALSE
"CTTCGATACAGTCTCC-1",-0.988031807182816,FALSE,-0.999495305384574,FALSE,0.225938335746643,FALSE
"CTTCGATACTCCGACC-1",0.552362893714501,FALSE,0.986698979544486,FALSE,2.73413320726448,FALSE
"CTTCGATATGTAGGAG-1",-0.389126453325931,FALSE,-0.356092892069588,FALSE,-0.80362542904528,FALSE
"CTTCGATGGACGTACC-1",-0.0677303164694338,FALSE,-0.011191754704581,FALSE,-0.130035290554606,FALSE
"CTTCGCCGCAACATTA-1",-0.623185046502104,FALSE,-0.667972941015443,FALSE,-1.41199028657809,FALSE
"CTTCGGCTCACTACCT-1",0.829752709698,FALSE,0.505126657723713,FALSE,-0.106347546319429,FALSE
"CTTCGTATTAATACGG-1",-0.259162815697249,FALSE,-0.555806299727874,FALSE,-0.473368187459217,FALSE
"CTTCGTCAAGACTCGT-1",0.82045442467535,FALSE,1.7001900374958,FALSE,2.49489227635155,FALSE
"CTTCGTCACCAAGAGG-1",0.368827496610971,FALSE,0.260066783015965,FALSE,-0.17022610872983,FALSE
"CTTCTACTCAAGTCGT-1",-0.0257184523804753,FALSE,0.124949374268106,FALSE,0.864581857736987,FALSE
"CTTCTGAGCCAGGAAC-1",0.624562375997538,FALSE,-0.0291337195765323,FALSE,0.0531673638016683,FALSE
"CTTCTGAGGTCGCATA-1",-0.0968632903128809,FALSE,-0.0306586250089128,FALSE,1.13350417044548,FALSE
"CTTCTGTACGGACATC-1",0.388641245478424,FALSE,0.588070750952209,FALSE,0.490524257699048,FALSE
"CTTGAACCGAGTTAAT-1",1.11705033210108,FALSE,0.732062090904504,FALSE,0.476613459749031,FALSE
"CTTGAACTTAGAGGAA-1",-0.167944291092216,FALSE,0.642051603005889,FALSE,0.183745938462913,FALSE
"CTTGAGCCTTGTTCCA-1",1.05298967734812,FALSE,0.918079920736257,FALSE,-0.76726462455398,FALSE
"CTTGAGTCCAAGGCTG-1",-0.176899658148482,FALSE,-0.0680930989283902,FALSE,0.234908502610591,FALSE
"CTTGAGTCTTACAGTG-1",0.528662597311957,FALSE,0.522073588109438,FALSE,0.0663437830132785,FALSE
"CTTGATGCAATCACAA-1",-0.671045039914916,FALSE,-0.540106187001629,FALSE,-0.777366409799745,FALSE
"CTTGCCGGAAGACGCA-1",-0.590543595456419,FALSE,-0.598004142236005,FALSE,-0.510212444404934,FALSE
"CTTGCGTAACAGCAGT-1",-0.13885786181375,FALSE,0.0115174343683429,FALSE,-0.569296686481239,FALSE
"CTTGGAACTCCACGCC-1",-0.409298159335967,FALSE,-0.434503888184351,FALSE,-0.787538711120293,FALSE
"CTTGGACATTACAGGA-1",0.954681754862633,FALSE,0.784415816494951,FALSE,0.96754802411553,FALSE
"CTTGGACTTGTCTGTC-1",-0.681670022089124,FALSE,-0.539702281688429,FALSE,-0.549903907132404,FALSE
"CTTGGAGGCCACCTGC-1",0.435786539480365,FALSE,0.626247502020292,FALSE,1.77781921749558,FALSE
"CTTGGATCAACCGTAT-1",-0.174334593091234,FALSE,-0.320196650713489,FALSE,-0.540421987005357,FALSE
"CTTGGTGCAGCCTCCA-1",0.229453834979947,FALSE,-0.0680584537095444,FALSE,0.000827095777987303,FALSE
"CTTGGTTAGAGTCATC-1",0.623016331004462,FALSE,0.668846873348969,FALSE,0.00375981853117734,FALSE
"CTTGTAAGCGCTTCAT-1",-1.32829996486176,FALSE,-1.19623739305085,FALSE,0.456505488321415,FALSE
"CTTGTATCGTATGATT-1",0.413771413961569,FALSE,0.565625559345274,FALSE,1.0991927939026,FALSE
"CTTGTCAGTTCGGTAA-1",-0.808722164369977,FALSE,-0.84570637909201,FALSE,-1.41944935057629,FALSE
"GAACAAGGTCGAGCAA-1",-0.312369313118638,FALSE,-0.202801757496482,FALSE,-0.217495614726807,FALSE
"GAACAGATAACCTTAA-1",-1.29145285589652,FALSE,-0.83668469718441,FALSE,-0.627281957815405,FALSE
"GAACAGCCATGTTGCA-1",-0.540548439294688,FALSE,0.0241573929859881,FALSE,0.342613385963246,FALSE
"GAACATTCGACACGTA-1",0.391504604854297,FALSE,0.131965385907929,FALSE,-0.318879464265331,FALSE
"GAACCGAACGAAGACT-1",0.566032131337667,FALSE,0.374832539195655,FALSE,0.655564905859727,FALSE
"GAACCTTAGTTGATTA-1",-0.495137185991843,FALSE,-0.202288628624063,FALSE,-0.550421400462879,FALSE
"GAACGCCACGGTGGTT-1",0.962737898443091,FALSE,0.946547840080997,FALSE,0.696287926054311,FALSE
"GAACGCCAGTGCATAC-1",-1.87079610512459,FALSE,-1.13782795425872,FALSE,-0.893018320306506,FALSE
"GAACGCTAGAAGGCTA-1",-0.258765672670926,FALSE,-0.309141135506537,FALSE,-0.0111055137957095,FALSE
"GAACGCTTAGAACGTC-1",-0.609585890512361,FALSE,-1.02118504213034,FALSE,0.436517882314604,FALSE
"GAACTAACATGTATCC-1",0.563266767851641,FALSE,0.874067662337757,FALSE,2.24027036817769,FALSE
"GAACTAACTCTACGTG-1",0.595044436145161,FALSE,0.549584240900511,FALSE,0.347984499679479,FALSE
"GAACTACAAGTAGGAG-1",0.186504092095321,FALSE,0.238949669956744,FALSE,1.14274387660122,FALSE
"GAACTACCTTATCATA-1",-1.13644932565773,FALSE,-1.13521813340694,FALSE,-0.259109240521377,FALSE
"GAACTATCGTCTCGTC-1",0.648849254979759,FALSE,0.545332138456406,FALSE,0.830144194051801,FALSE
"GAACTCATAGTGAGTG-1",-0.145634741425775,FALSE,-0.183349287989983,FALSE,-0.520310975291952,FALSE
"GAACTCCTCATACATA-1",-1.3911119768521,FALSE,-1.09628770069162,FALSE,0.182897654480044,FALSE
"GAACTCCTGGAGGCTC-1",0.0227767705734142,FALSE,0.133149812457715,FALSE,0.19786953097821,FALSE
"GAACTGTAACTCAGGC-1",0.508754985190452,FALSE,1.01392215961908,FALSE,0.708919052773421,FALSE
"GAACTTGGTGAGGATA-1",-0.460765343029635,FALSE,-0.663282216582552,FALSE,-0.391548518884251,FALSE
"GAAGCGAGAACATGGA-1",0.718569160755798,FALSE,0.811762664144439,FALSE,0.198362324049774,FALSE
"GAAGCGATTGCCGAAT-1",-0.663519912072459,FALSE,-0.455503867591959,FALSE,0.562774843160437,FALSE
"GAAGCGGCTGATCAGT-1",-1.42179908745354,FALSE,-1.91395279637522,FALSE,-0.782755397039751,FALSE
"GAAGCGTATCATCGTT-1",0.0414327712524231,FALSE,-0.119952987644201,FALSE,0.0940472582933409,FALSE
"GAAGCGTCAGTAAGTC-1",-0.567423935614585,FALSE,0.0547513268725662,FALSE,0.744576376452487,FALSE
"GAAGCGTCCATAGTTG-1",-0.16014097889923,FALSE,-0.0701051322024333,FALSE,-0.210718793542653,FALSE
"GAAGCTGTTCTACATC-1",0.0508249112327911,FALSE,0.0763429258852384,FALSE,1.21500704312792,FALSE
"GAAGCTTGACGCTTAA-1",-0.916475363385573,FALSE,-0.967256586675182,FALSE,-0.749448201135321,FALSE
"GAAGGATGGTATACGT-1",-0.680050506265053,FALSE,-0.157289917454633,FALSE,0.072771513509153,FALSE
"GAAGTAAGTTCCTCGA-1",-1.00430180245063,FALSE,-1.37411154546493,FALSE,-0.799661400129882,FALSE
"GAAGTAGCTGAGTCTA-1",-0.123977398109437,FALSE,-0.0242891045776982,FALSE,0.458607021747571,FALSE
"GAAGTCCAATCGTGTT-1",0.102596545027911,FALSE,0.336552380487983,FALSE,0.59100073457142,FALSE
"GAATAAGGAGAACTAA-1",0.715661118854359,FALSE,0.970273595022247,FALSE,2.30066342356988,FALSE
"GAATACAGACGAACTG-1",0.883893486730101,FALSE,0.709691451977052,FALSE,1.03244586231695,FALSE
"GAATACCTGCCACGGC-1",-0.67056772278194,FALSE,-0.784110455294871,FALSE,-0.90492286190002,FALSE
"GAATACTAAGGCGAAT-1",0.52323659508196,FALSE,0.567103882072758,FALSE,1.28253475130763,FALSE
"GAATCAATTACCGACC-1",-1.27384227479599,FALSE,-1.36266186196639,FALSE,-0.946790989669222,FALSE
"GAATCACCAGTGATAC-1",0.0934191993274663,FALSE,0.178030556382228,FALSE,-0.13459713874383,FALSE
"GAATCATAGTCTGAAG-1",1.209176915548,FALSE,0.98820591307798,FALSE,1.27921479888067,FALSE
"GAATCATGAACCAGTG-1",0.561275197206618,FALSE,0.652953067316091,FALSE,0.465713550857441,FALSE
"GAATGACAACAGAATA-1",1.47606409516,FALSE,1.77924642160729,FALSE,2.06557376695356,FALSE
"GAATGACAACTAGTCA-1",0.405861413318934,FALSE,0.0439884619693097,FALSE,0.378903536524401,FALSE
"GAATGACACGACTAGG-1",0.746166089218902,FALSE,0.864536127520129,FALSE,0.960324947857155,FALSE
"GAATGACCACAATCGA-1",1.87173525396205,FALSE,1.22156138510689,FALSE,0.197208375130424,FALSE
"GAATGACCACGTGCAG-1",2.03594927206137,FALSE,1.85993989890805,FALSE,2.18789914370522,FALSE
"GAATGAGTATAGACCA-1",-0.0633018613680711,FALSE,0.0285858420870186,FALSE,-0.576623322394638,FALSE
"GAATGGCCAAGGAGGC-1",0.415313365043328,FALSE,-0.203318812306946,FALSE,-0.516752389797258,FALSE
"GAATGTATTGGATCAA-1",0.507900487080747,FALSE,1.02340848635521,FALSE,-0.967784413492512,FALSE
"GAATGTCAGAATTCTG-1",-0.54704888732773,FALSE,-0.691882735790823,FALSE,-0.643243608880245,FALSE
"GAATTAACCTTCAATT-1",-1.06552487123552,FALSE,-0.362420231248439,FALSE,-0.124176700553407,FALSE
"GAATTCACAACTGCAG-1",-1.24025449649844,FALSE,-0.955594460457443,FALSE,0.241315761080186,FALSE
"GACAACATCATGCCGC-1",1.61694221101917,FALSE,1.09882893284371,FALSE,-0.915384258303291,FALSE
"GACAACCTAGGAGTCT-1",-1.9061056519639,FALSE,-1.29898836661967,FALSE,-0.713006414284195,FALSE
"GACAACGGACTCAGCT-1",-0.51050228215339,FALSE,-0.378622367916802,FALSE,-0.615210457030364,FALSE
"GACAACGGCGATGTTA-1",-1.01434266958826,FALSE,-1.8119808893546,FALSE,-0.580158713805913,FALSE
"GACAACTTAACCAACC-1",-1.42838764497978,FALSE,-1.06486789949324,FALSE,-0.766906298999562,FALSE
"GACAACTTGATTGTGA-1",1.26110240180506,FALSE,1.00064104387642,FALSE,0.729029780718379,FALSE
"GACAAGCCTCGTTAGT-1",-0.278881247056918,FALSE,-0.264598430900039,FALSE,0.0917384584408928,FALSE
"GACAAGCTGAATCTGG-1",0.878323225048803,FALSE,0.811604333217163,FALSE,0.406928461640231,FALSE
"GACAAGTGTTATAGGC-1",0.491293631451484,FALSE,0.608914357815907,FALSE,0.177923703847765,FALSE
"GACAATCTATTAGATT-1",-0.364027378335453,FALSE,-0.583787338305747,FALSE,-0.185062266992262,FALSE
"GACAATGACAAGCTTA-1",-0.291041910808551,FALSE,-0.911826376397032,FALSE,0.289223088939447,FALSE
"GACAATTGTATGCTTC-1",-1.64455542915592,FALSE,-1.58040713477095,FALSE,-0.980565505458525,FALSE
"GACAGCAACTCAGAAC-1",0.974572255338169,FALSE,0.976164071044796,FALSE,0.405230314755823,FALSE
"GACAGTCACTTCGCTC-1",0.384121300856371,FALSE,0.844681579614741,FALSE,0.92630271415232,FALSE
"GACATCCTCAACCTCG-1",0.960418537709212,FALSE,0.651829027363407,FALSE,0.0859468126220361,FALSE
"GACATCTGCGGTCTTG-1",1.4165711619592,FALSE,1.99345269102455,FALSE,0.597642214213002,FALSE
"GACCAATTGCGTCAGA-1",0.343365709359232,FALSE,0.278951222244403,FALSE,0.637851652324878,FALSE
"GACCACATTCTTGAAT-1",-0.952392452379014,FALSE,-0.737942054124119,FALSE,-0.762268392814392,FALSE
"GACCACGGCGTACATA-1",0.618255686061898,FALSE,0.154197509263116,FALSE,1.22731895281035,FALSE
"GACCACTCCTGACGTT-1",0.00357417303176991,FALSE,0.0556646501478768,FALSE,-0.130972094240575,FALSE
"GACCACTTACGGACAT-1",0.471830520252375,FALSE,0.472773189389777,FALSE,0.34933118356239,FALSE
"GACCACTTAGACAGGT-1",0.811093902653205,FALSE,0.488865050260743,FALSE,-0.25446322548998,FALSE
"GACCGAAGACTGGCAG-1",0.842240334776404,FALSE,1.06681344023651,FALSE,2.19498915769757,FALSE
"GACCGAATCTAATACG-1",0.884347460765364,FALSE,0.904653223346934,FALSE,1.75230708340658,FALSE
"GACCGACAATAGGAAT-1",-4.55528887123306,TRUE,-4.28694098897632,TRUE,-2.38931075351809,FALSE
"GACCGAGGCAACGTTC-1",0.191142995190812,FALSE,0.352253154879891,FALSE,-0.40494991733591,FALSE
"GACCGGCCATGTACCG-1",0.645920059681435,FALSE,0.745508448127591,FALSE,0.298966099896386,FALSE
"GACCGTATTAGACCGG-1",-0.579543963805461,FALSE,-0.726458632588239,FALSE,0.63565042850512,FALSE
"GACCGTGAATGTAAGT-1",0.735030060134738,FALSE,0.701380758060372,FALSE,0.776132510264626,FALSE
"GACCTGCTGTACGAAG-1",0.454698907558054,FALSE,0.0566962398715547,FALSE,0.948743551861082,FALSE
"GACCTGCTGTCGTGTA-1",-0.963678202859016,FALSE,-0.912909233432952,FALSE,0.0555896137821975,FALSE
"GACCTGTCGATTGCAG-1",0.125429684543215,FALSE,0.00678141280166207,FALSE,0.729605375362968,FALSE
"GACGAGAAGTTACAGA-1",0.428852083987503,FALSE,0.214331025403994,FALSE,0.678470580039717,FALSE
"GACGAGCTGCACTCGT-1",-0.272810903070249,FALSE,0.0792453086335525,FALSE,-0.618912190393436,FALSE
"GACGAGTGCTGGAGAT-1",0.139569850814963,FALSE,0.382109469530475,FALSE,0.170436585817369,FALSE
"GACGCAGCGTCAAGTT-1",-0.133539671177123,FALSE,-0.100229520130919,FALSE,-0.0091120188246007,FALSE
"GACGCCTCGTCAGAGG-1",-0.451347407741544,FALSE,-0.514160219411767,FALSE,-0.410476233278223,FALSE
"GACGCCTCTTGATTGT-1",0.63158908407735,FALSE,0.968087159154032,FALSE,2.97125230201907,FALSE
"GACGCTCAACTGAGTG-1",0.912757099753601,FALSE,0.625404451594483,FALSE,1.89810238265292,FALSE
"GACGCTCACCAACCGG-1",0.302386760339194,FALSE,0.205828162479191,FALSE,0.0271070081135068,FALSE
"GACGCTGTACAAGGCG-1",-0.39167306429346,FALSE,-0.525570477904148,FALSE,-0.346089739239868,FALSE
"GACGGCTTAGGTGCGA-1",-0.00839119975328259,FALSE,-0.204952250274174,FALSE,-0.399503926764936,FALSE
"GACGGTACCTGGCCGT-1",0.48482360245351,FALSE,0.367137034481731,FALSE,-0.0369715013551786,FALSE
"GACGGTGGTTGATGTC-1",0.275946653413689,FALSE,0.857842633998706,FALSE,1.38113828947808,FALSE
"GACGTACAGGAACGCT-1",0.111584600966303,FALSE,0.913097544833693,FALSE,-1.22955596372159,FALSE
"GACGTACTGCGTGCGG-1",0.640002950462591,FALSE,0.464730849860377,FALSE,-0.135545960246467,FALSE
"GACGTAGACTGCCGCA-1",-0.677496652372297,FALSE,-0.699971629733174,FALSE,0.168496086296773,FALSE
"GACGTCTTATCTCAGC-1",-0.620564411565475,FALSE,-0.484204013378611,FALSE,2.00955361662051,FALSE
"GACGTTCGGTCTTACC-1",-1.33210128768854,FALSE,-1.18642526397631,FALSE,-0.8074741570359,FALSE
"GACTACGAGTTCCATT-1",0.227284791804718,FALSE,-0.248546152674224,FALSE,-0.11555486815882,FALSE
"GACTAGATTAGCTAAC-1",0.95606047207164,FALSE,0.143294845440846,FALSE,0.457840763584714,FALSE
"GACTAGCTTCCTTGTA-1",-0.181250763476235,FALSE,-0.166075939805339,FALSE,0.306165212541263,FALSE
"GACTAGGCAGACTTGG-1",-1.10976566614861,FALSE,-0.775998779765392,FALSE,-0.626499776894406,FALSE
"GACTAGTAATCTTGCT-1",-0.933324588507679,FALSE,-0.44511271155262,FALSE,-0.2250607459641,FALSE
"GACTCGGCTTGCGGAT-1",0.0663122775061181,FALSE,-0.197690786790984,FALSE,0.0905699279979332,FALSE
"GACTGAGGTGATTAAC-1",0.566163820548939,FALSE,0.551625425385251,FALSE,-0.0362459423400016,FALSE
"GACTGCCATAGAATAC-1",-0.901399786236456,FALSE,-0.751551594446988,FALSE,-0.497637365793336,FALSE
"GACTGCGGTCTGCGTG-1",-0.795929158257614,FALSE,-0.658438269982576,FALSE,-0.424401242536715,FALSE
"GACTTCATACCGCTGT-1",1.29128812439545,FALSE,0.546484396144271,FALSE,0.379780290781661,FALSE
"GACTTGAACGTCCGTA-1",0.708308506840307,FALSE,0.517675606593071,FALSE,1.43873605693408,FALSE
"GACTTGAAGCCATAGC-1",0.88603770567324,FALSE,0.717209016570218,FALSE,1.26874923666574,FALSE
"GACTTGACGATGCTGT-1",0.857980502421861,FALSE,0.741305731706642,FALSE,0.774028205504894,FALSE
"GACTTGCTTCTAGGAG-1",0.0982236053578474,FALSE,0.0131883470708731,FALSE,-0.0785806549417577,FALSE
"GAGCAGACTAGTGGTA-1",1.12161674423386,FALSE,1.95124409599039,FALSE,1.8230018850532,FALSE
"GAGCATCTCCAGTCTG-1",-0.4123205434064,FALSE,-0.657450561015069,FALSE,-0.413284418088626,FALSE
"GAGCCAAGCGATCGTA-1",-0.297181731467241,FALSE,-0.513073399721806,FALSE,1.1933567043214,FALSE
"GAGCCAAGCGCCTCAC-1",-0.0636491774871974,FALSE,-0.145274715426848,FALSE,-1.02732737831689,FALSE
"GAGCCAAGTTACTACA-1",-1.13108828524501,FALSE,-2.45481538199614,FALSE,-1.01386957551326,FALSE
"GAGCCACTTATGCATT-1",-0.0625406769552899,FALSE,-0.431769566930746,FALSE,0.550971721317272,FALSE
"GAGCCAGCTTACGGTA-1",0.187731944007873,FALSE,0.135256244727236,FALSE,-0.319672320467712,FALSE
"GAGCCAGGTGTCAGTT-1",-1.38866734793154,FALSE,-1.37400371027864,FALSE,-0.774696268395369,FALSE
"GAGCCAGTATTGTCAA-1",-3.59162901569844,TRUE,-2.18319340647241,FALSE,-0.775485212025707,FALSE
"GAGCCTCACGTATGTA-1",0.485866982917893,FALSE,0.350185109528615,FALSE,0.55860015510485,FALSE
"GAGCCTCCAGTACCGA-1",-0.455374988529642,FALSE,-0.315631012299285,FALSE,0.145505238119392,FALSE
"GAGCGAATCGGTAGAA-1",-0.796422928130423,FALSE,-0.886927466793273,FALSE,-1.04756432562542,FALSE
"GAGCGATACTCCAGGC-1",-1.29759078246053,FALSE,-1.3065447147838,FALSE,-0.638342986782837,FALSE
"GAGCGGCAATGGAATA-1",-0.301309179598371,FALSE,-0.424074636680893,FALSE,-0.255197413891113,FALSE
"GAGCTAACCTACTTAC-1",0.952772631854488,FALSE,0.682332654268129,FALSE,1.4442795893282,FALSE
"GAGCTAAGGTTGCGTT-1",0.409400052890912,FALSE,0.313608909492879,FALSE,0.547982736392811,FALSE
"GAGCTACAAGATCAAG-1",-0.270268678997198,FALSE,-0.564742265418414,FALSE,1.14278322505979,FALSE
"GAGCTACAGCTCGGTA-1",-0.987581885910552,FALSE,-0.825299395905485,FALSE,-0.859567796562489,FALSE
"GAGCTTGATGGAAGCT-1",-0.450612770526414,FALSE,-0.396660225301418,FALSE,-0.522989608543674,FALSE
"GAGGAAGCCGATGTGA-1",0.705367978290102,FALSE,0.743227559133262,FALSE,1.05252743253899,FALSE
"GAGGAAGGACAATGAA-1",0.877688056250886,FALSE,0.745558369163077,FALSE,0.594453756083725,FALSE
"GAGGAAGGCAACGGCG-1",-2.29525844512496,FALSE,-2.03589269955579,FALSE,-0.380271002252524,FALSE
"GAGGACAGATCGCCTA-1",-1.26242120137933,FALSE,-0.742233262224509,FALSE,-0.33301935528083,FALSE
"GAGGACGAGTCCTAGT-1",-1.04112901010944,FALSE,-1.12033890710536,FALSE,-0.969662330390374,FALSE
"GAGGATACCAGGTACG-1",2.28734757736044,FALSE,3.29117030985966,FALSE,-0.820706775684346,FALSE
"GAGGATCCAGAACTGG-1",-0.710931032740697,FALSE,-0.0368501717180298,FALSE,-0.234932339213657,FALSE
"GAGGATGATAGGAAGG-1",0.444527596408642,FALSE,0.853869377215918,FALSE,-0.109744193226985,FALSE
"GAGGCCACAAGGTGCA-1",-0.316710718106634,FALSE,-0.783254054818966,FALSE,-0.832549876474269,FALSE
"GAGGCCACTTCTAGAT-1",-0.585871735958882,FALSE,-0.791535298433439,FALSE,-0.767303122588387,FALSE
"GAGGCCAGCAGAGGTT-1",0.42620869187379,FALSE,0.187664905946537,FALSE,0.13905058842761,FALSE
"GAGGCGCTCCATTCCT-1",-0.328204956532997,FALSE,0.125429269863264,FALSE,-0.479374140938819,FALSE
"GAGGTAACATTCGATC-1",-0.42742326358477,FALSE,-0.397776006525894,FALSE,-0.489092773962319,FALSE
"GAGGTAACTAGACAGT-1",-0.270656000883714,FALSE,-0.00787342120851457,FALSE,-0.497410794166919,FALSE
"GAGGTAACTGCGAGAC-1",0.408744936131607,FALSE,0.339033023958582,FALSE,-0.967568016992574,FALSE
"GAGGTATTAATAGCGG-1",-1.52146477280603,FALSE,-1.24665389845159,FALSE,-0.725286409857727,FALSE
"GAGGTCACTGTAAGCT-1",-0.018541814369255,FALSE,-0.137650969427772,FALSE,0.153177851695052,FALSE
"GAGGTCCAAGTAGCTA-1",0.516851810200066,FALSE,0.416553010560657,FALSE,-0.34601819051128,FALSE
"GAGGTGAGATCATTGG-1",-0.602726162175832,FALSE,-0.45674480983166,FALSE,-0.389796983984087,FALSE
"GAGGTGAGGATTCATT-1",0.0376882076928214,FALSE,0.096089991985655,FALSE,-0.0765785684813279,FALSE
"GAGGTGCATTCGGATC-1",-0.322148362203521,FALSE,-0.27332576157168,FALSE,-1.22172685674228,FALSE
"GAGGTGCCTCTTCGTG-1",0.386605489256494,FALSE,0.678976378246167,FALSE,0.146022182667253,FALSE
"GAGGTGCGGCTGACCA-1",0.257127506045007,FALSE,0.143208051028474,FALSE,-0.812417603838234,FALSE
"GAGGTGGCTCGAGGTT-1",-0.488263708212354,FALSE,-0.535668593556172,FALSE,-1.03406248968811,FALSE
"GAGGTGTAGCAACTCA-1",-1.89571410843527,FALSE,-2.61727840865561,FALSE,-1.72797475165329,FALSE
"GAGGTTAGATCGAAGA-1",-5.77293311070717,TRUE,-5.77391329907437,TRUE,-2.04161840821821,FALSE
"GAGTAACGTGGCTTGA-1",-0.337547855248714,FALSE,-0.522378037738721,FALSE,-0.00972820443956214,FALSE
"GAGTAGACGCAGGCTC-1",-1.37686084310729,FALSE,-1.33699341436283,FALSE,-1.20830844927987,FALSE
"GAGTAGATACGTCAAC-1",1.14018196455955,FALSE,0.991542126070201,FALSE,0.946796610617995,FALSE
"GAGTAGATTATGGTTC-1",-0.438571590222334,FALSE,-0.293681251393223,FALSE,-0.63021199950773,FALSE
"GAGTAGGATGGTAGTC-1",0.113568776975353,FALSE,-0.334535091587392,FALSE,-0.642676689292139,FALSE
"GAGTCACCGTCCTCCA-1",1.40725438737308,FALSE,1.64358421886861,FALSE,1.5949816881116,FALSE
"GAGTCACGTCCTTAGA-1",0.590146287335158,FALSE,0.445266785544657,FALSE,0.418237220798875,FALSE
"GAGTCCACGCCTGAAG-1",0.544632212442209,FALSE,0.572067232573714,FALSE,0.256916164396989,FALSE
"GAGTCCACTCATAACA-1",-0.837098400514494,FALSE,-0.753222010999639,FALSE,-1.04099576794724,FALSE
"GAGTCCTCTAGCGACA-1",0.715499090704518,FALSE,0.704889288233088,FALSE,0.5816518194849,FALSE
"GAGTCTATTCCAGGAC-1",-2.76420095140884,FALSE,-2.35791062305711,FALSE,-1.39489108866571,FALSE
"GAGTCTCGAGATAGTC-1",-0.124443372280358,FALSE,0.0461787588308521,FALSE,0.0630220529930226,FALSE
"GAGTCTGACTATAGAA-1",0.242653121028637,FALSE,0.146765804881376,FALSE,0.511687005131325,FALSE
"GAGTCTGGTGAATGAG-1",1.45430140613889,FALSE,1.08967678416121,FALSE,0.319809390208538,FALSE
"GAGTGCAGCGTCATCG-1",-0.505441046743361,FALSE,-0.0700379255759164,FALSE,0.0469161070346515,FALSE
"GAGTGCCGCATTAGGC-1",1.3327883133351,FALSE,1.86246201989628,FALSE,3.16751508521848,TRUE
"GAGTGCGGATACAGTC-1",0.372092816391422,FALSE,-0.121826935124786,FALSE,0.294846735017627,FALSE
"GAGTGGAGCAAGCGCA-1",1.12942756630523,FALSE,0.824620954384635,FALSE,1.12564945680478,FALSE
"GAGTTAATCTCGTTAT-1",-0.325975674046315,FALSE,-0.389502639527647,FALSE,-0.47879212482682,FALSE
"GAGTTAATTCCACTGG-1",-0.101423824358414,FALSE,0.161911626705313,FALSE,0.348106995961978,FALSE
"GAGTTACTCAATGGAA-1",-0.60987026027933,FALSE,-0.561533032994569,FALSE,0.551164825059795,FALSE
"GAGTTAGCAGTAGATG-1",-0.392603435535536,FALSE,-0.494799430645774,FALSE,-0.469180837981404,FALSE
"GAGTTCTATCGTGCCT-1",0.472272577241963,FALSE,0.694637441308524,FALSE,1.11212463213612,FALSE
"GAGTTGGTATTAATAG-1",0.504988868267821,FALSE,0.484421566225615,FALSE,-0.831354743083485,FALSE
"GATAAGCACGTGCGTA-1",0.574869725367653,FALSE,0.133793235252726,FALSE,0.510134709456336,FALSE
"GATAATCAGCTATTGT-1",0.789160911113501,FALSE,0.918176369621763,FALSE,0.395084077972385,FALSE
"GATACCTCGCGACTGC-1",-0.208014413793847,FALSE,0.00148076783797164,FALSE,-0.231392602936082,FALSE
"GATACGACTGAACAGA-1",0.115842502181643,FALSE,0.208823813388522,FALSE,1.27496140294179,FALSE
"GATACTTCACTCAGCA-1",0.676107822284656,FALSE,0.731270775085038,FALSE,1.23489413232329,FALSE
"GATAGAGTCTGAATCG-1",-0.126634551539213,FALSE,-0.0990874117556099,FALSE,-0.241542982142112,FALSE
"GATAGAGTGATAAGCT-1",0.611499949550992,FALSE,0.425109440257684,FALSE,0.724898966123787,FALSE
"GATAGATGTTGAAGAT-1",1.33096624033026,FALSE,1.12478613495326,FALSE,1.62912077262998,FALSE
"GATAGCTAATGGATAG-1",-2.49746282482687,FALSE,-2.44555119405814,FALSE,-0.586067435605652,FALSE
"GATAGTGACACTCCAA-1",1.44443496493725,FALSE,0.859268993502161,FALSE,0.689976197747629,FALSE
"GATATCCATATGAGGC-1",-0.974242281568039,FALSE,-0.17992673503834,FALSE,-2.06936395351245,FALSE
"GATATCTTGTGACACG-1",-1.811480510423,FALSE,-2.32256028416024,FALSE,-1.20271447337421,FALSE
"GATATGCTCACGTTAC-1",0.0633397427530819,FALSE,0.23998303024218,FALSE,-0.114679248797881,FALSE
"GATCACGGCGTCTGGA-1",0.594981774920543,FALSE,0.654780634118924,FALSE,0.393698475340853,FALSE
"GATCACGTGATAGTTC-1",0.0542722523899111,FALSE,-0.00987934387770559,FALSE,0.261379244739429,FALSE
"GATCACTTAACGGATT-1",0.719078561169746,FALSE,0.797810637358798,FALSE,0.941715888799095,FALSE
"GATCCACCGCGTGCAA-1",0.720676388636267,FALSE,0.608806455150809,FALSE,0.655322020462977,FALSE
"GATCCACCTTACCTTG-1",1.09095248564247,FALSE,1.53681208905436,FALSE,2.75375896530919,FALSE
"GATCCACGAGCGTGCC-1",-3.04517622145947,TRUE,-2.42633190681396,FALSE,-1.43611977947292,FALSE
"GATCCATAGGATGTAA-1",0.115171675377444,FALSE,0.150698454681589,FALSE,0.0103622789239251,FALSE
"GATCCGGACATACACC-1",-1.6400597328583,FALSE,-0.68145522093821,FALSE,-0.833413840140864,FALSE
"GATCGCGGAGTCTAAT-1",0.248069209089303,FALSE,0.0445126141284307,FALSE,0.11257664324233,FALSE
"GATCGGAGATACGCAG-1",-1.81730223815523,FALSE,-2.38540582645806,FALSE,-1.49388489783765,FALSE
"GATCGTAACATTAATA-1",1.18219149776703,FALSE,1.43080535444089,FALSE,3.21531577598874,TRUE
"GATCGTAAGAGTCGCA-1",-0.71998129039787,FALSE,-0.601028154094254,FALSE,0.0170005126000049,FALSE
"GATCGTCATGCGGAGG-1",0.0319806101753319,FALSE,-0.304553634066438,FALSE,-0.321245438652538,FALSE
"GATCGTGGCCACAACC-1",0.886059594612231,FALSE,1.45582936180936,FALSE,4.3407740671837,TRUE
"GATCGTTGATGGATGC-1",0.399280797317642,FALSE,0.291427263279166,FALSE,0.180651234049362,FALSE
"GATCGTTGTATCTACT-1",-0.855649542642057,FALSE,-0.358378176907765,FALSE,-0.227771120856939,FALSE
"GATCTATGAAGATGCG-1",-1.12494838098946,FALSE,-0.826176309737995,FALSE,0.293628654714429,FALSE
"GATCTTGTCATGATCT-1",-0.0868389967359497,FALSE,-0.325298871347974,FALSE,0.213922370360656,FALSE
"GATGACTCTGAATCTT-1",0.306501184384815,FALSE,-0.0776299523810585,FALSE,0.628163834697712,FALSE
"GATGAGTGAACGGCTG-1",1.08868942720449,FALSE,1.09341111848193,FALSE,0.74533081989953,FALSE
"GATGCAACTCGCGTTG-1",-1.62794680547254,FALSE,-1.50011934408159,FALSE,0.0570190170331818,FALSE
"GATGCCACATTATCAC-1",-1.01822986370126,FALSE,-0.755529594412844,FALSE,1.09520168109778,FALSE
"GATGCCAGACATAATG-1",-0.452656570118258,FALSE,-0.103020048300842,FALSE,0.0459455165909204,FALSE
"GATGCCATCTATAACC-1",-1.2624745189016,FALSE,-1.64373193578824,FALSE,-0.772172554602037,FALSE
"GATGCCGACAGATATT-1",1.44942474340843,FALSE,1.51803319737226,FALSE,0.236969485606072,FALSE
"GATGCCTAGAGTCTGT-1",-0.47869215366253,FALSE,-0.514580326137436,FALSE,-0.592399679351728,FALSE
"GATGCGGTCCAGCTTA-1",-0.206719680963408,FALSE,-0.56282522546402,FALSE,-1.0089929291218,FALSE
"GATGGACCTGGACGGA-1",0.672909187354894,FALSE,0.361666055708589,FALSE,0.883963281801286,FALSE
"GATGGACGGCAGATGA-1",0.683281646809926,FALSE,0.625515582974052,FALSE,0.446827207898486,FALSE
"GATGTAGCGAGGTCCA-1",-0.157138444633879,FALSE,-0.241896214041719,FALSE,0.741915294645925,FALSE
"GATGTAGGAGTTGGCC-1",-0.391567278114053,FALSE,-0.632046498288368,FALSE,-0.475215459231913,FALSE
"GATGTTCTATAGGATA-1",-0.542278713975324,FALSE,-0.427511973876713,FALSE,-0.149882480124516,FALSE
"GATTATGTGACATGAT-1",0.569360466271935,FALSE,-0.0736285107426522,FALSE,0.550044071256907,FALSE
"GATTCCAAGTCCTGTA-1",0.8250885723465,FALSE,1.00786509009882,FALSE,-1.1392432953174,FALSE
"GATTCCATACTGAACC-1",-0.054532225238634,FALSE,-0.0680721709508483,FALSE,0.160188732896586,FALSE
"GATTCCATTGAGTTGA-1",0.308698943478238,FALSE,0.395499865273613,FALSE,-0.361958475826645,FALSE
"GATTCCGCTGCAAGAT-1",2.16099737562565,FALSE,2.93422730360531,FALSE,2.96989827554291,FALSE
"GATTCCGTCTAACGTT-1",0.0413668308877084,FALSE,0.0762900668826435,FALSE,-0.213591290310085,FALSE
"GATTCCGTGCGTATAC-1",-2.07203287984571,FALSE,-1.51431902322784,FALSE,-0.529121844058681,FALSE
"GATTCCTGCAGATCGT-1",-0.188825583178189,FALSE,-0.0445698072816794,FALSE,0.375955270167503,FALSE
"GATTCGCCATGTATCA-1",0.164155425831616,FALSE,0.738274495184444,FALSE,-1.42764095493393,FALSE
"GATTGTCGCAACGAGG-1",-0.307363407711979,FALSE,-0.0913824822846304,FALSE,-0.436544495700694,FALSE
"GCAACAGCCTGCTCTA-1",0.492498124784706,FALSE,0.414160372927419,FALSE,0.104485625836314,FALSE
"GCAACAGCTCCTATGA-1",0.264965741279638,FALSE,0.300176453008095,FALSE,0.301334932390514,FALSE
"GCAACAGGCCATTGAC-1",0.857349516442754,FALSE,0.8483850016825,FALSE,0.9381295808832,FALSE
"GCAACATACATCAGCA-1",0.30453444042138,FALSE,0.332729753186327,FALSE,-0.41267881376209,FALSE
"GCAACATCAGTCAAGT-1",0.809850166149855,FALSE,1.19181166760556,FALSE,3.82993380654146,TRUE
"GCAACATGGTTCTTCA-1",-0.350480701059719,FALSE,0.521852925992687,FALSE,-0.205283161524246,FALSE
"GCAAGAATGTTCCACC-1",0.0744634419634247,FALSE,0.210859902488484,FALSE,0.24223797644022,FALSE
"GCAAGATAGGTTAACT-1",0.151843355425634,FALSE,0.465707047656047,FALSE,0.771588176368648,FALSE
"GCAAGCACTACCGCCA-1",0.635040166915874,FALSE,0.693069769302315,FALSE,0.0245863244817339,FALSE
"GCAAGCTTATTGACGT-1",-0.734166364859051,FALSE,-0.46139794156653,FALSE,-0.756419449709142,FALSE
"GCAATACATGAGGACA-1",-0.369825982661309,FALSE,-0.311465947472746,FALSE,-0.663865361304863,FALSE
"GCAATCAACTCCAGAT-1",-0.234151615373317,FALSE,-0.208686776496699,FALSE,-0.802155701744766,FALSE
"GCAATCCTCGAGCGTT-1",-0.251853746935272,FALSE,-0.976235164757487,FALSE,-0.0263580786977261,FALSE
"GCAATCGTGACTCCAA-1",1.20801671819289,FALSE,1.35306181898784,FALSE,3.12993738788317,TRUE
"GCAATTAATCAACGTA-1",-0.0822420641249023,FALSE,-0.104795592053406,FALSE,-0.362263090317219,FALSE
"GCAATTCCTATCATAC-1",0.868514984748853,FALSE,1.17052705527302,FALSE,0.337551727580336,FALSE
"GCAATTCTGTGACAGA-1",-2.82493451671768,FALSE,-4.97120023699206,TRUE,-2.19602601266073,FALSE
"GCACAGCAGTCTGTAA-1",-0.0979116541570727,FALSE,-0.341094026438054,FALSE,-0.699250592720671,FALSE
"GCACAGCTGTGGTTGA-1",-1.05061862773887,FALSE,-0.652236039181814,FALSE,-0.46869087576219,FALSE
"GCACAGGCTCTACCAT-1",0.549571565746621,FALSE,0.33941504803947,FALSE,1.70543404333765,FALSE
"GCACAGTCTTGATAGA-1",-0.0904645059918481,FALSE,0.0722230404021213,FALSE,-0.207697006647065,FALSE
"GCACATCGTCTGCGGA-1",-0.14153362887705,FALSE,0.123469379385364,FALSE,-1.00235370041455,FALSE
"GCACATGCCGGTCTGG-1",0.102293381657658,FALSE,0.0610649156556123,FALSE,0.96426527937746,FALSE
"GCACCGAAGATGTCTA-1",0.189950976283333,FALSE,0.25606557381144,FALSE,0.0827281799148343,FALSE
"GCACCTAGCCGAATCT-1",-0.455624590647205,FALSE,-0.317858573228432,FALSE,-0.369665004102712,FALSE
"GCACCTAGTAATTATC-1",-0.204133397069795,FALSE,-0.195027262074177,FALSE,0.265532485863539,FALSE
"GCACCTTAATCGGATA-1",-0.862573009719074,FALSE,-0.935377295083245,FALSE,-0.40183500893645,FALSE
"GCACCTTACTGGCTAC-1",-0.720531015189335,FALSE,-0.545595112069605,FALSE,-0.605945600942378,FALSE
"GCACCTTAGCCTCGCA-1",-0.570525500548378,FALSE,-0.698205589047681,FALSE,-0.863534776192558,FALSE
"GCACGAGCAGTACCGA-1",1.25507785983084,FALSE,1.06158821552601,FALSE,-1.1715912776949,FALSE
"GCACGAGCTATTGTCG-1",-1.71180074586657,FALSE,-1.6983600812229,FALSE,-0.637956764857273,FALSE
"GCACGAGGTCACGGAC-1",-1.73688302034535,FALSE,-1.56989003664233,FALSE,-0.605408176562867,FALSE
"GCACGCAACCATACCA-1",-1.47717423858965,FALSE,-2.34495501937329,FALSE,-1.96980131970566,FALSE
"GCACGCATAGATTGCT-1",0.700230494148868,FALSE,0.657773771256898,FALSE,0.36974160231381,FALSE
"GCACGCATAGGCGATC-1",0.640869627916964,FALSE,0.55883116153921,FALSE,0.388526138009686,FALSE
"GCACGCTTCGTTGTTC-1",-0.0247920041315586,FALSE,-0.309962658825664,FALSE,-0.174437020614231,FALSE
"GCACGGAAGGATAGTA-1",-0.238624013348179,FALSE,-0.310818066050099,FALSE,-0.0390255904195437,FALSE
"GCACTACACTATTGCG-1",1.74504986565666,FALSE,1.3619504571267,FALSE,0.742681853480808,FALSE
"GCACTCCGACTGGCGT-1",-1.06326043174894,FALSE,-1.25105930743151,FALSE,-0.451900674047658,FALSE
"GCACTCTGTTGCCATA-1",0.526646717366713,FALSE,0.785308552966635,FALSE,-0.995446492598762,FALSE
"GCACTCTTGCTACCGA-1",-0.907861187540663,FALSE,-0.893117462328605,FALSE,-0.656058326209744,FALSE
"GCACTGAATATGACAG-1",-0.624768693464598,FALSE,-0.836057434410401,FALSE,-0.865972682680752,FALSE
"GCACTGCCTCGATGCG-1",0.292965378031955,FALSE,0.2354752726379,FALSE,0.0230946078803209,FALSE
"GCACTGGACGCAGCAC-1",0.484584821628097,FALSE,0.973564433039351,FALSE,0.419536245707068,FALSE
"GCACTGTTGCGGCCTT-1",0.296716087168485,FALSE,0.575790714202838,FALSE,1.36956048678416,FALSE
"GCAGACGCCTGGTTAT-1",0.428251559911421,FALSE,0.426368785007671,FALSE,0.689403048740143,FALSE
"GCAGATACGTTGAACG-1",-0.36932767365353,FALSE,-0.109165971130002,FALSE,0.0925802189656267,FALSE
"GCAGATAGTTGGAGAC-1",-0.0421592406957074,FALSE,0.0927423406519612,FALSE,-0.501834414597456,FALSE
"GCAGATCCTAATGTGG-1",-0.581759834502392,FALSE,-0.413637360617487,FALSE,0.0591646057000527,FALSE
"GCAGATCGGTAATTAT-1",-0.701149311952495,FALSE,-0.808265109805013,FALSE,-0.550423368013862,FALSE
"GCAGCCGGATGCCGCA-1",0.249382841461036,FALSE,0.198681219894715,FALSE,0.363997354199913,FALSE
"GCAGCGACAGTTCGGT-1",-0.326224520275664,FALSE,0.0228640593286807,FALSE,-0.784617350937971,FALSE
"GCAGGCAGTGATCTAC-1",0.784462131642977,FALSE,0.786087145228524,FALSE,0.123620260956255,FALSE
"GCAGGCCATTCCTGCC-1",-0.333606394719208,FALSE,-0.7659960182752,FALSE,-0.200014762233994,FALSE
"GCAGGCTACCGTCCTT-1",0.18649808742996,FALSE,0.654601389488724,FALSE,0.648584967157835,FALSE
"GCAGGCTGGTTCCAAG-1",0.00284667586179053,FALSE,0.555891969119937,FALSE,-0.0888261236584094,FALSE
"GCAGGTCACTACCTCA-1",0.182448666159862,FALSE,0.374062001200447,FALSE,0.114995914199645,FALSE
"GCAGGTGCTGATGCTT-1",-0.612296131735133,FALSE,-0.319180610745226,FALSE,0.82513944004118,FALSE
"GCAGTACTCAACGAAG-1",-0.630114784331239,FALSE,-0.558843836634216,FALSE,-0.961339147699051,FALSE
"GCAGTAGATGTCCAAT-1",-1.67525806173072,FALSE,-2.24146731902179,FALSE,-1.60733199601474,FALSE
"GCAGTTCGGCATTAGC-1",-0.701349351078793,FALSE,-0.0839678921128339,FALSE,0.657041009402381,FALSE
"GCAGTTGACAATAGAA-1",1.44123947711773,FALSE,1.65774591937081,FALSE,1.1166123617927,FALSE
"GCATAACCGAGGTGAT-1",0.934396726203394,FALSE,0.395569759318764,FALSE,0.154741437609502,FALSE
"GCATACTAGCATCGAA-1",0.129616359779442,FALSE,-0.759486426033799,FALSE,-0.726170081193124,FALSE
"GCATGACGGATTATCA-1",0.470980306705694,FALSE,0.458629112057087,FALSE,0.331166841405987,FALSE
"GCATGCGTCCTATTAA-1",-1.51829025551948,FALSE,-1.43153016007393,FALSE,-0.517962081572583,FALSE
"GCATGCTGAGACAGGT-1",-0.0638999442677858,FALSE,0.0868521048197694,FALSE,0.563002262273826,FALSE
"GCATGTCGAGTGTCTT-1",-0.352475617175896,FALSE,-0.422926421637064,FALSE,-0.0888528517128392,FALSE
"GCATTACCTGTCAAGA-1",-0.424982696746326,FALSE,-0.59506224937732,FALSE,-0.646037692910085,FALSE
"GCATTGACTACAGCGA-1",-0.448865589612828,FALSE,-0.609634966523382,FALSE,-0.324146495073635,FALSE
"GCATTGGTTACCAAGC-1",0.0698280586236272,FALSE,0.133314021075938,FALSE,0.960994716518821,FALSE
"GCCAACGAGCGGCATA-1",0.333724456068073,FALSE,0.260770646497525,FALSE,-0.077383891472072,FALSE
"GCCACGAAGGAATTCC-1",0.131331260847793,FALSE,0.449348434687417,FALSE,-1.28478495659764,FALSE
"GCCACGACCGTTAAGT-1",-1.50032078538487,FALSE,-0.782570230948584,FALSE,-0.601042781598003,FALSE
"GCCACGCCTTAGTACG-1",0.388024156872077,FALSE,0.226703499371461,FALSE,0.838897983059971,FALSE
"GCCACTATAGACCATA-1",-0.372106496453912,FALSE,-0.760004092838944,FALSE,-0.569561609446902,FALSE
"GCCACTCCGTCACCTC-1",1.4962553096488,FALSE,1.59881467865628,FALSE,1.08588114326347,FALSE
"GCCAGACAGACGCCTA-1",1.94080351430555,FALSE,1.79130977629786,FALSE,2.00104585398365,FALSE
"GCCAGACATCTATCAC-1",-0.766143105770355,FALSE,-0.607459712909515,FALSE,0.35909919198708,FALSE
"GCCAGTAGACGATACC-1",0.179070977345306,FALSE,0.278547191141103,FALSE,0.119809901230688,FALSE
"GCCAGTGCTCTACACT-1",-1.32546260314634,FALSE,-1.15366393566357,FALSE,-1.28886237332199,FALSE
"GCCAGTTCCTCGTGCC-1",0.758428476380264,FALSE,0.67236871324578,FALSE,0.450454112690964,FALSE
"GCCATTCTCGTGTAGA-1",-1.4579055082452,FALSE,-2.1417447044141,FALSE,0.665278003876152,FALSE
"GCCATTGAGTGCTGCG-1",0.799346143255003,FALSE,0.111290808782353,FALSE,-0.6249179450808,FALSE
"GCCATTGCATGTTAAC-1",0.605940977616893,FALSE,0.392772635928137,FALSE,1.14802452099137,FALSE
"GCCATTGTAACTGATC-1",-4.43070941146964,TRUE,-4.52097748223799,TRUE,-0.64514708929086,FALSE
"GCCATTGTAATGTCTT-1",0.791431893910656,FALSE,0.926075625047196,FALSE,0.595428090679509,FALSE
"GCCGAAGATGTATTGA-1",-0.295923699707882,FALSE,-0.468451302957567,FALSE,-0.407606062145484,FALSE
"GCCGAATCCACGACTC-1",-1.11509922251713,FALSE,-0.95640538797335,FALSE,-0.792096467050367,FALSE
"GCCGAGTCCTCGTCCA-1",1.04541226898998,FALSE,1.04951074885415,FALSE,0.141922402184413,FALSE
"GCCGATACGGTATCAG-1",-2.40833687744917,FALSE,-2.10979948285942,FALSE,-1.78144995003397,FALSE
"GCCGATCGAGTGAAGT-1",-0.312782405778971,FALSE,-0.195224983597127,FALSE,-0.733463526401591,FALSE
"GCCGATCTCGTGACTC-1",0.599298591440796,FALSE,0.248120965188411,FALSE,0.570680356725614,FALSE
"GCCGCACTTCGTCTAT-1",0.745098809496048,FALSE,0.389683807174626,FALSE,0.0832821860967838,FALSE
"GCCGCTAGATCACCTT-1",0.198553451583655,FALSE,0.11505511189995,FALSE,-0.291887322049829,FALSE
"GCCGCTGATTGGCCAG-1",-0.282884480297504,FALSE,0.216171323333078,FALSE,1.0754973782276,FALSE
"GCCGCTTCTAAGGTGA-1",-0.383918606146997,FALSE,-0.161030013659379,FALSE,0.159288492846904,FALSE
"GCCGGCAATAGGCAGG-1",0.60315812958443,FALSE,0.485615292209253,FALSE,0.236892268911093,FALSE
"GCCGGCGAACCATTGT-1",2.0424594249418,FALSE,1.55981717336718,FALSE,1.22131981336412,FALSE
"GCCGGCGTAGGTGACG-1",-0.197035251065377,FALSE,-0.362183991912014,FALSE,-0.629411738287554,FALSE
"GCCGGCGTGAACTTGC-1",0.686776636827716,FALSE,0.827850554324551,FALSE,0.816459497459726,FALSE
"GCCGGTATGCTCATGC-1",0.316375244485012,FALSE,0.00454898053473752,FALSE,-0.423184091751123,FALSE
"GCCGTATGCCAGTCTT-1",-0.420957069953821,FALSE,-0.31461907760238,FALSE,-0.525216050036944,FALSE
"GCCGTATGCGTTATAG-1",-1.87994951715444,FALSE,-1.88602834098815,FALSE,-0.632076339707119,FALSE
"GCCTATAGCATACCTT-1",-0.24020828420796,FALSE,-0.284305272611721,FALSE,-0.191663984273206,FALSE
"GCCTCCAACAGTAGCC-1",-0.597996073011189,FALSE,-0.56841398121161,FALSE,-0.782261476645043,FALSE
"GCCTCCGTCTACCTCG-1",1.55836370392591,FALSE,1.10286391107012,FALSE,-0.437846230503036,FALSE
"GCCTCCGTGCTGTAAT-1",0.83096884865771,FALSE,1.23408219278778,FALSE,-0.421829887036766,FALSE
"GCCTCCTGCGGCCGTT-1",-0.221955048922754,FALSE,-0.0645595945636143,FALSE,1.54376844931114,FALSE
"GCCTGGAACGTCTGCT-1",-0.0452207690408506,FALSE,-0.162788712361987,FALSE,-0.26913401356769,FALSE
"GCCTGGACAATGTATC-1",0.76210284719119,FALSE,0.55828552357054,FALSE,1.12074449995072,FALSE
"GCCTGGAGCAAGTTAG-1",1.70558008675423,FALSE,1.25378941467901,FALSE,0.795822329831407,FALSE
"GCCTGGTAAGGCGACT-1",1.68565260298829,FALSE,2.36071412568629,FALSE,4.3188075499306,TRUE
"GCCTGGTACATGGTCG-1",0.550007152971315,FALSE,0.825773119616668,FALSE,0.966912366351678,FALSE
"GCCTGGTCAGGTTGCC-1",-0.777527055795403,FALSE,-0.761794266678563,FALSE,-0.440217002143499,FALSE
"GCCTGTGAAGTCGGCG-1",0.744317798672355,FALSE,0.85205857630546,FALSE,0.450154355529173,FALSE
"GCCTGTGACACCAGAA-1",-0.448651440077861,FALSE,0.0630817751981947,FALSE,0.840685178853799,FALSE
"GCCTGTGATAGATTGG-1",0.149731295820865,FALSE,0.164542862447028,FALSE,0.0653743452855469,FALSE
"GCCTTCGCTTATGTTC-1",-0.639149123934778,FALSE,-0.470197181627076,FALSE,-0.618682334969867,FALSE
"GCCTTCTGATTCCGTC-1",0.0170654351706777,FALSE,0.0610003650048136,FALSE,-0.102586888367953,FALSE
"GCCTTCTGTCACGCTC-1",-0.524778783085367,FALSE,-0.721138496538397,FALSE,-0.765219590374463,FALSE
"GCCTTGAGATCTGAGC-1",-0.660818819303999,FALSE,-0.709976240524264,FALSE,-0.756241216208365,FALSE
"GCCTTGCCACTTCTGA-1",0.543765159597339,FALSE,0.397700019667461,FALSE,0.0424702740986157,FALSE
"GCCTTGCCTAGTCGAT-1",0.199759776267831,FALSE,0.188296552532097,FALSE,1.45114328104669,FALSE
"GCCTTGGCGAACAATC-1",-0.16404970153566,FALSE,0.306139765258901,FALSE,1.5811402909705,FALSE
"GCGAACAATAGAAGAC-1",0.334193903830352,FALSE,0.228751368768051,FALSE,-0.905078088368956,FALSE
"GCGAATAGTGGCTAAT-1",0.211234602744743,FALSE,0.265133028815019,FALSE,-0.0414103664808544,FALSE
"GCGAATCGAGAACACG-1",-0.000984383813832179,FALSE,0.0514933035095933,FALSE,0.134109479959777,FALSE
"GCGAATGCAGTGTCAA-1",0.564678077800075,FALSE,0.822947632821562,FALSE,-0.342875112485902,FALSE
"GCGAATTGGCTAGCCA-1",-1.08146724154777,FALSE,-1.08224656228245,FALSE,-0.762060489909137,FALSE
"GCGACACTAAGCTAAG-1",0.703659434027924,FALSE,0.59473704602939,FALSE,0.0240389171632935,FALSE
"GCGACAGTGCCGCACC-1",0.355249128223776,FALSE,0.0562287779625381,FALSE,0.119214398547075,FALSE
"GCGACGTAGAGCGTTA-1",-2.21661192880922,FALSE,-1.85444691793041,FALSE,-0.830045826544817,FALSE
"GCGAGCGGACCATAAC-1",-0.556022838595721,FALSE,-0.33962462724087,FALSE,-0.258989809961996,FALSE
"GCGAGCGGTTGTCATG-1",-0.208979728074224,FALSE,-0.0469971233918462,FALSE,-0.430155492453639,FALSE
"GCGAGCTAACTCCTAG-1",1.67225360801796,FALSE,1.21930715243481,FALSE,1.30683550352077,FALSE
"GCGAGGATCGACCTTA-1",-0.217569480347815,FALSE,-0.0670852597558715,FALSE,-0.00703507582262301,FALSE
"GCGAGTTGAACGTCGA-1",-1.21397984555764,FALSE,-1.04380546037031,FALSE,-0.884140849841736,FALSE
"GCGATCTTGCTCACGC-1",0.111888037022751,FALSE,0.0941561635480044,FALSE,0.127149382359865,FALSE
"GCGATGACCGTGTAAT-1",-0.565133592276523,FALSE,-0.783043547087306,FALSE,-0.660075451529667,FALSE
"GCGATGCCTCTAAGTC-1",-0.379176140520919,FALSE,-0.070123450818258,FALSE,0.310524487014316,FALSE
"GCGATGGAGCTACATT-1",0.278961450556378,FALSE,0.394823268407462,FALSE,0.428755099418974,FALSE
"GCGATGTACTGCTATT-1",0.178799442104528,FALSE,0.269025054649637,FALSE,1.0655805730456,FALSE
"GCGATTCTAACAGTAA-1",0.364876881456851,FALSE,0.56514414222914,FALSE,-0.958396888304234,FALSE
"GCGGAGCCTGTAACAT-1",0.811512119571971,FALSE,1.03531434826846,FALSE,1.02374753766713,FALSE
"GCGGCAAGTGTTATGT-1",0.869190001241962,FALSE,0.622437332431153,FALSE,0.313544117523726,FALSE
"GCGGTCCATCACGGCA-1",0.517050397612671,FALSE,0.735879953515535,FALSE,0.438126415680277,FALSE
"GCGGTCCGCTGTCTCA-1",0.238742665044289,FALSE,0.237388384646372,FALSE,0.509518795032681,FALSE
"GCGGTCCTGTAGTCTG-1",-0.607603209160552,FALSE,-0.872808329120504,FALSE,-1.20833195686679,FALSE
"GCGGTCGGCGTACCTT-1",-0.800470283744862,FALSE,-0.118246861393946,FALSE,-0.0175193093632295,FALSE
"GCGGTCGTTGATCTTG-1",-4.2310910128978,TRUE,-2.73426564163015,FALSE,0.72396207711678,FALSE
"GCGGTGAATCCTGTTA-1",2.36341937301066,FALSE,1.62477599362888,FALSE,1.32008396820138,FALSE
"GCGGTGGCCGACGCAT-1",0.476762831135228,FALSE,0.378949966522379,FALSE,0.8067020276211,FALSE
"GCGGTTCTGTGGACGT-1",0.239625311035412,FALSE,0.261415591638352,FALSE,1.04487780078793,FALSE
"GCGGTTGCCTCGACGG-1",0.113678602947292,FALSE,0.0604495530836111,FALSE,-0.735112394670375,FALSE
"GCGTAACGTTACAGGT-1",-0.386871902361918,FALSE,-0.992645292741403,FALSE,1.68726937064385,FALSE
"GCGTACCGGAACGACA-1",-1.55869425050935,FALSE,-1.60326574311315,FALSE,-0.773682055776467,FALSE
"GCGTACCGGATGGCTC-1",-0.267026560964461,FALSE,-0.490245615435435,FALSE,-0.265355012715517,FALSE
"GCGTACCGTGTATCAG-1",0.234541290119603,FALSE,0.307196675674174,FALSE,0.0768017417892716,FALSE
"GCGTACGAATCTAATC-1",-0.489573710804391,FALSE,-0.456052154508412,FALSE,-0.537843931236694,FALSE
"GCGTCCAGCAATTGGC-1",0.618770178871388,FALSE,0.696193628296451,FALSE,1.20491927737013,FALSE
"GCGTCCTCTGCCGTTG-1",-1.48572665649384,FALSE,-1.41463779465904,FALSE,2.10777406006908,FALSE
"GCGTCGGAATGCTGCC-1",-1.08720874388898,FALSE,-0.755691878473484,FALSE,0.156763870764958,FALSE
"GCGTCGGTCACGCCAG-1",-1.1614659179259,FALSE,-1.15279253544641,FALSE,-0.192667525715589,FALSE
"GCGTCGTAGGCTCATC-1",-0.658839295290149,FALSE,-0.536381386437926,FALSE,-1.60259645771088,FALSE
"GCGTCTCGCAACTCAT-1",0.723191178213691,FALSE,0.47798486234368,FALSE,0.00104271436784127,FALSE
"GCGTCTGGCCTGCAGC-1",-0.560944483435654,FALSE,-0.751498422462563,FALSE,-0.610364110219314,FALSE
"GCGTGAACGTGACTCA-1",-0.173836185647566,FALSE,-0.344025938270253,FALSE,0.273799945355902,FALSE
"GCGTTAATAGTCAGTA-1",0.630158732198994,FALSE,0.645227721988009,FALSE,0.724485160703299,FALSE
"GCGTTCGAGGCCACAA-1",-0.0695864498662869,FALSE,-0.163746608029531,FALSE,0.501243114490745,FALSE
"GCGTTCGATCTTGGCC-1",0.130166144805103,FALSE,0.517035573983099,FALSE,0.655905939177224,FALSE
"GCGTTGTATCGGAGCT-1",-2.32171732850533,FALSE,-2.46046260987021,FALSE,0.484284226924896,FALSE
"GCTAACAGATTGGTAG-1",-2.91239631351366,FALSE,-1.665378587275,FALSE,-0.391724692292909,FALSE
"GCTAACCATAGGCGTT-1",-1.76743913997801,FALSE,-1.34306292363606,FALSE,-1.87491325659654,FALSE
"GCTAACGTCCATTCTG-1",0.772272469675145,FALSE,0.740443767490353,FALSE,1.42201503373986,FALSE
"GCTACATCTGTACTCA-1",-4.49703583768505,TRUE,-4.06491348182892,TRUE,0.975387046006555,FALSE
"GCTACCATCCTGTAGA-1",0.0349532777414678,FALSE,0.298595962243178,FALSE,1.41108788242421,FALSE
"GCTACCTAGTCCGTTC-1",-0.703724366511077,FALSE,-0.757809072279127,FALSE,-0.709547163149118,FALSE
"GCTACTTCTGACGCGA-1",0.666789965199039,FALSE,0.715197116735307,FALSE,1.41925923926894,FALSE
"GCTAGTCGATAGGTGC-1",-0.187903840518199,FALSE,-0.0945682350361202,FALSE,-0.176167778669289,FALSE
"GCTATGCGTGAACGGT-1",-0.0481352679059327,FALSE,-0.229455718495226,FALSE,0.708862940427923,FALSE
"GCTCAACCACGGCAAC-1",1.05954424771425,FALSE,1.17814250925432,FALSE,0.718955406636907,FALSE
"GCTCATACAATTAGAC-1",0.20328991198459,FALSE,0.462449559266176,FALSE,1.55534673183291,FALSE
"GCTCATACCTCAGGCA-1",0.224906508778533,FALSE,0.20139563232549,FALSE,-0.454412619786346,FALSE
"GCTCATTGGTTCAACA-1",1.04510583679854,FALSE,0.632421782408384,FALSE,0.709928358056249,FALSE
"GCTCCGAGACTACATA-1",0.050755178427105,FALSE,-0.335538745881693,FALSE,0.979502944325628,FALSE
"GCTCCTATGTCTTCGC-1",0.141266406148747,FALSE,-0.73704782146216,FALSE,1.21683604334695,FALSE
"GCTCGATCGCAGCCAC-1",0.833097644960673,FALSE,0.459099257448987,FALSE,-0.958523330717639,FALSE
"GCTCGATGCTCGCATG-1",0.171475792603017,FALSE,0.0813989762496764,FALSE,-0.741954684141626,FALSE
"GCTCGCATCGTCATTA-1",-1.68767003940293,FALSE,-0.997657972659225,FALSE,-0.636434129698734,FALSE
"GCTCGGAGATGAATGT-1",1.98604265537797,FALSE,1.20020233861686,FALSE,0.547082491488114,FALSE
"GCTCGTCTGCCGCAAT-1",0.587407242497051,FALSE,1.00835541812881,FALSE,0.328818432102211,FALSE
"GCTCTGACTCGACTTA-1",0.303127135461796,FALSE,0.0941947969183111,FALSE,1.20736745099362,FALSE
"GCTGAATGACCGTGAG-1",0.741985314774573,FALSE,0.394451194783492,FALSE,0.688588396020851,FALSE
"GCTGACAGCCGGAGCG-1",-1.38700657636407,FALSE,-0.894413777223857,FALSE,-0.173461989241114,FALSE
"GCTGACTTGTCTCAAT-1",-0.138823277728516,FALSE,-0.48473560052455,FALSE,0.592661010975954,FALSE
"GCTGAGGACAAGAAGT-1",-0.177347111220721,FALSE,-0.0262301569520698,FALSE,-0.488647012486998,FALSE
"GCTGAGTGTTCAACCG-1",0.513394317842005,FALSE,-0.348486370934642,FALSE,0.748199595639437,FALSE
"GCTGCCGCCTATGTAG-1",0.525561306983124,FALSE,0.560983384467291,FALSE,0.789302767533569,FALSE
"GCTGCGCAATGGAAGC-1",-0.49569012836956,FALSE,-0.483873081662406,FALSE,-1.16258141584189,FALSE
"GCTGCGTTATGTGGAC-1",0.713051891712458,FALSE,1.0138228288551,FALSE,0.552395811126682,FALSE
"GCTGGATGACTCTACC-1",0.547304326467346,FALSE,0.442657344400098,FALSE,-0.028582839078101,FALSE
"GCTGTAGTGCTGTCGC-1",-0.583176286523542,FALSE,-0.714165617854675,FALSE,-1.01776262454608,FALSE
"GCTGTCGCGATGGTAG-1",-1.92698469878689,FALSE,-1.89667992049674,FALSE,-0.406489798903518,FALSE
"GCTGTCTAATTGGCAA-1",0.724546931869823,FALSE,0.350338327751375,FALSE,1.24185991979842,FALSE
"GCTGTTATGGTTGCCG-1",0.58424449485325,FALSE,0.23826439330301,FALSE,1.22338600189244,FALSE
"GCTGTTCAACCGAATA-1",2.13624232659863,FALSE,0.995589923826663,FALSE,1.00811559672917,FALSE
"GCTGTTCATCAGCGTC-1",-0.372571496180082,FALSE,-0.202588925481755,FALSE,-0.841354135398423,FALSE
"GCTGTTGATAGTCTTA-1",1.14464275603355,FALSE,0.859634270963162,FALSE,1.21979355252948,FALSE
"GCTTAATAGAGGCGAG-1",0.26365651633764,FALSE,0.603850620952573,FALSE,3.05187558679928,TRUE
"GCTTACAGATGTGCAC-1",-1.2811746454222,FALSE,-1.34026106648834,FALSE,-0.652898384873061,FALSE
"GCTTAGACTACCAATG-1",1.06254469967499,FALSE,1.11516921608739,FALSE,-0.665733672182487,FALSE
"GCTTCAATGTAACACC-1",0.380669543768665,FALSE,0.582129533679357,FALSE,-0.0442410202748366,FALSE
"GCTTCGATTGCGGTGC-1",0.919984029911346,FALSE,1.00441159372057,FALSE,0.99979914923017,FALSE
"GCTTCGCTAAGCGACC-1",-0.298464159234659,FALSE,-0.260647350683579,FALSE,-0.352256294915869,FALSE
"GCTTCGCTCAAGCGAT-1",-1.70644379548219,FALSE,-3.15254022643491,TRUE,-2.15403744640883,FALSE
"GCTTCGGCATCAGAGT-1",0.356687912032996,FALSE,0.374602805116488,FALSE,0.765836614030973,FALSE
"GCTTCTAAGTCTGACG-1",-0.527416879397248,FALSE,-0.409061654228508,FALSE,-0.738317072884768,FALSE
"GCTTCTAGCGTTCATT-1",1.05248815814431,FALSE,0.875390602283582,FALSE,0.374295257120761,FALSE
"GCTTCTCCAGAACCGC-1",-0.105456924881651,FALSE,-0.0976867953715359,FALSE,-0.36145342385247,FALSE
"GCTTCTGAACCGCTAT-1",-1.08446181153133,FALSE,-1.07678083784484,FALSE,-1.24527589610851,FALSE
"GCTTCTGTATCGACGC-1",-0.772805102884869,FALSE,-0.653411945502454,FALSE,-0.488337400094804,FALSE
"GCTTCTGTTACGAGAA-1",-1.00521476979194,FALSE,-0.890097506270077,FALSE,-1.51256311714803,FALSE
"GCTTCTTGAATCGGTT-1",-0.11005484307555,FALSE,-0.349559210786268,FALSE,-0.559141410712017,FALSE
"GCTTCTTGGACGAGCG-1",-0.878975940271065,FALSE,-1.29563415720222,FALSE,-0.73417974541787,FALSE
"GCTTGACCTCCGCTTC-1",0.262332566112109,FALSE,0.337070317709274,FALSE,0.029469772476808,FALSE
"GCTTGAGCTCTTGACA-1",0.896405901284843,FALSE,1.06106780846194,FALSE,0.421795207664927,FALSE
"GCTTGCAATACAAGGC-1",1.36226708634084,FALSE,1.14629476744509,FALSE,-0.00629682963923579,FALSE
"GCTTGCCATAGTGGAT-1",-0.250759303975027,FALSE,-0.453265486551842,FALSE,-0.274422334986085,FALSE
"GCTTGCTCAGTGTCCG-1",1.27822020084485,FALSE,1.38452755704179,FALSE,2.44182229509269,FALSE
"GCTTGCTTACTTAACG-1",0.284269922288815,FALSE,-0.0972396756508113,FALSE,-0.0451735567766198,FALSE
"GCTTGGATCCAACCGG-1",-0.333662621050326,FALSE,-0.864305171699351,FALSE,-0.615250426502717,FALSE
"GCTTGGATGCTCGCTT-1",-0.583666951389768,FALSE,-0.496629615741269,FALSE,-0.51558269685324,FALSE
"GCTTGGCACTCCGTCT-1",-2.20763737785032,FALSE,-1.63408590400265,FALSE,-0.537597870800677,FALSE
"GCTTGGCTGCGGTAAC-1",0.712228710140418,FALSE,0.46315944636827,FALSE,0.134067265446225,FALSE
"GCTTGGTCAACCGTGG-1",0.718442443467477,FALSE,0.563352234538773,FALSE,-0.251823227655376,FALSE
"GCTTGGTGTTCGAACA-1",-1.36642245616945,FALSE,-0.622040329214264,FALSE,-0.628720355048718,FALSE
"GGAACATCGTGGAATC-1",-2.264107643742,FALSE,-2.86421599331763,FALSE,-0.597112142054616,FALSE
"GGAACGATAACATTAT-1",1.04592221826112,FALSE,-0.352393842749504,FALSE,-1.05418004265484,FALSE
"GGAACTTCGACATGTC-1",-1.05932976245826,FALSE,-1.42375325097951,FALSE,-0.871933832320831,FALSE
"GGAAGAATAACTAACC-1",-0.154977505394937,FALSE,-0.14347336984611,FALSE,-0.0371408309097913,FALSE
"GGAAGCAGTCATTCAG-1",-1.34151737687484,FALSE,-0.870877328064419,FALSE,-1.25720064852063,FALSE
"GGAAGCTATGGCACAG-1",-0.824656455027149,FALSE,-1.071573638812,FALSE,-0.372841568246964,FALSE
"GGAAGCTGAGATAAGG-1",-1.01766274215835,FALSE,-0.953055909888851,FALSE,-0.507003877723538,FALSE
"GGAAGTCCTTGTCATC-1",-0.378736552025943,FALSE,-0.638468935766384,FALSE,-0.11123390023391,FALSE
"GGAAGTCTTGTCGCAT-1",-1.10306220785477,FALSE,-1.04222692864838,FALSE,-1.61045554253083,FALSE
"GGAATCCTTAGACTGT-1",-0.320334190178833,FALSE,-0.680598093977648,FALSE,-0.311598850754244,FALSE
"GGAATGCGCCGACAGG-1",-0.196015411498161,FALSE,0.360864447708909,FALSE,0.171735158889006,FALSE
"GGAATGGCAACTTGGA-1",-1.50835534587099,FALSE,-1.0108540903722,FALSE,-0.424175264096765,FALSE
"GGAATGTCTTGTGCAC-1",-0.403306519887368,FALSE,-0.237903093998874,FALSE,0.0102885726923531,FALSE
"GGACAGGTCGCATAAT-1",0.0144867390720639,FALSE,0.0712429798644611,FALSE,0.18058935549745,FALSE
"GGACAGTGCGGCAACA-1",0.605179571898743,FALSE,0.624266783410431,FALSE,0.298494201482737,FALSE
"GGACCACTTATCGTTC-1",-0.40644748969019,FALSE,-0.564545450255695,FALSE,-0.563227926293716,FALSE
"GGACCAGATAGGATGT-1",0.486751595774283,FALSE,0.673977997730075,FALSE,0.858063746579159,FALSE
"GGACCATCACCGCCAA-1",0.231583388162394,FALSE,-0.0482823465433204,FALSE,-0.729272372203156,FALSE
"GGACCGATCTGGATTA-1",-0.43636095297484,FALSE,-0.341043288815959,FALSE,0.148672386927266,FALSE
"GGACCGCTTCCTGGCA-1",0.453142085552619,FALSE,0.436024986900951,FALSE,1.11071376131872,FALSE
"GGACCGGCTAAGTAGA-1",1.95115449792301,FALSE,2.17661104974431,FALSE,1.20056738396757,FALSE
"GGACGAGTCTGTTCAC-1",0.252478454699047,FALSE,0.548143297846387,FALSE,1.10191945843468,FALSE
"GGACGGATCCATCTAA-1",2.02269262969572,FALSE,1.9578397084208,FALSE,0.88703602144285,FALSE
"GGACGGCTATCGACCA-1",-0.559069185737337,FALSE,-0.184811646763543,FALSE,-0.727760980113359,FALSE
"GGACGGCTGACTAGTT-1",-0.477171149232686,FALSE,-0.361035664554215,FALSE,-0.407142363432501,FALSE
"GGACGGTGCAGTAGGA-1",0.765196703341673,FALSE,0.357479567603923,FALSE,-0.833644567344787,FALSE
"GGACGTACATACCAGA-1",1.6471258973971,FALSE,1.92196086190327,FALSE,2.37223749293507,FALSE
"GGACGTACTTCGGACA-1",0.649516039396913,FALSE,0.552219691468114,FALSE,0.622148638634067,FALSE
"GGACGTAGCCGCGTAA-1",-0.429965660515779,FALSE,-0.327317059863219,FALSE,0.00627476822687936,FALSE
"GGACGTAGTGTAGAAG-1",-0.306414168332468,FALSE,-0.220337810503615,FALSE,0.206111150558812,FALSE
"GGACGTCGAACGGCTT-1",-0.385125791486288,FALSE,-0.780382338964067,FALSE,0.223228922001276,FALSE
"GGACGTCGAGGATTCA-1",-0.620129361573923,FALSE,-0.670597582594815,FALSE,-0.839297544652733,FALSE
"GGACGTCGCACGAGAA-1",-0.412162182037197,FALSE,-0.473691534777454,FALSE,-0.732296055191259,FALSE
"GGACGTTACGTACATC-1",-0.126952572818828,FALSE,-0.0389733126860737,FALSE,0.904361320820837,FALSE
"GGACGTTAGATATTAC-1",0.352617571785503,FALSE,0.29316727744085,FALSE,-0.0253054032756592,FALSE
"GGACGTTGGAGGTGAT-1",0.359152825031697,FALSE,0.363437215112237,FALSE,0.246098136193709,FALSE
"GGACTCACGGTCCAAT-1",-0.823103781661935,FALSE,-0.434042125789471,FALSE,-0.344508037182862,FALSE
"GGACTCGTTCCTCGGA-1",0.182757299269425,FALSE,0.433292215525963,FALSE,-0.0574598477289642,FALSE
"GGACTCTGAACCTGAG-1",0.491486789338324,FALSE,0.671514060121687,FALSE,0.489874243803398,FALSE
"GGAGAAGCCAAGCGCT-1",-0.301584688381479,FALSE,-0.179863933385622,FALSE,0.740213523229154,FALSE
"GGAGATCCGTAGGATA-1",-0.328659581298918,FALSE,-0.638344844922416,FALSE,-0.765820801787889,FALSE
"GGAGATGCGTGCAGTA-1",-2.32103823004457,FALSE,-1.6711767038979,FALSE,-0.919635003091954,FALSE
"GGAGATGGCTCGAGAT-1",0.482702622918939,FALSE,0.352914838991485,FALSE,0.414796274758898,FALSE
"GGAGATGTGCCATAAC-1",-1.06072301038682,FALSE,-0.931255734645726,FALSE,-1.02289851096657,FALSE
"GGAGATTCACGACCAT-1",-1.17021105295648,FALSE,-1.10014430609239,FALSE,-0.196971614903319,FALSE
"GGAGCACCAACTGATT-1",0.486384805553514,FALSE,0.561784688711704,FALSE,1.49808553916789,FALSE
"GGAGCGAATTGGACGG-1",1.39127508833495,FALSE,2.70290635836523,FALSE,1.86683013566429,FALSE
"GGAGCGAGTGTAACTT-1",-0.437326148539601,FALSE,-0.606517914905004,FALSE,-0.0415622391070283,FALSE
"GGAGCGGCACCTCGTA-1",-1.87766083340116,FALSE,-1.15903890638553,FALSE,-0.698215450036502,FALSE
"GGAGGCACATAGCGTA-1",-0.541919168911686,FALSE,-0.718128701116827,FALSE,-0.971667224696947,FALSE
"GGAGGTATTGGACACC-1",2.62046676757123,FALSE,2.62182847452457,FALSE,1.17234396812776,FALSE
"GGAGGTCGTAGGAGCT-1",-0.564883579430773,FALSE,-0.83950914420773,FALSE,-0.62593324876979,FALSE
"GGAGTCCAGATAGCTT-1",0.164061150851837,FALSE,0.220909455712439,FALSE,-1.36245835541056,FALSE
"GGAGTCTAAGGCCGCT-1",-0.321405686132813,FALSE,0.0703391479295862,FALSE,0.132235487664648,FALSE
"GGAGTCTAAGTGGTCC-1",-0.278154991790495,FALSE,-0.211260577324683,FALSE,0.35933343898729,FALSE
"GGAGTGTCCATGTATT-1",-0.901548240762042,FALSE,-0.700625654860376,FALSE,-1.26475051708338,FALSE
"GGATAAGTCAGGATAG-1",-1.14326787500842,FALSE,-1.32332776492609,FALSE,-1.17591854019317,FALSE
"GGATAATTATGCTGGT-1",0.297399378625577,FALSE,0.249468811716359,FALSE,-0.364279453028719,FALSE
"GGATAATTCAATGCTG-1",0.314685604285578,FALSE,0.269239127878978,FALSE,0.383104054076148,FALSE
"GGATCGATACCTCCGG-1",-0.441954843508391,FALSE,-0.544206015751768,FALSE,0.594474164908957,FALSE
"GGATCGCTGGCATATT-1",0.209662483380441,FALSE,-0.70469751307251,FALSE,-0.585464295890865,FALSE
"GGATCGGACGTCTTGT-1",-0.430076977622839,FALSE,-0.517819201901176,FALSE,-0.451276471857652,FALSE
"GGATCTTCTAAGCGAA-1",0.891133329195553,FALSE,0.0326939183445941,FALSE,0.0718905371330841,FALSE
"GGATGGATCACTCATA-1",-4.62745487879539,TRUE,-4.05992259971117,TRUE,-1.03615488591108,FALSE
"GGATTCCGACGTGATG-1",-1.1119316815336,FALSE,-1.39898919669948,FALSE,-0.0651225052962752,FALSE
"GGATTCGATGTCCGGA-1",1.06096395052978,FALSE,0.965140232934259,FALSE,2.66347138544559,FALSE
"GGATTCGTGGTAATCA-1",1.41800241119305,FALSE,1.27656745242178,FALSE,1.08558589849872,FALSE
"GGCAAGACAATCAGCT-1",0.223442955287217,FALSE,0.382713362223732,FALSE,-0.485162437060824,FALSE
"GGCAATGCGAACTTAA-1",0.0882196157569056,FALSE,-0.00694596490716832,FALSE,-0.739168206895974,FALSE
"GGCACGACGGACGTCG-1",-0.152574990718611,FALSE,0.0864233273351858,FALSE,-0.0979685438184399,FALSE
"GGCAGCATCGAGAACC-1",-0.435515938239007,FALSE,-0.992924154173116,FALSE,-0.530961573956195,FALSE
"GGCAGCCGGCACTTCC-1",0.750912940079087,FALSE,1.85786109425724,FALSE,5.61375773672593,TRUE
"GGCAGCGTATACGACT-1",0.881729855622508,FALSE,0.698509115698733,FALSE,1.28563848167658,FALSE
"GGCAGGAAGTCTTCTA-1",-0.53140033446297,FALSE,-0.486754507854449,FALSE,0.0900656974512158,FALSE
"GGCATAATCCTATCGC-1",0.546666913457165,FALSE,0.417277614113845,FALSE,0.258121612069769,FALSE
"GGCATAATCCTTCATG-1",-0.484018815943321,FALSE,-0.238455972291544,FALSE,0.485679992873983,FALSE
"GGCATACATGGCTCAG-1",0.0677840432965617,FALSE,0.796471939061331,FALSE,-0.199530392930352,FALSE
"GGCATACTATTGCACT-1",0.800960544451495,FALSE,1.01978022867618,FALSE,0.815426535782838,FALSE
"GGCATTCCGATGCTCG-1",0.437288417328521,FALSE,0.236982885204029,FALSE,-0.160075710620139,FALSE
"GGCATTGCTAAGAATG-1",0.797284661402861,FALSE,0.675877589188255,FALSE,1.28656996678425,FALSE
"GGCCAAGATGGATGGC-1",-0.423905225701132,FALSE,-0.289067035798321,FALSE,0.599560409034254,FALSE
"GGCCAATAACGCTACA-1",0.374788879866238,FALSE,0.15736444648742,FALSE,-0.571978346303297,FALSE
"GGCCAGTAGGTATGAG-1",0.195328200070044,FALSE,0.88827891208859,FALSE,0.490593555071688,FALSE
"GGCCGCCAACTATTGC-1",1.64759392447436,FALSE,1.19019188157612,FALSE,0.0574405279874432,FALSE
"GGCCGGCGGTCTGTTA-1",-0.835181791387225,FALSE,-0.560358532923717,FALSE,-0.336782631404366,FALSE
"GGCCGGCTTCGTCAAC-1",-0.406827061637194,FALSE,0.66099995519216,FALSE,0.614071557871899,FALSE
"GGCCGTCCAGTAGGAC-1",0.165920543785972,FALSE,0.238738736952724,FALSE,0.977154864736284,FALSE
"GGCCTGCGTTATGCCG-1",-0.315518362655085,FALSE,-0.52388183677405,FALSE,-0.34789151766037,FALSE
"GGCCTTCGACCAGGTA-1",-0.574399676360424,FALSE,-0.765851730493549,FALSE,-0.528446482861578,FALSE
"GGCCTTGGATGTTGTC-1",0.369634033340934,FALSE,0.038842566915086,FALSE,0.278889044677978,FALSE
"GGCGACCATAGCGTTA-1",-0.122025374724292,FALSE,-0.619961580584448,FALSE,0.228735949277765,FALSE
"GGCGACCTATCTGGCG-1",0.437767762289232,FALSE,0.112839165756074,FALSE,0.330203287983811,FALSE
"GGCGACTTCTTGATGT-1",-1.05079477187959,FALSE,-0.894091064213411,FALSE,-1.01450950350338,FALSE
"GGCGAGGCAGCCTACT-1",-0.404928605913625,FALSE,-0.144571274826511,FALSE,0.345016263204222,FALSE
"GGCGATCGGTCTGCTC-1",-1.42840325462491,FALSE,-1.65049928278914,FALSE,-0.403061511151387,FALSE
"GGCGCAGGTCGCGTCT-1",-0.374239968719694,FALSE,-0.282669978297943,FALSE,-0.458747785142443,FALSE
"GGCGCCAAGGAGCGCT-1",-0.646827445771201,FALSE,-1.05513277960221,FALSE,-1.1014395479968,FALSE
"GGCGCCACCGGAGCAA-1",-1.16003664676831,FALSE,-1.29808358835339,FALSE,-1.87436298024013,FALSE
"GGCGCCACTCTGCGTT-1",0.668365617516721,FALSE,0.584394185850763,FALSE,0.357503978619403,FALSE
"GGCGCCACTGAACATC-1",-0.277747650018244,FALSE,-0.25819579896549,FALSE,0.287385152382815,FALSE
"GGCGCCGTCGGACATA-1",-0.146885309646713,FALSE,-0.0334457727369958,FALSE,0.204599674295082,FALSE
"GGCGCCTTGGCCTAAG-1",-0.697532644711415,FALSE,-0.928851229720668,FALSE,-0.345521162364394,FALSE
"GGCGCTAATATGCTCC-1",0.778046057537315,FALSE,0.811551838471221,FALSE,0.442638481882686,FALSE
"GGCGCTTCACCAGCGA-1",1.51042030586776,FALSE,1.586199843397,FALSE,1.86347942319275,FALSE
"GGCGGAAGTCTTGTAG-1",0.205442522735732,FALSE,0.171598127623415,FALSE,0.509278665141557,FALSE
"GGCGGAGCACTGATAA-1",-0.555138990098288,FALSE,0.519636482103727,FALSE,2.18720931321599,FALSE
"GGCGGAGTTGAACTAT-1",1.11915500173605,FALSE,1.46378626638299,FALSE,-0.363766330536448,FALSE
"GGCGGATACAACGCAC-1",-0.628630112314179,FALSE,-0.571824571393469,FALSE,-1.05926014782521,FALSE
"GGCGGATATTGATTGA-1",0.567541541437324,FALSE,0.847929971675074,FALSE,-0.0337953620397606,FALSE
"GGCGTCGCCGTATGAT-1",-1.76496046465081,FALSE,-1.78105221563405,FALSE,1.67618970965462,FALSE
"GGCGTCGGTAGTGATA-1",-3.67587977835006,TRUE,-2.07958320651138,FALSE,0.182857321889294,FALSE
"GGCGTGAACTCAACGG-1",0.458597587762452,FALSE,0.230099367905434,FALSE,0.026877946526654,FALSE
"GGCGTGGACCTTAGAT-1",0.240220513235823,FALSE,0.0586143485686771,FALSE,0.209893748905343,FALSE
"GGCGTGGCACGGCACT-1",0.223234315287613,FALSE,-0.811619203144164,FALSE,-0.783081733075431,FALSE
"GGCGTGTAATTACTTA-1",0.460412542256245,FALSE,0.258444607513149,FALSE,0.502095453506033,FALSE
"GGCTAATGTCTAGCGT-1",-0.461512973146177,FALSE,-0.544549519719658,FALSE,-2.09459418204838,FALSE
"GGCTCAATCAACATGA-1",1.21414985929337,FALSE,1.26359196818649,FALSE,-0.0321280686931659,FALSE
"GGCTCGATTAAGGCGG-1",-2.69466083236653,FALSE,-2.26321679212714,FALSE,0.0221485843042756,FALSE
"GGCTGACGCCGAATCA-1",-0.458406190460734,FALSE,-0.775589951709904,FALSE,-1.0035587530275,FALSE
"GGCTGCTAACTTCGCT-1",2.14974605068448,FALSE,1.59105827316977,FALSE,2.63997594564272,FALSE
"GGCTGCTCCATAGCTG-1",-1.00623298812516,FALSE,-0.978541232075811,FALSE,-0.811691276174428,FALSE
"GGCTGTGGAATAGCGT-1",-2.02537662560137,FALSE,-2.47985296941251,FALSE,-0.826528430654482,FALSE
"GGCTGTTCAATGTCAA-1",0.788302369258372,FALSE,0.8294400982141,FALSE,0.685795779197237,FALSE
"GGCTTGCCATAGGCTC-1",-1.92096596053704,FALSE,-1.38189379000383,FALSE,-0.997004247471804,FALSE
"GGTAACTCAACACTCC-1",-0.498643429817521,FALSE,-0.429821899634758,FALSE,-0.599724018376472,FALSE
"GGTAAGGCGACGATGA-1",-0.973776488436501,FALSE,-0.796590024432933,FALSE,0.0564365735986383,FALSE
"GGTACCACCTATACCT-1",-0.790549570989442,FALSE,-0.593354288143333,FALSE,-0.166907139732365,FALSE
"GGTACCAGGTAGTGTT-1",-0.0204052369278479,FALSE,0.278447512067249,FALSE,0.354434395859921,FALSE
"GGTACGAAGAACTCGA-1",1.20678576569272,FALSE,0.977201925665347,FALSE,0.739753714641279,FALSE
"GGTACGATCGACTTAA-1",0.242860084979251,FALSE,0.380118732089535,FALSE,0.267546336984216,FALSE
"GGTACGCTTACCTGCG-1",-0.724883133593682,FALSE,-0.200391882304633,FALSE,0.345850493869241,FALSE
"GGTACGGAGCATCAGC-1",-1.43263765639037,FALSE,-0.84787169203076,FALSE,-1.94829246016121,FALSE
"GGTACGGTATGCTCCA-1",-0.511182474838393,FALSE,-0.0755301756288486,FALSE,1.32818071301629,FALSE
"GGTACGTGCCTTATCC-1",0.488854511022938,FALSE,0.607464095103375,FALSE,1.2652947547829,FALSE
"GGTACGTGCTCGGCAA-1",0.637265264687526,FALSE,0.81226852925192,FALSE,0.972909481422859,FALSE
"GGTACTGTGATCTTCC-1",-0.365704529171634,FALSE,-0.516719829388971,FALSE,0.0592568633720034,FALSE
"GGTAGCCAAGGTACTT-1",-2.66644429864614,FALSE,-3.05404651998705,TRUE,-1.20714131242005,FALSE
"GGTAGCCATCAATCCG-1",0.685865154449922,FALSE,0.570489085120937,FALSE,-0.109635319755829,FALSE
"GGTAGCGTACATCTGT-1",0.528898159886379,FALSE,0.369545677933123,FALSE,-0.00548910889897234,FALSE
"GGTAGCTTAGCCAATC-1",-1.67152353424235,FALSE,-0.980647807198493,FALSE,-1.06335610774996,FALSE
"GGTAGGCCACATGCAA-1",1.14647759418944,FALSE,0.827942003052111,FALSE,1.52515803840517,FALSE
"GGTAGGTCTGGCTAAC-1",-0.916446229002526,FALSE,-0.814158762929212,FALSE,-0.267033600048868,FALSE
"GGTAGTACAGGTTAGA-1",0.887817889710805,FALSE,0.985514514361567,FALSE,0.284735666804182,FALSE
"GGTAGTACCGCAACAG-1",-0.337584139103258,FALSE,-0.289628058672262,FALSE,-0.543460708981107,FALSE
"GGTAGTTGAAGTCCAT-1",-1.28635023684575,FALSE,-2.02196369311013,FALSE,-1.52457102139986,FALSE
"GGTATGCAACAGTGGC-1",0.714123041511145,FALSE,1.11970239849401,FALSE,1.1127986684479,FALSE
"GGTCACCGCATAACAA-1",-0.291474220540086,FALSE,0.085507688293543,FALSE,-0.207091000788547,FALSE
"GGTCATGCTCTGCCAA-1",1.24441913482822,FALSE,1.0201959662464,FALSE,0.479799494888095,FALSE
"GGTCCGGACGAGTGAA-1",0.424635820622171,FALSE,0.805744334548643,FALSE,2.5726208523188,FALSE
"GGTCCTGCGAGTAGGT-1",2.12624070362978,FALSE,1.36214027600575,FALSE,-0.408709295821102,FALSE
"GGTCTGAAGGTTCGAA-1",0.291510330333819,FALSE,0.246350160650962,FALSE,0.445338178212674,FALSE
"GGTCTGAAGTATGTCA-1",0.650976365527709,FALSE,0.618034660972621,FALSE,0.867065949868515,FALSE
"GGTCTGCGAACTGTAT-1",0.573519504717391,FALSE,0.715825211540783,FALSE,1.17590626523204,FALSE
"GGTCTGGTTGTAGAAC-1",-0.28566629184296,FALSE,-0.156361610182325,FALSE,-0.663417582527966,FALSE
"GGTCTGTTCACTAATC-1",-1.96197252940071,FALSE,-0.998753616151883,FALSE,-0.296980258246715,FALSE
"GGTCTTATAGGCTGGC-1",-0.956362070165918,FALSE,-1.14046427940709,FALSE,-0.632275787564167,FALSE
"GGTCTTCCGCACATCC-1",0.552210389113719,FALSE,0.51761215904351,FALSE,0.51399942693038,FALSE
"GGTCTTCCGGCTGGAC-1",0.332585472768118,FALSE,-0.176836993851231,FALSE,-0.393759336198671,FALSE
"GGTCTTGAACCGGCCA-1",0.0102132284139154,FALSE,0.180614024415983,FALSE,-0.0332138405164225,FALSE
"GGTCTTGATAACGTCA-1",-0.958817884163011,FALSE,-0.904237821356622,FALSE,-0.674156312901811,FALSE
"GGTCTTGATTCAACCT-1",0.65691434122403,FALSE,0.558018581992119,FALSE,1.32428532674855,FALSE
"GGTGATGGTACAATGG-1",1.33325395958514,FALSE,1.76663095806075,FALSE,2.07894711323393,FALSE
"GGTGCAACCATGAGGA-1",-0.726633817220259,FALSE,-0.323393746299371,FALSE,2.30782713282453,FALSE
"GGTGCAATCAGACTTC-1",0.0338107149942866,FALSE,0.0505681400367514,FALSE,-1.70613891678348,FALSE
"GGTGCACTCCGGTTCG-1",-0.563630080105712,FALSE,-0.542469956790355,FALSE,0.415635169082066,FALSE
"GGTGCAGGCACCGCGT-1",0.465810740135631,FALSE,0.617685588643828,FALSE,1.05355790686022,FALSE
"GGTGCAGTGGTCTTAT-1",0.718929994541198,FALSE,0.354120951702619,FALSE,-0.319831798603718,FALSE
"GGTGCAGTTCCATATG-1",-0.716680957044982,FALSE,-0.876395832280922,FALSE,-1.46426334331332,FALSE
"GGTGCATGATACGGAT-1",-0.227483016628792,FALSE,-0.281445118561957,FALSE,-0.299576960944063,FALSE
"GGTGGCTTATTGCGTG-1",0.31428569759889,FALSE,-0.696690823478398,FALSE,-0.846584402995021,FALSE
"GGTGTATGTTCCGATC-1",0.570190992806533,FALSE,1.04629585844872,FALSE,0.450061061418882,FALSE
"GGTGTCAAGCTGCACC-1",0.758282868241758,FALSE,1.0785130222688,FALSE,0.289397264643543,FALSE
"GGTGTCACCAGCGAAC-1",-0.652447300700672,FALSE,-0.252035860189436,FALSE,2.42933245766749,FALSE
"GGTTACCAAGGAATCT-1",0.149030307399233,FALSE,0.159030559403198,FALSE,0.458696035491299,FALSE
"GGTTACGGACGATTAA-1",0.00374447076687608,FALSE,0.114771780993873,FALSE,0.634474192437087,FALSE
"GGTTAGACTCACTAGC-1",1.40163093994074,FALSE,0.834291937165615,FALSE,0.314005644451786,FALSE
"GGTTAGACTCGGAGGT-1",-0.901908434630252,FALSE,-0.618428917436586,FALSE,-0.675149546165277,FALSE
"GGTTAGATGCCGTTGC-1",-1.03489777988961,FALSE,-0.857911497423607,FALSE,-0.47601524649611,FALSE
"GGTTAGCTTCATGAGT-1",-1.51571560810573,FALSE,-0.821384069658023,FALSE,0.453575866948373,FALSE
"GGTTAGTATGAGTGTC-1",-0.695518510954781,FALSE,-1.04854656588581,FALSE,-0.573532491573776,FALSE
"GGTTAGTCGGCAGCGA-1",1.01384631649665,FALSE,0.435000476738791,FALSE,1.29075567719579,FALSE
"GGTTAGTGCTCCTACT-1",0.287053120874941,FALSE,0.10789312187421,FALSE,-0.131026958966006,FALSE
"GGTTCAAGGCGTGCGT-1",0.467850202488751,FALSE,1.13694714683764,FALSE,-0.107618850216497,FALSE
"GGTTCAAGGTTAAGCC-1",0.550772470381391,FALSE,0.829157227396218,FALSE,-0.211067210244248,FALSE
"GGTTCACCGACTCACG-1",-0.46206552509445,FALSE,-0.47860292264171,FALSE,-0.574855810776727,FALSE
"GGTTCATTCCGGCCTC-1",-0.390832145088761,FALSE,-1.39715733969188,FALSE,-2.10374728227359,FALSE
"GGTTCTATACCGCTTG-1",0.763802049162039,FALSE,0.677054350006713,FALSE,-0.497737574172538,FALSE
"GGTTCTCCTATCAGTT-1",0.602569404646824,FALSE,0.384737396626783,FALSE,0.71581111750594,FALSE
"GGTTCTCGCTCACGCC-1",0.245375666710901,FALSE,0.352759772499646,FALSE,0.988928173241018,FALSE
"GGTTCTCGTGATGTGA-1",-0.736008624208044,FALSE,-0.583239459018018,FALSE,-1.20900504398243,FALSE
"GGTTCTGGAGTCTACC-1",0.450289252732364,FALSE,0.282843685416189,FALSE,0.090531659727118,FALSE
"GGTTGCGATTGAACAG-1",0.827427366633339,FALSE,0.532219068472399,FALSE,0.692235798996098,FALSE
"GTAACACCGAGCGTTA-1",0.104445109388914,FALSE,0.31672944512943,FALSE,0.61664673591235,FALSE
"GTAACACTGTACCACG-1",-0.0670741470305522,FALSE,0.184954422066347,FALSE,-0.0371592782695988,FALSE
"GTAACATACACCTGTT-1",0.694420924513538,FALSE,0.55082429559648,FALSE,-0.535344642496469,FALSE
"GTAACCACAAGGCTGA-1",1.05633282804461,FALSE,1.34289204777307,FALSE,0.241186977435934,FALSE
"GTAACCTAGCGTCACG-1",0.146781065619359,FALSE,0.414308711169871,FALSE,0.486335206521347,FALSE
"GTAACGGCAGCCTACA-1",0.468491523868758,FALSE,0.572456616234117,FALSE,0.10010270327273,FALSE
"GTAAGTTGCGGAGCGT-1",-0.482885349573972,FALSE,-0.221515470785118,FALSE,0.573245835956538,FALSE
"GTAAGTTGCTGGTGGA-1",-0.536400336868932,FALSE,-0.805145626334694,FALSE,-0.182611387434315,FALSE
"GTAATAGTCCTAAGCC-1",0.697315554318837,FALSE,0.897152631586114,FALSE,0.286617433992471,FALSE
"GTAATCACGCACAGCT-1",0.13460943658071,FALSE,-0.386935254482804,FALSE,-0.351459956948764,FALSE
"GTAATCAGGCGGACGG-1",0.715596515466469,FALSE,0.604412893032853,FALSE,0.423863909992536,FALSE
"GTAATCTTGTCTAGTT-1",0.435490517110058,FALSE,1.17398301881208,FALSE,-0.148722299743075,FALSE
"GTAATGACGGTCTACG-1",-0.438245446923873,FALSE,-0.370588294952367,FALSE,2.98302297264855,FALSE
"GTAATGATCACGTAAG-1",1.9914665902049,FALSE,2.03756811660405,FALSE,-0.287102421059299,FALSE
"GTACAACTCGGCAGAA-1",0.227380849258126,FALSE,0.300317868425484,FALSE,1.75130782880443,FALSE
"GTACAGAACAGGACTC-1",-0.680891212511676,FALSE,-0.520474423498572,FALSE,-0.801122556933898,FALSE
"GTACAGAACCGATTAT-1",0.059304605972931,FALSE,0.134564319495014,FALSE,0.587384794306035,FALSE
"GTACAGAACGCAGCGT-1",-0.783616535491179,FALSE,-0.533416041223293,FALSE,-0.0707470829930216,FALSE
"GTACAGATGACATCGC-1",0.139344025107185,FALSE,0.409744377232644,FALSE,-0.179769746475274,FALSE
"GTACAGCCGTTACAGA-1",-0.444881347896514,FALSE,-0.559682984205259,FALSE,0.041968937528491,FALSE
"GTACAGCTGAGCCGGA-1",-0.118860968595543,FALSE,-0.361120618467814,FALSE,1.1995825055579,FALSE
"GTACAGCTGTTGTCCT-1",0.49651711537018,FALSE,0.56811478643254,FALSE,1.80971966702072,FALSE
"GTACAGGAACGAATGG-1",0.43300620104953,FALSE,0.33420663298004,FALSE,0.614075564225131,FALSE
"GTACAGTATCGGAATT-1",-1.44231017239413,FALSE,-1.90347663345816,FALSE,-1.0736156426478,FALSE
"GTACATAAGCTACGCC-1",-2.07842838780504,FALSE,-1.47737392103088,FALSE,2.08134210480521,FALSE
"GTACCTACAATACGAA-1",-0.255712776311479,FALSE,-0.538726060687535,FALSE,-0.350287079373287,FALSE
"GTACCTCCTGATTCTT-1",-0.0220041526211577,FALSE,-0.206337412758397,FALSE,-0.472615331747853,FALSE
"GTACCTGAAGTGAATG-1",-0.0640118184165022,FALSE,-0.508742121987991,FALSE,-0.361225418241302,FALSE
"GTACCTTCATGTGCAA-1",-0.594761285005928,FALSE,-0.242956646039421,FALSE,0.541054057327878,FALSE
"GTACGAAGATTATCCG-1",0.984670160669514,FALSE,0.917224468764631,FALSE,0.302339443767303,FALSE
"GTACGAATTACATAAT-1",-0.472084524826403,FALSE,-0.752876396840491,FALSE,-0.682265222186422,FALSE
"GTACGAATTCTACCAA-1",-1.12783875294045,FALSE,-0.969436115536063,FALSE,-0.36348716242343,FALSE
"GTACGACAGCTCCGGA-1",-0.0676327726254702,FALSE,-0.0764544240004278,FALSE,-0.130282867514731,FALSE
"GTACGAGGTAGTGCAC-1",-0.251309848328371,FALSE,-0.334988217941251,FALSE,0.454390792678358,FALSE
"GTACGATTAGTCTACA-1",1.24517332308253,FALSE,1.11653582153973,FALSE,0.181111518417436,FALSE
"GTACGATTGCGATGGC-1",-1.1208826605807,FALSE,-0.762289709057813,FALSE,0.219480861464287,FALSE
"GTACGCACTCAATTGC-1",0.688825836761785,FALSE,0.972970846547221,FALSE,1.5092196684327,FALSE
"GTACGCCATAGATGGT-1",-0.172298121005099,FALSE,-0.0646849063348165,FALSE,-0.337332290443189,FALSE
"GTACGCCTCGCTTCCA-1",0.253276496005712,FALSE,0.578134071596641,FALSE,-0.118250780786257,FALSE
"GTACGCTCGCCAACAT-1",0.880937469428295,FALSE,1.11196992492063,FALSE,0.103941335710092,FALSE
"GTACGCTTGATACCAC-1",-2.49051902474231,FALSE,-2.19442287390983,FALSE,-1.90398470039368,FALSE
"GTACTACCGTTAGGTG-1",0.24454198313839,FALSE,0.34409516162347,FALSE,0.258250893258064,FALSE
"GTACTGCATAAGGTTA-1",0.747092355656285,FALSE,0.647219275120768,FALSE,-0.72780201511532,FALSE
"GTACTTAACTTCAGCG-1",0.45929409890924,FALSE,1.17464104801097,FALSE,-0.0455390185522886,FALSE
"GTACTTACTTCATACC-1",0.152052852397545,FALSE,-0.0404834662174057,FALSE,0.0137975833341591,FALSE
"GTACTTCTGATCCTCG-1",0.592858892465707,FALSE,0.553917246178729,FALSE,1.14508425161865,FALSE
"GTAGAAGGACATCATA-1",0.540058653631466,FALSE,0.69596227033341,FALSE,0.884185011070046,FALSE
"GTAGAAGTAAGCTGCG-1",0.257941689422238,FALSE,0.427873988819478,FALSE,0.782881399038716,FALSE
"GTAGAATCGCACATCG-1",0.969990625018575,FALSE,0.744958828574777,FALSE,0.796246394147705,FALSE
"GTAGACCAACTCCAAT-1",0.658138604326596,FALSE,1.07987141650259,FALSE,-0.353129727036591,FALSE
"GTAGACCTGTCAACCA-1",0.185615596855638,FALSE,-0.0466628129066472,FALSE,-0.649242627925998,FALSE
"GTAGACGTGCATGTGC-1",-0.48952431154973,FALSE,-0.263903223068735,FALSE,0.284009085374273,FALSE
"GTAGCAACGACCGTGG-1",1.08001058748955,FALSE,1.11829674022636,FALSE,1.06457434480376,FALSE
"GTAGCACGAGCTCAAG-1",-0.687260065998805,FALSE,-0.345274514981328,FALSE,-0.699181781599825,FALSE
"GTAGCAGAACATGGTG-1",0.465459218006758,FALSE,0.255840939729548,FALSE,1.70353469227159,FALSE
"GTAGCAGAGCAATAGC-1",1.93186104358193,FALSE,1.50485636707518,FALSE,2.84274342002754,FALSE
"GTAGCATAGTTACAGG-1",-0.713710350952927,FALSE,-0.815083277433607,FALSE,-0.569816202722146,FALSE
"GTAGCATCGAAGGTCT-1",-0.364665960853491,FALSE,-0.0149272321764707,FALSE,-0.412462117633751,FALSE
"GTAGCCAGCTTAATTG-1",-0.284204017360634,FALSE,-0.279247348807295,FALSE,0.0388467630031623,FALSE
"GTAGCCAGTGCGGTTG-1",0.499215236644274,FALSE,0.571401797109344,FALSE,0.92468868623732,FALSE
"GTAGCCGCACTCCATC-1",-1.24349236369605,FALSE,-1.40662505879216,FALSE,-0.35360849390859,FALSE
"GTAGCGCCTGAACTCA-1",-0.143259480887999,FALSE,-0.712941969599784,FALSE,-0.3546573720864,FALSE
"GTAGCGCTCATCAGGT-1",1.10721487721404,FALSE,0.745840732035006,FALSE,1.04026824856662,FALSE
"GTAGCGTGTAGCATGT-1",-6.79703395471376,TRUE,-3.09203096507212,TRUE,-0.307378075051692,FALSE
"GTAGGAGCAACAGGCA-1",0.270701779646828,FALSE,0.42485653304166,FALSE,-0.285013712259205,FALSE
"GTAGTCCAGCGGACAT-1",0.397776119175276,FALSE,0.336422326622192,FALSE,0.211517507241318,FALSE
"GTAGTCCGTGTACTAA-1",0.0925912856351757,FALSE,0.551028235227627,FALSE,0.148687875335691,FALSE
"GTAGTTGTTCATGTAG-1",0.844772915919327,FALSE,0.985318577636312,FALSE,1.59886599259744,FALSE
"GTATAACTTGTTGCGA-1",0.412899496912499,FALSE,0.714073945332358,FALSE,2.0976240094771,FALSE
"GTATAAGGCGTCTTCA-1",0.16427023561201,FALSE,0.0964305470365805,FALSE,0.897025132194621,FALSE
"GTATACATAAGGACTA-1",0.555349910930544,FALSE,0.864516274245133,FALSE,1.92006999046463,FALSE
"GTATACATAGGTTGCC-1",0.108464420642902,FALSE,0.135841292347183,FALSE,0.791519750938746,FALSE
"GTATACATTGGCTCAG-1",-0.420355338105726,FALSE,-0.659542608917498,FALSE,-0.612023196674308,FALSE
"GTATACGATACCTTGT-1",1.07043500080497,FALSE,0.932718313978881,FALSE,-0.331072655979682,FALSE
"GTATACGGTACACGCA-1",0.939548957874435,FALSE,0.931656127136515,FALSE,0.856917345557858,FALSE
"GTATACGGTTAAGATA-1",-1.18387305919189,FALSE,-1.09458138121151,FALSE,-0.258252590004221,FALSE
"GTATCTACAGATCTCC-1",-0.535057909219673,FALSE,-0.264007041364136,FALSE,0.607780710466788,FALSE
"GTATCTAGCTACCAGC-1",-0.139154745094464,FALSE,-0.307043841507172,FALSE,0.728942840337607,FALSE
"GTATCTATGAAGATGT-1",1.58526444496353,FALSE,1.54418066840757,FALSE,-0.455293192513805,FALSE
"GTATCTCAGCCTTGGT-1",0.652338609074602,FALSE,0.632334140808827,FALSE,0.474634376027768,FALSE
"GTATCTGTCAACGGTG-1",-0.977976902080836,FALSE,-0.43704364967708,FALSE,-0.65208749450941,FALSE
"GTATCTGTGGCGTCTA-1",-0.43041098864076,FALSE,-0.361351546346759,FALSE,-0.17858463929766,FALSE
"GTATCTGTGGTCCAGC-1",-0.0380333457325597,FALSE,-0.020797161183341,FALSE,-1.24636924839456,FALSE
"GTATGACATAAGACGG-1",-0.486302337898731,FALSE,-0.0958173787189965,FALSE,1.09741064825507,FALSE
"GTATGATAGTATGGAT-1",-1.18543892944101,FALSE,-1.42516496020559,FALSE,-0.692733389816498,FALSE
"GTATGATCACTTGACG-1",0.358205191564891,FALSE,0.343206274405329,FALSE,0.692403278949962,FALSE
"GTATGCCTATCTTGCG-1",0.334001075268721,FALSE,0.390073242492738,FALSE,-0.426296653959977,FALSE
"GTATGCCTTACTCCAC-1",0.432269851490225,FALSE,0.693687750676046,FALSE,0.364098912875466,FALSE
"GTATGCTTGCGACTAA-1",-0.028740236757579,FALSE,0.390510803036675,FALSE,-0.235673157982087,FALSE
"GTATGGTGCCGGCAGG-1",-1.6409058386624,FALSE,-1.56724275752562,FALSE,-0.588177056940795,FALSE
"GTATGGTGGAGCGGCC-1",0.103433366642833,FALSE,0.180497257094726,FALSE,0.263205416110133,FALSE
"GTATGTAGCAGGCATA-1",0.020030494812317,FALSE,1.00169405983586,FALSE,0.843693872422753,FALSE
"GTATGTAGCTCACCTT-1",1.2178269013534,FALSE,2.07981483168571,FALSE,2.03382626345015,FALSE
"GTATGTAGGCTTAAGA-1",0.1715892351748,FALSE,0.430827925908722,FALSE,0.657957536334499,FALSE
"GTATGTGCAAGCCGGA-1",0.237499660704997,FALSE,0.503331636894444,FALSE,0.16216181236445,FALSE
"GTATGTTAGTTCTACC-1",-0.621344549281903,FALSE,-0.785745791465539,FALSE,-0.734558416274076,FALSE
"GTATTAATGGTTGTGG-1",-0.434867372172697,FALSE,-0.78516263536955,FALSE,-0.539809834513798,FALSE
"GTATTACGAGTCAATC-1",0.640701550881007,FALSE,0.753877686122445,FALSE,0.45820664479554,FALSE
"GTATTACGGCCATTAT-1",-1.31985544769673,FALSE,-1.17700694818985,FALSE,-0.829054524634354,FALSE
"GTATTACGGTATTGAG-1",0.976027304872661,FALSE,0.634897060457108,FALSE,1.38297176935707,FALSE
"GTATTAGATTGAGGTC-1",-0.401863583261563,FALSE,-0.482416510074019,FALSE,-0.544742807103207,FALSE
"GTATTAGGTTATCTGC-1",-0.155272561492506,FALSE,-0.0212020353696214,FALSE,-0.391985447375731,FALSE
"GTATTATGAGTTAGCG-1",-0.107603243608642,FALSE,-0.142489070844006,FALSE,0.346417369340374,FALSE
"GTATTCCAAGTTACCT-1",1.14152196864422,FALSE,0.131024191338766,FALSE,-0.683613739161687,FALSE
"GTATTCCGCTCGGATG-1",-0.915345753114179,FALSE,-0.888995844221026,FALSE,-0.579063623847851,FALSE
"GTATTCGTGACTTGAT-1",0.331494631462599,FALSE,0.741282381440456,FALSE,1.81440236271057,FALSE
"GTATTCTAAGTGCTGT-1",0.289302848687162,FALSE,-0.0846892959887457,FALSE,0.503093258424301,FALSE
"GTCAACAGACGCACGT-1",-2.63133061996351,FALSE,-3.94517633188257,TRUE,-1.86218860333315,FALSE
"GTCAACAGCATAGATT-1",-1.57320079382203,FALSE,-1.18575298084471,FALSE,-1.40481792350603,FALSE
"GTCAACAGCGCACCGA-1",-0.751776358287986,FALSE,-0.702905061179952,FALSE,-0.848639633472084,FALSE
"GTCAACAGTTAAGTGA-1",-0.438652765596144,FALSE,-0.401749495090946,FALSE,-0.447120529420568,FALSE
"GTCAACATAAGATAGA-1",-0.411379700664308,FALSE,-0.643906950310851,FALSE,-0.441767789672168,FALSE
"GTCAACATGGTGCTAT-1",0.576835574834143,FALSE,0.0812638253248291,FALSE,1.82211068538006,FALSE
"GTCAACCTGACGATAG-1",-1.07911422451368,FALSE,-1.01358558509159,FALSE,-0.961898435670656,FALSE
"GTCACCAAGAGCGGTG-1",-1.20393406397421,FALSE,-1.29581774668213,FALSE,-0.316834205927059,FALSE
"GTCACCTGAGATTGGA-1",1.16678895809888,FALSE,1.25521281782986,FALSE,0.896436481897683,FALSE
"GTCACTAAGAGGAATA-1",-0.361305481313054,FALSE,0.0869167549815359,FALSE,1.11576977680367,FALSE
"GTCACTAAGCCAGCGG-1",1.05061798654166,FALSE,0.548462395107319,FALSE,0.433591442949761,FALSE
"GTCACTACTCGCGGAG-1",1.37365244591895,FALSE,1.54374788893193,FALSE,5.35558916356704,TRUE
"GTCACTACTTAATGGA-1",1.20388734359287,FALSE,1.34773160076183,FALSE,0.631964801103496,FALSE
"GTCACTGAATCTCACC-1",0.286457732075121,FALSE,0.466731446052589,FALSE,0.443253322652083,FALSE
"GTCACTGTGATAACTC-1",0.725465006184428,FALSE,0.694512770770181,FALSE,1.0069130563763,FALSE
"GTCACTTATCCAAGAC-1",0.733311177007601,FALSE,0.515979193018721,FALSE,0.423481137800136,FALSE
"GTCACTTATGAATGCG-1",-0.534180668892808,FALSE,-0.868231282148342,FALSE,-0.568086042077896,FALSE
"GTCACTTATGTCGTAT-1",-1.86117592857184,FALSE,-1.9212503676653,FALSE,0.268959764708663,FALSE
"GTCACTTCTGGAGCGG-1",0.995851815916382,FALSE,1.19937193346037,FALSE,0.937166948383704,FALSE
"GTCAGCCAACATCACG-1",0.317243498214435,FALSE,0.835780777416884,FALSE,-0.126426841389573,FALSE
"GTCAGCCATTGTGCGG-1",0.62539069509739,FALSE,0.534725266103537,FALSE,0.841788769329758,FALSE
"GTCAGCCTAATTACGT-1",-0.115918876908891,FALSE,0.11323951796283,FALSE,0.995431708449571,FALSE
"GTCAGCCTCCGAACCT-1",-0.734952015583416,FALSE,-1.01115014544127,FALSE,-0.710067815239765,FALSE
"GTCAGCGATGTAATTG-1",0.353001305662549,FALSE,0.199360902727227,FALSE,0.619517101443817,FALSE
"GTCAGCGATTGATTCA-1",0.988994872447638,FALSE,0.575457524968879,FALSE,0.165359783716815,FALSE
"GTCAGCTAGATCGACA-1",-1.47202874085513,FALSE,-1.38580173112211,FALSE,-1.34921954960024,FALSE
"GTCAGCTGGTGAGGCG-1",0.199716247654454,FALSE,0.610628215945151,FALSE,1.25866116963429,FALSE
"GTCAGGACAAGCCATG-1",0.0524922082440651,FALSE,0.00939276177328761,FALSE,0.0716957058943063,FALSE
"GTCAGGATCAACCAAC-1",2.80587150723367,FALSE,2.65632383101914,FALSE,-1.3463926593077,FALSE
"GTCAGGTGGCTCACCT-1",0.00515960142250859,FALSE,-0.05470861307146,FALSE,0.617495335433533,FALSE
"GTCAGTAATCCAATTA-1",0.165552653141788,FALSE,0.425192385153698,FALSE,2.77062836096985,FALSE
"GTCAGTAGGTGACCGG-1",0.25651786541241,FALSE,0.262202699724422,FALSE,0.715608602841912,FALSE
"GTCAGTGAGGATCGTT-1",-1.46105914517745,FALSE,-1.3291983274608,FALSE,-0.455838269402545,FALSE
"GTCAGTGCAGCGTTGT-1",-0.934658583843416,FALSE,-0.820580741348466,FALSE,-0.631554447814861,FALSE
"GTCAGTGCCAGAATAA-1",0.305129975848672,FALSE,0.249597276543149,FALSE,-0.199310095472459,FALSE
"GTCAGTGCTGACAGCG-1",-0.0952177940326102,FALSE,-0.140971118322019,FALSE,-0.532306297984507,FALSE
"GTCAGTTCTGCCTGGA-1",-0.133607568247762,FALSE,0.248243017903836,FALSE,0.657107821515427,FALSE
"GTCAGTTGGAACCACG-1",2.11783381387606,FALSE,0.965377941431849,FALSE,-1.53466532039891,FALSE
"GTCAGTTGTCGTATGT-1",0.39836034084766,FALSE,0.451078318743121,FALSE,0.976161947619625,FALSE
"GTCATCACGTGGTTCA-1",-2.12072829030666,FALSE,-2.32736023694033,FALSE,-1.20517193926976,FALSE
"GTCATCACTATTGTGC-1",-1.29476159748506,FALSE,-1.11861790514171,FALSE,-0.698841875353915,FALSE
"GTCATCAGTAGACCAG-1",0.659291775301372,FALSE,0.787262717983643,FALSE,2.22439765702497,FALSE
"GTCCAGCACGTTCAGA-1",-0.367151058123141,FALSE,-0.474887358029547,FALSE,0.360458128175128,FALSE
"GTCCATCTATACAAGG-1",1.19584833780225,FALSE,0.362146274262071,FALSE,-0.443411041580215,FALSE
"GTCCGACAGCCGCATT-1",1.13750641703188,FALSE,0.849162602820964,FALSE,1.11948322785299,FALSE
"GTCCGTCGGCATGCGT-1",-1.59439922436164,FALSE,-1.55430886312192,FALSE,-0.60426533822354,FALSE
"GTCCTCCGGATTATAC-1",0.51811629464069,FALSE,0.5369741631678,FALSE,-0.553659145464032,FALSE
"GTCCTGCTTACGGCTG-1",0.502084146435333,FALSE,0.6277534525447,FALSE,-0.881568983457522,FALSE
"GTCCTTATACATTACG-1",0.2080146723199,FALSE,0.249546947746965,FALSE,0.41773890722717,FALSE
"GTCCTTCATCAGATCA-1",-0.955472311108032,FALSE,-0.426249040790902,FALSE,0.0242010667437938,FALSE
"GTCCTTCATGGATTAG-1",-1.27062328560304,FALSE,-0.937222028369524,FALSE,0.0790930709241495,FALSE
"GTCCTTCGGAACCTGC-1",-0.655961997911419,FALSE,-0.324438107689255,FALSE,0.256549947651718,FALSE
"GTCGAAGTCGTGTTCT-1",-1.22445604263969,FALSE,-0.953810887204764,FALSE,1.05722187670178,FALSE
"GTCGAGACCGTCCGTT-1",2.2459931981875,FALSE,1.81743910505053,FALSE,0.208419619412417,FALSE
"GTCGAGACTGCCTAAG-1",0.334776588861415,FALSE,0.566253632755709,FALSE,0.0432282535729087,FALSE
"GTCGAGTGATTACTGT-1",-0.351065178236553,FALSE,-0.228818030554325,FALSE,-0.557395601540344,FALSE
"GTCGCACGCAGCCTGC-1",-1.72254642113478,FALSE,-1.51174982751777,FALSE,-0.880947325781348,FALSE
"GTCGCAGATTACTGCA-1",0.430697026747634,FALSE,0.0164875272270153,FALSE,1.57551558747648,FALSE
"GTCGCAGTATTAGGAT-1",0.78898132168244,FALSE,0.845258725139644,FALSE,0.871213602816119,FALSE
"GTCGCATTACCAGGCA-1",0.478343540222733,FALSE,0.360007406632189,FALSE,0.884377407216964,FALSE
"GTCGCTAAGTGAGGTT-1",0.267019795956617,FALSE,-0.271338010557923,FALSE,-0.184274684659606,FALSE
"GTCGGCCGTTGTGAAT-1",-1.12625334063356,FALSE,-2.8990088301697,FALSE,-3.05502287286573,FALSE
"GTCGGCCTCCGGCATC-1",1.99294338707807,FALSE,2.04772316283845,FALSE,1.50769035082325,FALSE
"GTCGGCCTCGGTTCAT-1",0.441345854501471,FALSE,0.0447140730755572,FALSE,-0.194767325832835,FALSE
"GTCGTAGACTGACAAG-1",-0.27242720332145,FALSE,-0.161411104914986,FALSE,0.323578151332217,FALSE
"GTCGTGTTCATGTCAG-1",-1.71027831070665,FALSE,-1.34118193102573,FALSE,0.868853370072965,FALSE
"GTCTAAGATCGGACTA-1",0.292741884545054,FALSE,0.248594108298372,FALSE,0.390230276335888,FALSE
"GTCTAAGCGGCACGCC-1",1.12930622160464,FALSE,1.0650773999142,FALSE,0.942606826968897,FALSE
"GTCTAATACGGCTAAG-1",0.535993587067867,FALSE,0.636211466916852,FALSE,0.786741514056213,FALSE
"GTCTAATCGAATTGGA-1",-0.750442369408765,FALSE,-0.585389386894089,FALSE,-0.441700149098807,FALSE
"GTCTAGCGTTGTGACC-1",-0.762124957238325,FALSE,-0.368422771102165,FALSE,-0.316793537694185,FALSE
"GTCTAGGACAGGATAA-1",0.508621889084378,FALSE,0.92469301376244,FALSE,0.465974250512232,FALSE
"GTCTAGTCTAGCGACG-1",-0.00253492438933664,FALSE,-0.284487756023298,FALSE,-1.96636194624462,FALSE
"GTCTATAGAATCGAGC-1",-0.94028966870453,FALSE,-1.16545121201008,FALSE,-0.36515306171897,FALSE
"GTCTATCAATGGATTA-1",-0.235596084100942,FALSE,-0.0498391441031587,FALSE,-0.0204434225322918,FALSE
"GTCTATCAGTACTAAT-1",0.397555504686148,FALSE,0.282828178910587,FALSE,1.01242003154806,FALSE
"GTCTATCCAGGACGTC-1",-0.966634476884919,FALSE,-0.567374752646332,FALSE,-1.49516198923172,FALSE
"GTCTATGGTGAAGAGC-1",-2.06672382563715,FALSE,-1.82462058901997,FALSE,0.368276702227255,FALSE
"GTCTATGTTAATAGAA-1",0.00502982380661977,FALSE,-0.17482396327324,FALSE,0.466809319863521,FALSE
"GTCTATTAGTGAGGCC-1",-0.0601772120523495,FALSE,0.0926517859229213,FALSE,1.34554033125852,FALSE
"GTCTATTGCGAGTTAC-1",-0.336896482538604,FALSE,-0.738350366761085,FALSE,-0.897681894675524,FALSE
"GTCTCAATACTATGAG-1",-0.757260140935486,FALSE,-0.773054154952529,FALSE,-0.204790550440069,FALSE
"GTCTCATGACTAGTTG-1",-0.984630089037527,FALSE,-0.795657330374847,FALSE,-0.557701704739848,FALSE
"GTCTCGACTGACGAGT-1",-0.943017326485616,FALSE,-0.888344705860297,FALSE,-0.759653186483855,FALSE
"GTCTGAACAAGGTTAG-1",1.07394676620036,FALSE,1.16479680024446,FALSE,-0.94080454084424,FALSE
"GTCTGAAGGCCTTAAT-1",0.324018626265847,FALSE,0.799723958200325,FALSE,0.153780633881876,FALSE
"GTCTGATAGATTATAA-1",0.751852376739862,FALSE,0.604035378919208,FALSE,0.456721051201518,FALSE
"GTCTGATATCTGAATT-1",1.00467449177651,FALSE,1.34068363715446,FALSE,2.7842064836981,FALSE
"GTCTGCTCAACACCAA-1",-1.08143473010181,FALSE,-1.00160461653023,FALSE,-1.40469405199432,FALSE
"GTCTGTGGATCTGACG-1",-0.499613548013287,FALSE,0.0835823033384194,FALSE,0.289036836319524,FALSE
"GTCTTCGATAGGTGTT-1",0.581237085844275,FALSE,0.539638380940719,FALSE,0.672034539058897,FALSE
"GTCTTCGGTAGCTACA-1",0.0764614263134351,FALSE,0.315797284357157,FALSE,0.160719949590421,FALSE
"GTCTTGAACAATTACA-1",-0.556009185424825,FALSE,-0.478915776283017,FALSE,-0.718108750892452,FALSE
"GTCTTGAAGATTCATG-1",-1.26444994367257,FALSE,-0.971943643899576,FALSE,-1.04131025329634,FALSE
"GTCTTGACAATAGCAA-1",-1.0531135784146,FALSE,-0.179787101291053,FALSE,0.48382852573901,FALSE
"GTCTTGACCGGAGGCC-1",1.44547674684448,FALSE,1.37792755834049,FALSE,0.926425843006346,FALSE
"GTCTTGATTGCCACCT-1",0.876533991414346,FALSE,0.186476577995387,FALSE,-0.335405763414103,FALSE
"GTCTTGCGATGAATGC-1",1.33107094276816,FALSE,1.54776979399986,FALSE,1.85827325877302,FALSE
"GTCTTGCGGCGATTCA-1",0.893019228275664,FALSE,0.811553648253991,FALSE,0.926074403872539,FALSE
"GTCTTGCTCAGATTAC-1",-0.286732924580817,FALSE,-0.274425666423537,FALSE,0.220581961181982,FALSE
"GTCTTGTATTGTAGAT-1",-2.62007541256498,FALSE,-2.88402513876945,FALSE,-1.28457931978128,FALSE
"GTGAACATTCAACGAT-1",0.664283136957269,FALSE,0.74159459779212,FALSE,0.8058462487064,FALSE
"GTGAACGGTTCTAACG-1",0.886338289480749,FALSE,0.865713510953427,FALSE,0.923111398474664,FALSE
"GTGAACTCGTGGTATC-1",-0.713810637148344,FALSE,-0.888206401082039,FALSE,-0.827075547016916,FALSE
"GTGAACTGAGTTCGGC-1",0.0106054609461784,FALSE,-0.0544742088998304,FALSE,-1.18681390907081,FALSE
"GTGAAGATGAGTGCCT-1",1.20032182066945,FALSE,2.17281180870789,FALSE,2.28451980347786,FALSE
"GTGAAGCCACAACCGG-1",0.0542590149234267,FALSE,-0.0771139196108325,FALSE,0.0848310111451131,FALSE
"GTGAAGTATTGGTCAC-1",-0.466958033658769,FALSE,-0.157755942331684,FALSE,-0.925927410364484,FALSE
"GTGAAGTGATCGTGCT-1",0.315762880045569,FALSE,0.42180230936334,FALSE,0.588791678823061,FALSE
"GTGAATTAGACATTGC-1",0.411286700321824,FALSE,0.261779680206093,FALSE,0.993923856551175,FALSE
"GTGACAAGATGCTCAT-1",0.608325967267492,FALSE,0.671359060277688,FALSE,0.486310853082618,FALSE
"GTGACAATTGCGATAA-1",-0.35657527204968,FALSE,-0.179898696418746,FALSE,-0.688240804810578,FALSE
"GTGACACCAAGTGAAT-1",-0.195930657182429,FALSE,-0.515141546712257,FALSE,-0.808864495560654,FALSE
"GTGACAGCCTAGCCTC-1",0.874454734453226,FALSE,0.751010809575052,FALSE,1.90236197896938,FALSE
"GTGACATACAGGTCCT-1",0.0679654996773787,FALSE,0.0569100726727944,FALSE,-0.529010789901258,FALSE
"GTGACATAGTTAGCTG-1",1.08754836729757,FALSE,1.24013327086317,FALSE,0.648009674174828,FALSE
"GTGACATATGCTAGAT-1",0.385991893649219,FALSE,-0.537700027394719,FALSE,-0.348810644997455,FALSE
"GTGACATGCAATTAAT-1",0.139989278841046,FALSE,0.0938314557635019,FALSE,0.202318375115731,FALSE
"GTGACATGTACCACCT-1",-0.41443263188736,FALSE,-0.391716731408413,FALSE,-0.679446707877046,FALSE
"GTGACCAGATCGAGAT-1",0.361148987640628,FALSE,-0.0675355590696975,FALSE,0.266378735069676,FALSE
"GTGACCGGAGTCATAC-1",-1.19258536542142,FALSE,-0.925261580397189,FALSE,-0.546539250391462,FALSE
"GTGACCGTGGATTAGC-1",-2.30444403762716,FALSE,-1.30803700206641,FALSE,-0.615124956569112,FALSE
"GTGACTATGGCATGGA-1",-0.783858190776322,FALSE,-0.863186287453319,FALSE,-0.765657806243831,FALSE
"GTGACTGTCCTGGTAT-1",-0.220050734658103,FALSE,-0.187771402342349,FALSE,-0.524410304960565,FALSE
"GTGACTTCCTCACGAC-1",-0.167454073454358,FALSE,0.433060241481036,FALSE,1.18284529262565,FALSE
"GTGAGGTCACAGGCCA-1",-0.374840543690589,FALSE,-0.617428795190339,FALSE,-0.614406992573474,FALSE
"GTGAGGTTGGACGGCG-1",0.269351351150035,FALSE,0.0447764533849875,FALSE,-0.760400234691831,FALSE
"GTGATCTACGAGATCC-1",-0.713000869291257,FALSE,-2.21920842023849,FALSE,-2.88726574531743,FALSE
"GTGCAACGACGGTGTT-1",0.552264282054644,FALSE,0.558189863121831,FALSE,0.893968001592543,FALSE
"GTGCAACTACTGTACG-1",0.696743963044129,FALSE,0.387279278532625,FALSE,0.428226296283668,FALSE
"GTGCACCAATCATAAC-1",0.693516639914771,FALSE,0.30416298544481,FALSE,-0.608300191826533,FALSE
"GTGCACCGAATGTTAA-1",0.131562464819116,FALSE,0.49608642879851,FALSE,1.85190300872759,FALSE
"GTGCACTTGTAAGCAC-1",0.396101935084572,FALSE,0.584094216664648,FALSE,-0.108470747352641,FALSE
"GTGCACTTGTTCCTGG-1",0.114856455106509,FALSE,0.00811823169744532,FALSE,0.0641078888644374,FALSE
"GTGCAGAAGGTGCGAG-1",0.233205611708389,FALSE,0.557646628743135,FALSE,0.717839117086374,FALSE
"GTGCAGCCGGTCTGCA-1",0.798456168248246,FALSE,0.484739678627917,FALSE,0.137532785952977,FALSE
"GTGCAGGACTCCAAGG-1",-0.353743457997608,FALSE,-0.508316186221425,FALSE,-0.804201533530963,FALSE
"GTGCAGGCACTCTAGG-1",0.716201289290506,FALSE,0.67678081592365,FALSE,1.0075105422567,FALSE
"GTGCAGTGGTAGATTC-1",-0.514069651729912,FALSE,-0.442903111699005,FALSE,1.03817331096333,FALSE
"GTGCAGTTGTGGCGCT-1",-0.844791760647435,FALSE,-0.962794076137415,FALSE,1.3730835300459,FALSE
"GTGCATGGTTGAGTTC-1",-0.754883814271055,FALSE,-0.466095675652741,FALSE,-0.429015370216938,FALSE
"GTGCATTCCTGTGGTC-1",0.594483198061753,FALSE,0.466156229721316,FALSE,-0.333395773545078,FALSE
"GTGCATTGCAATGTTG-1",-0.736367152517701,FALSE,-0.704109099780964,FALSE,1.62696358624516,FALSE
"GTGCCGCATCCTTCCT-1",-0.282225854726071,FALSE,-0.340003524383096,FALSE,-0.673186945045064,FALSE
"GTGCCGTCCTGTCAGC-1",0.918817199044849,FALSE,1.14966561275392,FALSE,0.901148618704474,FALSE
"GTGCCTGACACGTTGG-1",1.21879008095832,FALSE,1.21715417081674,FALSE,0.575315563160919,FALSE
"GTGCGGCATGCTCATC-1",-0.343279623179258,FALSE,-0.448584092235672,FALSE,-0.485384478789007,FALSE
"GTGCGTTCACGGATAA-1",0.0363149871029472,FALSE,-0.0404693850117649,FALSE,-0.390963089643322,FALSE
"GTGCTCAATGCAACCT-1",1.83614183666878,FALSE,1.49649576473518,FALSE,0.188758208733626,FALSE
"GTGCTCGACGTGAACT-1",-1.10345014731238,FALSE,-0.97145479243698,FALSE,-0.589023457145678,FALSE
"GTGCTCGCTTGATCGG-1",-1.08965303241218,FALSE,-0.863455014880275,FALSE,-1.03195549106723,FALSE
"GTGGAACAGAAGTCGA-1",0.598414970921526,FALSE,0.463178087951107,FALSE,0.482375849864046,FALSE
"GTGGACCAACTAGGAG-1",-1.23766304294638,FALSE,-0.982945428639412,FALSE,-0.379412640917821,FALSE
"GTGGAGTACAATCAAT-1",0.0835619364659776,FALSE,0.3467083792462,FALSE,-0.874245866445523,FALSE
"GTGGCGACCTAATATT-1",-0.955056953057545,FALSE,-0.913493726895998,FALSE,-1.19892526582353,FALSE
"GTGGCGACCTTGATTC-1",-0.543718217602031,FALSE,-0.631297974472012,FALSE,-0.803547448673882,FALSE
"GTGGCGACTGATTAAC-1",1.33242332184795,FALSE,1.45319250900615,FALSE,0.468919096473148,FALSE
"GTGGCGAGGAAGGCTA-1",-0.746540010651574,FALSE,-0.723085579048383,FALSE,-0.674146472424228,FALSE
"GTGGCGATAGGCAGAA-1",0.562839389878317,FALSE,1.15779962417764,FALSE,1.16487635899964,FALSE
"GTGGCGATCTGCGATA-1",-1.54141986832515,FALSE,-1.42037206467703,FALSE,-0.68825433442996,FALSE
"GTGGCGCACCTGTTCC-1",0.821889434021816,FALSE,0.640518698602128,FALSE,0.966023191080627,FALSE
"GTGGCGCCACGCTGAG-1",0.0119729514877385,FALSE,-0.802880237195597,FALSE,-0.739859409268125,FALSE
"GTGGCGCCACTACGCT-1",-0.774881057447402,FALSE,-0.785566435248214,FALSE,0.728391211252697,FALSE
"GTGGCGCCAGACTCGA-1",0.0811033481873361,FALSE,-0.361792374405289,FALSE,-0.785711778894155,FALSE
"GTGGCGCCAGCTAACC-1",-0.20278680600173,FALSE,-0.179497009067712,FALSE,-0.321848565654868,FALSE
"GTGGCGGACATTCTCG-1",2.30106702926109,FALSE,1.19451002522735,FALSE,0.500225578728199,FALSE
"GTGGCGGTCCGGATGA-1",1.08445584595732,FALSE,1.38766594491713,FALSE,4.37069940680113,TRUE
"GTGGCTGAATGCGAGT-1",-1.19603156159608,FALSE,-1.08901990917076,FALSE,0.549561716799456,FALSE
"GTGGCTTCCTACCGTT-1",-1.00465986798001,FALSE,-0.882855051625301,FALSE,0.707947260415303,FALSE
"GTGGTACTGGTTCCAA-1",0.391166166663183,FALSE,0.0667211083827059,FALSE,0.879254232069839,FALSE
"GTGGTACTGTTGTAGC-1",-0.926389534038739,FALSE,-1.01056589064804,FALSE,-0.307419054910425,FALSE
"GTGGTACTTGGTTGGA-1",-0.151162037309489,FALSE,-0.03567829912876,FALSE,-0.160453109405325,FALSE
"GTGGTAGGTCTAAGAA-1",0.620225963688341,FALSE,-0.42890027669263,FALSE,-1.18095121749666,FALSE
"GTGGTCGCTCTGTAGC-1",-0.334130232751281,FALSE,0.0780759839455271,FALSE,-0.355837807463413,FALSE
"GTGGTTACCTTGCGCA-1",-1.41862126711463,FALSE,-1.38721588078877,FALSE,0.677578676814723,FALSE
"GTGGTTGCCGCTTCAA-1",-0.361680335872986,FALSE,-0.296523759553821,FALSE,-0.156520009789539,FALSE
"GTTAACAACTTCGGAT-1",-0.036762132870207,FALSE,-0.0926461681590625,FALSE,0.107687629510764,FALSE
"GTTAACTCCGACCACT-1",-0.216332306231204,FALSE,-0.278227021955884,FALSE,-0.448313615322262,FALSE
"GTTAATACATAATGCT-1",0.0721850971419713,FALSE,-0.088797081710671,FALSE,-0.624072983169622,FALSE
"GTTAATACGACACGCC-1",-0.903619925029042,FALSE,-0.88761160940056,FALSE,0.0187489234169594,FALSE
"GTTAATGGCGCAACGC-1",0.134532134712388,FALSE,-0.308793395196631,FALSE,-0.813889982988395,FALSE
"GTTAGACAATGGATGA-1",0.253183217340961,FALSE,0.0416157820260679,FALSE,-1.68450381758977,FALSE
"GTTAGAGGTGTTAAGA-1",-1.01691117001371,FALSE,-0.870070633873629,FALSE,-0.330315912303169,FALSE
"GTTAGGAAGTATACGA-1",-1.30294470926753,FALSE,-1.05852004149269,FALSE,1.14428797852579,FALSE
"GTTAGGCCTGAACATC-1",-0.0834195940489051,FALSE,-0.126636673485646,FALSE,0.662363674052914,FALSE
"GTTAGGTACTAACTGG-1",-0.296415239053035,FALSE,-0.344739205655775,FALSE,-0.70283305406029,FALSE
"GTTAGGTCCACTGGCG-1",0.0306442355384758,FALSE,0.209221340533497,FALSE,-0.156944954888536,FALSE
"GTTATGATACGATTAT-1",-0.0111551254275761,FALSE,-0.256984788938473,FALSE,0.393588984102944,FALSE
"GTTATGTTGCTTAGAT-1",-0.399664269563973,FALSE,-0.0310225256024904,FALSE,-0.566937875400413,FALSE
"GTTATTCGCCGATCGC-1",0.264756065008132,FALSE,0.224284543980706,FALSE,0.428339495162353,FALSE
"GTTATTCGGCCATTCG-1",1.56153499396265,FALSE,1.19573630796162,FALSE,1.32604149117297,FALSE
"GTTATTCGTAACGTCC-1",-0.314547229851256,FALSE,-0.266435452924431,FALSE,-0.410562999106698,FALSE
"GTTATTGACCTCATTC-1",-1.26247698935861,FALSE,-1.09728899625472,FALSE,-0.729443790264119,FALSE
"GTTATTGCTGAATCCG-1",-0.0165638253862327,FALSE,-0.0712503801408242,FALSE,0.268178432124756,FALSE
"GTTATTGGCATGTAGA-1",0.192683172207243,FALSE,0.1386912140122,FALSE,-0.56472698212727,FALSE
"GTTATTGTCTATTCAT-1",-0.306062934499322,FALSE,-0.265752477596805,FALSE,-0.54683906757136,FALSE
"GTTCATACCTTGGTTA-1",0.231967416104124,FALSE,0.480145245902295,FALSE,-0.216436679884815,FALSE
"GTTCATCTTACATTCC-1",-0.213541661774688,FALSE,-0.145359834307731,FALSE,-0.0486522682079028,FALSE
"GTTCCAGTGCCTTACC-1",-0.790749814469329,FALSE,-0.896211419231353,FALSE,-1.20157871719689,FALSE
"GTTCCATGAATCGCAT-1",0.0862952306896064,FALSE,0.262757746163343,FALSE,-0.114874379857003,FALSE
"GTTCCGAGTATGATCG-1",2.50708264807882,FALSE,2.63611466838812,FALSE,6.14175579003554,TRUE
"GTTCCGGCTGAGCCGA-1",0.148370856684454,FALSE,0.191655181969713,FALSE,1.57428700782545,FALSE
"GTTCCGGCTGCAGTCA-1",-1.08360538093608,FALSE,-0.838691374775652,FALSE,-1.00693282069462,FALSE
"GTTCCGTAACTAATAC-1",1.31415945657532,FALSE,1.65437347061983,FALSE,0.323596511814971,FALSE
"GTTCCGTACCTCCACT-1",-0.347451547285454,FALSE,-0.161174787419449,FALSE,-0.722218574120527,FALSE
"GTTCCGTCATACGGCT-1",-0.884354659559866,FALSE,-0.559208249128798,FALSE,-0.315098887856269,FALSE
"GTTCCGTCTTATCTTA-1",-1.05723738639818,FALSE,-0.857459751049822,FALSE,-0.22199515420905,FALSE
"GTTCCTGAACCTTCAA-1",-1.1031818108929,FALSE,-1.22160804541951,FALSE,0.150427376764143,FALSE
"GTTCCTTGAGGAACGC-1",-3.20148283847117,TRUE,-3.67453210238282,TRUE,-1.36629206804967,FALSE
"GTTCGAATCACGTACG-1",0.382242842363307,FALSE,0.435224525808708,FALSE,-0.301350255789709,FALSE
"GTTCGCTGGTATTAGA-1",-0.105352679577295,FALSE,-0.0778725388079661,FALSE,0.030703004801419,FALSE
"GTTCGTAGGTAGTGAA-1",-0.509712560503462,FALSE,-1.1639632147481,FALSE,-1.52594149330116,FALSE
"GTTCTACTATACGAAC-1",-1.22586787164043,FALSE,-0.852656854021462,FALSE,-1.2530066441149,FALSE
"GTTCTACTTATGGTAG-1",0.128395852386319,FALSE,-0.066256360530067,FALSE,1.51698572290897,FALSE
"GTTCTGGACACGCAAC-1",0.136474311642347,FALSE,-0.0209073642244068,FALSE,1.40690436587099,FALSE
"GTTCTTACTGAAGTAT-1",-0.536587214855535,FALSE,-0.816701444514533,FALSE,-0.084336743509924,FALSE
"GTTCTTGATCTGTTGA-1",-0.506413614924416,FALSE,-0.539591800156865,FALSE,-0.434145732486053,FALSE
"GTTGAACCAGGATCGC-1",0.26070792542397,FALSE,0.347454595007304,FALSE,-0.535545127994497,FALSE
"GTTGAACTACCGTTCA-1",-1.10062521820073,FALSE,-1.28129913952343,FALSE,0.438743065294588,FALSE
"GTTGAAGGAAGTCGGC-1",-1.05868231131486,FALSE,-0.972706286632925,FALSE,-0.570385953752426,FALSE
"GTTGAATAAGTCAGCA-1",-0.4260594319574,FALSE,-0.298570004100559,FALSE,0.184650807926029,FALSE
"GTTGAATCAACCTGGC-1",0.736360575390451,FALSE,1.0571843876233,FALSE,-0.321814135686292,FALSE
"GTTGAATGGTACAGTA-1",1.20310355132236,FALSE,1.16093310926905,FALSE,1.63062153943265,FALSE
"GTTGAATGTCCTTCTG-1",1.88595656390226,FALSE,2.08018572376127,FALSE,0.204795455136123,FALSE
"GTTGAATGTTGCTGCC-1",-0.503761329305044,FALSE,-0.675589162991837,FALSE,-0.891307914693369,FALSE
"GTTGAATTATTCGGTG-1",0.0888153894195765,FALSE,0.0384858818692717,FALSE,-0.778869920654688,FALSE
"GTTGAATTCATAAGAT-1",0.46844021922555,FALSE,0.613588774788017,FALSE,2.51370025480483,FALSE
"GTTGACATGAACCAAC-1",0.0850220344526981,FALSE,0.651113520476691,FALSE,0.0329582040446146,FALSE
"GTTGACGAACCAGAAC-1",0.693104829114334,FALSE,-0.484123893068372,FALSE,-1.50541680586572,FALSE
"GTTGACGGATAGCCAT-1",0.686197699475987,FALSE,0.916884504172799,FALSE,0.9985040429061,FALSE
"GTTGACGTCAGATTAG-1",-0.585105379528618,FALSE,-0.27995230944432,FALSE,-0.170436734374933,FALSE
"GTTGACTACAACATAC-1",1.05315117901683,FALSE,0.648376035975551,FALSE,0.394988281823837,FALSE
"GTTGACTAGAGCACGT-1",-0.778902985285605,FALSE,-1.01076645818858,FALSE,-0.929995296241165,FALSE
"GTTGACTTCTATGCTG-1",0.643956848823848,FALSE,0.471397532595604,FALSE,0.607055375609677,FALSE
"GTTGAGAATCACGGAG-1",0.498619444699916,FALSE,0.272790738737605,FALSE,0.483977038429547,FALSE
"GTTGAGCTTCGTCCGG-1",-0.0773834015344061,FALSE,-0.243275714854005,FALSE,0.665510667228649,FALSE
"GTTGCAGCCGGCTTGG-1",0.553377481722981,FALSE,0.446689330848272,FALSE,1.20310045581598,FALSE
"GTTGCCACAAGTCATA-1",-0.516290104025761,FALSE,-0.321388877353829,FALSE,0.0202202271360305,FALSE
"GTTGCCACGACAAGAA-1",0.447468312208205,FALSE,0.57338151878371,FALSE,0.577480074163514,FALSE
"GTTGCCATCTACGCAC-1",-0.00518646629713249,FALSE,0.247597503236536,FALSE,1.87149924139404,FALSE
"GTTGCCGGTGGAAGTA-1",-1.30465581037919,FALSE,-0.925742490300603,FALSE,-0.459401073522347,FALSE
"GTTGCTACGTCTTAAT-1",0.0770841810923929,FALSE,0.135762218806152,FALSE,0.238653455724451,FALSE
"GTTGCTAGATCGTTGA-1",1.40935455083019,FALSE,1.50245226581764,FALSE,3.24214338859811,TRUE
"GTTGCTAGTCCATACC-1",-0.667947042253324,FALSE,-0.923338763622462,FALSE,-0.679539136549545,FALSE
"GTTGCTCCTGAGATTC-1",0.375761087159463,FALSE,0.289751733772865,FALSE,-0.285346873543247,FALSE
"GTTGCTGACTCATTCG-1",-0.107456967622397,FALSE,-0.0665516494095912,FALSE,-0.90642909099537,FALSE
"GTTGGCGTGAGCGACC-1",0.544942742495964,FALSE,0.536509647206979,FALSE,1.14673609007958,FALSE
"GTTGGTCCGCCAATCT-1",1.85168021172044,FALSE,1.14771254436568,FALSE,0.776825506188784,FALSE
"GTTGTCCTGTGATGTA-1",0.606794541262023,FALSE,0.864869921622395,FALSE,-0.488572577311116,FALSE
"GTTGTCCTTGAGCGGT-1",-3.07690140308116,TRUE,-3.0129066940577,TRUE,-1.24447329607349,FALSE
"GTTGTCGAACCATGTT-1",-0.276850490027503,FALSE,-0.174968443263231,FALSE,0.0153398805625186,FALSE
"GTTGTCGTAATATGGA-1",1.23837022665024,FALSE,1.31537293067086,FALSE,0.416860851589706,FALSE
"GTTGTCGTGGCATTAC-1",-0.176263520414298,FALSE,-0.287548654150885,FALSE,-0.685321533923028,FALSE
"TAACAGCAGGCCTTAC-1",-0.268595553102131,FALSE,0.0592177129232732,FALSE,0.702923308635618,FALSE
"TAACAGGAACCGACAA-1",0.161445560393509,FALSE,0.343912988266546,FALSE,0.0335403785154267,FALSE
"TAACAGGTCCATACCA-1",-0.430791497123377,FALSE,-0.588312488350103,FALSE,-0.898736582097059,FALSE
"TAACAGTCTACTATGG-1",0.367796766135082,FALSE,0.253916304560996,FALSE,-0.604573794104659,FALSE
"TAACAGTTCCACTTCG-1",0.210335634244055,FALSE,0.32391908975982,FALSE,0.170315371174825,FALSE
"TAACATGCGTGCGAAC-1",0.666031508141629,FALSE,0.443317663739597,FALSE,0.580561814547212,FALSE
"TAACATGGCCACCTCC-1",-0.277945151895747,FALSE,-0.0639602349323871,FALSE,-0.10621019067942,FALSE
"TAACCAAGGTGCTCTA-1",-0.0824928467321108,FALSE,-0.0475115943310118,FALSE,-0.595876162253398,FALSE
"TAACCAGATACGCTTC-1",-0.355242640144315,FALSE,-0.229699878827306,FALSE,1.28049974032482,FALSE
"TAACCGGATGGACAGG-1",-1.80084524025988,FALSE,-1.2697304458919,FALSE,0.653638472741655,FALSE
"TAACCGTACTTCTAAC-1",0.366016888408,FALSE,1.31471174356684,FALSE,0.596635792346537,FALSE
"TAACCTTGAGACTTCG-1",-0.236073702645696,FALSE,-0.680450246397885,FALSE,-0.608216232603058,FALSE
"TAACGAATCCTAGATA-1",1.84098311407949,FALSE,1.36711094528991,FALSE,1.20632572829112,FALSE
"TAACGACCTTGCCTAT-1",-0.593280769426099,FALSE,-0.471697617381352,FALSE,-0.664246118609297,FALSE
"TAACGACTGGCCGTCG-1",-0.560074039142878,FALSE,-0.115830882515257,FALSE,-0.626144506336537,FALSE
"TAACGAGCCGAAGGTC-1",-0.687060156276334,FALSE,-0.74778889141637,FALSE,-0.563318840246198,FALSE
"TAACGAGCGTCTGGCC-1",-0.827125012142234,FALSE,-1.00620602078432,FALSE,0.947713070548498,FALSE
"TAACGAGCTATCCGTC-1",1.39678907989955,FALSE,1.44024709035269,FALSE,1.10890899700793,FALSE
"TAACGAGTTGCCAACC-1",-0.739574529935255,FALSE,0.038347490535469,FALSE,0.542551974623858,FALSE
"TAACGCATTGGTCCAA-1",0.231398827152098,FALSE,0.491360130869101,FALSE,0.980711859066282,FALSE
"TAACGCCGAGTACACG-1",0.776842100206464,FALSE,0.765105258952909,FALSE,-0.355585495315842,FALSE
"TAACGCGGCTATAGGT-1",-0.367324200460559,FALSE,-0.308287723518942,FALSE,-0.39937794504821,FALSE
"TAACGCGTAATATGGC-1",-0.981397506429822,FALSE,-0.555297174797606,FALSE,0.00757929431953413,FALSE
"TAACGCGTCCTACAAC-1",0.779076049940114,FALSE,0.641662872619999,FALSE,1.70533731019075,FALSE
"TAACGCTAGTACGCAG-1",-0.406025219306918,FALSE,-0.407725989597249,FALSE,-0.622269163113356,FALSE
"TAACGCTCACATTCTA-1",-0.227779724713675,FALSE,-0.10784646238978,FALSE,0.372214664399319,FALSE
"TAACGCTCATACGGCA-1",0.749873333969724,FALSE,0.623594971587164,FALSE,0.842642217727936,FALSE
"TAACGCTTATGCCATA-1",0.542644183831489,FALSE,0.481721140662918,FALSE,0.972573133639404,FALSE
"TAACGCTTCGGCACTT-1",-0.166531883598812,FALSE,-0.102665696490023,FALSE,0.432196696426749,FALSE
"TAACGTCACTATAATC-1",-0.812760679120484,FALSE,-0.661406002533415,FALSE,-0.172555049042306,FALSE
"TAACGTGATTCACTAG-1",-0.196984720428246,FALSE,-0.91243342876139,FALSE,-0.686720940267623,FALSE
"TAACGTGCCATAGTTA-1",0.343766417244748,FALSE,1.45213675630451,FALSE,-0.596551239917756,FALSE
"TAACGTTGCGTCGATG-1",0.566242869654413,FALSE,0.419029054617729,FALSE,0.286172768722971,FALSE
"TAACTCCAACATGGAC-1",-0.890521780881059,FALSE,-0.91606232030177,FALSE,-0.478052095207753,FALSE
"TAACTCCAGGTAGGCT-1",1.32223184641789,FALSE,1.24838499902172,FALSE,0.859545885077914,FALSE
"TAACTCCGATACGTAA-1",0.593386767535495,FALSE,0.653530518740752,FALSE,0.478742305792748,FALSE
"TAACTTAACCTCGGTG-1",0.331584427851229,FALSE,0.275604335537063,FALSE,-0.660667353650431,FALSE
"TAACTTGCACGGCGGA-1",0.0352210131738676,FALSE,0.061499959344458,FALSE,0.906896050008082,FALSE
"TAAGAACAGGTGTAAC-1",1.10428385821404,FALSE,0.89029720823062,FALSE,1.19278698356711,FALSE
"TAAGAATATGAGATAG-1",0.284008671284344,FALSE,-0.122967487429076,FALSE,-0.859840590426951,FALSE
"TAAGACCGAGTGAACA-1",-0.5365407700822,FALSE,0.121760619987891,FALSE,0.217085059880501,FALSE
"TAAGACCTCAAGTGCC-1",-0.164374793756116,FALSE,-0.211818483253067,FALSE,-0.323354309094512,FALSE
"TAAGATTGAGATTACA-1",-0.193486963244091,FALSE,-0.450325010732492,FALSE,-0.664208991416557,FALSE
"TAAGATTGCAAGTTCT-1",0.0198632694856546,FALSE,1.62893409022837,FALSE,1.0521864812994,FALSE
"TAAGATTGCTCACTTC-1",-0.190517585121401,FALSE,-0.521101115416287,FALSE,0.313986557821667,FALSE
"TAAGATTGGCGGTCGT-1",-3.46018591883473,TRUE,-2.97437814690677,FALSE,-0.296416399003252,FALSE
"TAAGCAAGTAATGTGG-1",-0.408204644038968,FALSE,-0.556626694871715,FALSE,-0.220249949029528,FALSE
"TAAGCACGAGACCTAC-1",1.05305238536622,FALSE,0.991763699729658,FALSE,0.958623091887148,FALSE
"TAAGCAGTAGATACTC-1",-0.118163365393115,FALSE,-0.0910407969116061,FALSE,0.198695008825333,FALSE
"TAAGCCACAATTGCCT-1",-1.13818258840048,FALSE,-1.04779510622256,FALSE,0.309643900442912,FALSE
"TAAGCCATACGACACG-1",0.543180811478695,FALSE,0.706058721896251,FALSE,0.777167960243273,FALSE
"TAAGCCTGGCTTCAGT-1",0.216320700475557,FALSE,-0.239876347739672,FALSE,-0.67815719735192,FALSE
"TAAGCCTGTAGCGTCC-1",0.638463827210127,FALSE,0.436472694117272,FALSE,1.04364592333148,FALSE
"TAAGCTCCTTCACGCC-1",0.195326658601957,FALSE,0.274645909987869,FALSE,0.151221289227311,FALSE
"TAAGGACGCCTGGTTG-1",-0.288771987325297,FALSE,-0.346351787713204,FALSE,-0.65635581036262,FALSE
"TAAGGATCTGAAGATA-1",-0.102701712107859,FALSE,-0.498291928597438,FALSE,-0.190374929338107,FALSE
"TAAGGTACGGATAGTG-1",-0.642922196361461,FALSE,-0.488516552339819,FALSE,0.541627443429317,FALSE
"TAAGGTATGAATGCTA-1",0.0297008424218026,FALSE,0.126072850503941,FALSE,0.128561876090871,FALSE
"TAAGGTCCGTGACCGT-1",-0.677176009575228,FALSE,-0.105495369606854,FALSE,0.0666913240604735,FALSE
"TAAGTGGCCGCTCACC-1",0.847024492346872,FALSE,0.723486687227327,FALSE,0.758003151133712,FALSE
"TAAGTGTCAAGGTGGC-1",-0.285290933687265,FALSE,-0.360973626204323,FALSE,-0.832594612944739,FALSE
"TAATACCATTCTAGAT-1",1.0648208389731,FALSE,0.770104864229002,FALSE,1.89467566091186,FALSE
"TAATACCGTTAATTGC-1",-0.702089581189423,FALSE,-0.691071179423741,FALSE,-0.396659453054209,FALSE
"TAATAGCGCTGTACTC-1",0.839151765021707,FALSE,0.625127651159385,FALSE,0.577557001791021,FALSE
"TAATAGGCTTGCTGAA-1",0.823111542043372,FALSE,1.15697146931445,FALSE,2.20510908266948,FALSE
"TAATCGACATTGTTGG-1",-0.837938861034413,FALSE,-0.749162502323686,FALSE,-0.580954579403107,FALSE
"TAATCGCAATGTAATA-1",-0.0521184246435517,FALSE,0.0387831606362747,FALSE,0.124951205093909,FALSE
"TAATCTGATAAGATGT-1",0.00050440647114599,FALSE,0.00451243142736815,FALSE,-0.234657055940994,FALSE
"TAATGACGAAGCGGCT-1",0.246354591221749,FALSE,0.244239693716087,FALSE,0.0818927471955495,FALSE
"TAATGATCCGGTTATT-1",0.908975657108146,FALSE,1.50438297056162,FALSE,1.18439118690603,FALSE
"TAATGATCTACTAACC-1",0.726849256443418,FALSE,0.729949608736993,FALSE,0.40299168365359,FALSE
"TAATGGCAGATGTCGG-1",-1.29322006009213,FALSE,-2.38513530629683,FALSE,-1.1276977030427,FALSE
"TAATGTGCACGATCTG-1",0.650696495719861,FALSE,0.671731727591918,FALSE,0.882849986796363,FALSE
"TAATTAAGGAGTACTG-1",-0.945037193751634,FALSE,-1.08411426577908,FALSE,-0.935488355175932,FALSE
"TAATTACCGGTGCGAG-1",0.363618600547922,FALSE,0.333858630535881,FALSE,1.0791084928976,FALSE
"TAATTAGCTCGATTGT-1",-0.421115869591594,FALSE,-0.924172331245531,FALSE,1.10410400819125,FALSE
"TAATTCCTGCAGAAGG-1",0.666751142180022,FALSE,1.1617094050436,FALSE,-0.890530751720424,FALSE
"TAATTGACGTCGTTCC-1",-0.277094503379226,FALSE,-0.134226815959419,FALSE,-0.103016793699545,FALSE
"TAATTGATTCTGTCGC-1",0.00199670579448458,FALSE,0.107779289979786,FALSE,0.175450556418821,FALSE
"TACAACGGACGGCTCA-1",1.27997264912449,FALSE,0.874728894785543,FALSE,1.59611554583108,FALSE
"TACAAGCAGATCGTTG-1",0.503866572615712,FALSE,0.307510988198446,FALSE,0.616320607143956,FALSE
"TACAAGCGCCTCTACA-1",-0.620706208949101,FALSE,-0.427259369814823,FALSE,-0.00488407236252573,FALSE
"TACAAGCGGAAGTACG-1",0.258250469155994,FALSE,0.358854740881022,FALSE,0.989284687695715,FALSE
"TACAAGGTCGACAAGT-1",-1.05013269656576,FALSE,-1.59802186969533,FALSE,-1.65284491566336,FALSE
"TACAAGTCCACGGTGA-1",-0.883123062614193,FALSE,-0.605916625592813,FALSE,-0.442353711747059,FALSE
"TACAAGTCGAATGCAA-1",0.736833297340342,FALSE,0.509048868072514,FALSE,0.699240152461892,FALSE
"TACAAGTGGTCTGAGG-1",0.830923989967686,FALSE,1.27233293786988,FALSE,1.38687013491059,FALSE
"TACAAGTGTCTGTCCG-1",0.549343064786755,FALSE,0.593068483778969,FALSE,0.194106964991084,FALSE
"TACAAGTTATACGCTG-1",-2.62754633104503,FALSE,-2.61135422328363,FALSE,-0.811796952220007,FALSE
"TACACCTCGTACTCCA-1",2.43461047051125,FALSE,2.62860622405046,FALSE,-0.44004162087947,FALSE
"TACACCTTGCGGCAGG-1",-0.543955207416582,FALSE,-0.600998130925322,FALSE,2.16078834167146,FALSE
"TACACGAACAGCTACT-1",1.1961804036798,FALSE,1.31887932028323,FALSE,1.36778027081758,FALSE
"TACACTCAGCGTATAA-1",0.407131181288257,FALSE,0.437079098051252,FALSE,0.422002772616473,FALSE
"TACACTCAGTAGAATG-1",-0.895428588244824,FALSE,-0.734310755727316,FALSE,-0.305352312645069,FALSE
"TACACTGAATAGCAGA-1",0.010016588946217,FALSE,-0.0822888653051464,FALSE,-0.099623946488918,FALSE
"TACACTGCAGGTTAGA-1",-0.138369977480829,FALSE,-0.379124957626556,FALSE,-0.405972468698844,FALSE
"TACACTGCGTCCGGAC-1",0.234014952283178,FALSE,-0.0518838269381601,FALSE,0.916859791045955,FALSE
"TACACTGTAGTCAACG-1",0.348062464504376,FALSE,0.456729956631728,FALSE,-0.255727517209813,FALSE
"TACACTGTCGAACCAA-1",-0.560135492977798,FALSE,-0.27057373010337,FALSE,0.443337747217706,FALSE
"TACACTTAGTCGTGGT-1",-0.341821138313984,FALSE,-0.35914389296155,FALSE,-0.190026178816173,FALSE
"TACACTTCGAGGTGAC-1",0.706282498518844,FALSE,-0.179690319550307,FALSE,-0.715961004145208,FALSE
"TACACTTCGCACCGAT-1",0.685387232245936,FALSE,0.0260044241039453,FALSE,0.220291185497271,FALSE
"TACAGTACTTAGTGTA-1",-0.313199169677049,FALSE,-0.0195100340965809,FALSE,0.326422669358766,FALSE
"TACAGTCTCGGCACGG-1",0.426777886669504,FALSE,0.407317859755901,FALSE,0.300296394964694,FALSE
"TACATAGCAGACCAAG-1",-0.219341398508745,FALSE,-0.212007662012003,FALSE,-0.512224515956084,FALSE
"TACATATGCACCAGTG-1",0.68420735107212,FALSE,1.05932132546133,FALSE,-0.0471553460534414,FALSE
"TACATCGGACAACTGG-1",-1.26141414204746,FALSE,-1.2081674439838,FALSE,-0.559622624359465,FALSE
"TACATCGTCAGCGGTT-1",-0.147909224169451,FALSE,0.0118695952520208,FALSE,-0.334669493817912,FALSE
"TACATCTAACATGTCC-1",1.08815259523026,FALSE,0.925296031809498,FALSE,1.32626503392919,FALSE
"TACATTGAATGAACGT-1",0.896257549505345,FALSE,0.474840784138042,FALSE,-0.105751799374296,FALSE
"TACATTGACTGAGTCC-1",-0.123103186005969,FALSE,-0.0248496223756451,FALSE,0.494330325031427,FALSE
"TACCACAGGCCATTGC-1",-0.0949535852173317,FALSE,-0.187219582770933,FALSE,-0.457473293060062,FALSE
"TACCAGACAACCTCAG-1",0.200566512461293,FALSE,-0.0457677542233101,FALSE,-0.761647811879733,FALSE
"TACCATCTCGGCCGAA-1",-0.380693352878683,FALSE,-0.752074842055371,FALSE,0.267820791004344,FALSE
"TACCATGGCGCCTTGT-1",-0.407485616143474,FALSE,-0.374610074327653,FALSE,1.09191278042134,FALSE
"TACCATTGATCATTAG-1",0.211885551675894,FALSE,0.232522984883679,FALSE,0.329636607225185,FALSE
"TACCATTGGTCTCCAA-1",1.74549455547252,FALSE,1.83159576885545,FALSE,4.44669696570212,TRUE
"TACCGGACCGTTAGGT-1",-1.45273076645202,FALSE,-0.760720488837612,FALSE,-0.941699540347914,FALSE
"TACCGTAGGTATAACA-1",-1.50561791111577,FALSE,-1.17678623475387,FALSE,0.0771823162052912,FALSE
"TACCTCAGGCAACAGA-1",-0.413702854487615,FALSE,-0.0233633497808884,FALSE,-1.40249939111799,FALSE
"TACCTGATCGATCTCG-1",-0.299575126679662,FALSE,0.0126502766447688,FALSE,-0.822049600152369,FALSE
"TACCTGCGGTTGTCCT-1",-0.00387985597101212,FALSE,-0.527758646644653,FALSE,-0.810468937141488,FALSE
"TACCTGTTAACGGCCT-1",-0.012618932985319,FALSE,-0.395181405935991,FALSE,-0.726226447605322,FALSE
"TACCTGTTCGGTAACT-1",0.096359993344073,FALSE,0.239728284708246,FALSE,0.522869869052745,FALSE
"TACGACCGAGCGCAAC-1",0.734889719162423,FALSE,0.810026354391191,FALSE,0.946938848845255,FALSE
"TACGACGCGATTCAAG-1",-0.869483761188596,FALSE,-1.51456470924617,FALSE,-1.20963163060377,FALSE
"TACGACGTCTCATATT-1",-0.0543901329679747,FALSE,-0.462150384393612,FALSE,0.531517618041042,FALSE
"TACGACGTGAAGTATC-1",0.127102783435917,FALSE,0.404395403325527,FALSE,-0.228391638383908,FALSE
"TACGACTACCTTCCTC-1",-0.31040643278329,FALSE,-0.596322369137361,FALSE,-0.500492088627047,FALSE
"TACGACTAGCCTTACC-1",-0.329107415422255,FALSE,-0.383275512646241,FALSE,-0.268847357606416,FALSE
"TACGACTCTGAACACT-1",-0.0766793802215729,FALSE,-0.0372593488068657,FALSE,-0.0312754720639862,FALSE
"TACGACTGATAATCGC-1",-1.68175252300592,FALSE,-1.54648202393024,FALSE,-1.42325565504673,FALSE
"TACGAGATTGGTCTGT-1",-1.13267319019059,FALSE,-1.26426272257491,FALSE,-0.578625740233211,FALSE
"TACGCCAGCACCGGAA-1",0.910137657002887,FALSE,0.676521345829202,FALSE,-1.31748294989939,FALSE
"TACGCCGGAGTTCTGA-1",-0.0798621611969631,FALSE,0.240568010903269,FALSE,-0.571237277903797,FALSE
"TACGCCTTGCCGTGTT-1",-0.102529833627563,FALSE,-0.00507612229686609,FALSE,-0.401161926027858,FALSE
"TACGCTCCGGTTGGTA-1",-0.824511257422506,FALSE,-0.576595737105214,FALSE,-0.940419053672655,FALSE
"TACGCTCCTTGAGCAA-1",-1.30259751471323,FALSE,0.392932602161786,FALSE,-0.391046825084338,FALSE
"TACGCTTCCGCAAGCT-1",-1.16017885758821,FALSE,-0.849857085247063,FALSE,-0.716125422581888,FALSE
"TACGGAACAGACGCGG-1",0.0396644397287792,FALSE,-0.0669340973477028,FALSE,1.32529286990332,FALSE
"TACGGAATACTCGTTC-1",-0.428923932801861,FALSE,0.0277731073610151,FALSE,1.18840767651217,FALSE
"TACGGAATTGAACCAA-1",0.153255239319299,FALSE,0.103996216990585,FALSE,0.664835268872384,FALSE
"TACGGACACCTCCATA-1",-1.27854252358658,FALSE,-2.08173812876329,FALSE,-0.620813094254597,FALSE
"TACGGAGGAAGCACCT-1",0.413269617958625,FALSE,0.376867367149918,FALSE,0.405840378136855,FALSE
"TACGGAGTCAACGAAG-1",1.63210166265997,FALSE,2.20077078418758,FALSE,1.39656361996685,FALSE
"TACGGATCAGCCATCC-1",-0.0278015678998527,FALSE,0.507605688291897,FALSE,1.71634141340523,FALSE
"TACGGATCCTTGCGAT-1",-0.583493913775074,FALSE,-1.03241473555957,FALSE,-0.578431520667053,FALSE
"TACGGCCTTGTAGGAG-1",-1.65284380289944,FALSE,-2.05107292363897,FALSE,-0.598062679344488,FALSE
"TACGGTAGTTGCGTGA-1",0.46464044148833,FALSE,0.468317917840156,FALSE,0.233281805426096,FALSE
"TACGGTGAGCCGATGT-1",-0.574013873971844,FALSE,-0.610234525966579,FALSE,-0.851104192523174,FALSE
"TACGGTTAATGTACTA-1",0.181150785784168,FALSE,0.259517961027826,FALSE,-0.113765827811475,FALSE
"TACGTACACCTTAAGC-1",0.0594356940631314,FALSE,0.609005308429472,FALSE,-1.15660369124267,FALSE
"TACGTATCCTATCACG-1",0.641410611686151,FALSE,0.551914839324685,FALSE,0.918976989094567,FALSE
"TACGTATCGAGGTTGT-1",-0.442120702955026,FALSE,-0.556322214003236,FALSE,-0.667287451809196,FALSE
"TACGTGACGGATCCAC-1",0.278063373302961,FALSE,0.427701922275789,FALSE,0.585961227314235,FALSE
"TACGTGATGGTAGGAT-1",-0.0572491119230423,FALSE,-0.652074682969022,FALSE,-0.113445496676108,FALSE
"TACGTGGAGGCATGGC-1",-0.755717756533638,FALSE,-0.130665135781506,FALSE,0.798195672350584,FALSE
"TACGTGGCATCATATG-1",0.0519693311886071,FALSE,0.0103673831404461,FALSE,1.42606549780789,FALSE
"TACGTGTACATCCGTG-1",0.79687507772051,FALSE,1.0096605485715,FALSE,2.20309937407036,FALSE
"TACGTGTTGCCACTGA-1",-0.546572626819238,FALSE,-0.762736601142183,FALSE,-0.615863585378083,FALSE
"TACGTTACTGGTAGCG-1",-0.136053988229063,FALSE,-0.0100370498541084,FALSE,0.558342439215467,FALSE
"TACGTTATCCAGACGC-1",-1.73551013749486,FALSE,-1.38581376606984,FALSE,-0.772848650379787,FALSE
"TACGTTCCACGCTCGT-1",-1.23264256340664,FALSE,-1.04960865824697,FALSE,-0.63767888369772,FALSE
"TACGTTCTACCGCCAT-1",0.392789073462514,FALSE,0.268876663621607,FALSE,-0.923434590314603,FALSE
"TACTAAGGAACATCAA-1",-0.22427516274067,FALSE,-0.250019442563744,FALSE,-0.455871852212976,FALSE
"TACTAGACTAGTGACA-1",-0.459115772904888,FALSE,-0.295577554622607,FALSE,0.031709497656934,FALSE
"TACTAGGATCAATGGC-1",0.918849159203998,FALSE,0.812528258898907,FALSE,0.191238510449343,FALSE
"TACTAGTACACCTAAG-1",-0.0256394435070664,FALSE,-0.0396451825327937,FALSE,1.19829919647552,FALSE
"TACTAGTACCGGATGG-1",-0.734275527709274,FALSE,-0.67757262858418,FALSE,-0.755705886868911,FALSE
"TACTAGTGAGACAATG-1",0.730388702767898,FALSE,1.52746289920136,FALSE,0.890263737981663,FALSE
"TACTATGTTGAATCTT-1",-1.67200558120376,FALSE,-1.5980598103366,FALSE,-1.78833903838428,FALSE
"TACTCACTACTCACTC-1",0.155650613804115,FALSE,0.318635130980921,FALSE,-0.274768489197546,FALSE
"TACTCCGAAGTAGAAT-1",-0.0613047951910434,FALSE,-0.323035624360577,FALSE,-0.43386613087335,FALSE
"TACTCCGCCAATACAA-1",0.195385595611015,FALSE,0.361660793657175,FALSE,0.156905543433912,FALSE
"TACTCCTACATCAACT-1",0.315681647484471,FALSE,0.32998449027354,FALSE,0.311626027957997,FALSE
"TACTCCTGAAGGATTA-1",-0.201583916081454,FALSE,-0.0913651454448876,FALSE,-0.331855001643199,FALSE
"TAGAACGATTGCCTCC-1",-1.06427098772856,FALSE,-0.702611243255426,FALSE,-0.143316358187866,FALSE
"TAGAATTCAACGTGGC-1",0.855366600995141,FALSE,0.794794747494417,FALSE,1.68571969330968,FALSE
"TAGACACCGGCGTCAA-1",-0.995289702796842,FALSE,-1.47369962117672,FALSE,-1.05990986393267,FALSE
"TAGACAGGAGATCATT-1",-0.0283466520142149,FALSE,-0.181823940277149,FALSE,-0.933906172867044,FALSE
"TAGACAGGATGCAATA-1",0.422107112793598,FALSE,-0.207146664854227,FALSE,-0.289097925475503,FALSE
"TAGACATACGTCTAAT-1",0.377944887011788,FALSE,0.543446027300843,FALSE,1.48825006029427,FALSE
"TAGACATATGGCGAGG-1",0.00368208336311243,FALSE,0.0219569399860372,FALSE,-0.181819240483992,FALSE
"TAGACATGGTTAGGTC-1",-0.437657774946968,FALSE,-0.112414958366014,FALSE,0.256009074213901,FALSE
"TAGACCAGGTACGATC-1",-0.98315411235114,FALSE,-0.582999948495967,FALSE,0.329438944223751,FALSE
"TAGACCATCGATTGAG-1",-1.07816176427264,FALSE,-0.593020482616218,FALSE,-0.255356491721123,FALSE
"TAGACCATTGCTTAGA-1",-0.674302892296071,FALSE,-1.01634039748818,FALSE,-0.397074342314228,FALSE
"TAGACCGAAGCAGAGC-1",0.0603981721226153,FALSE,0.000278599648986403,FALSE,-0.0797029250495895,FALSE
"TAGACCGCGGAAGGAC-1",-0.443283093560935,FALSE,-0.360078307946861,FALSE,-0.483409248097224,FALSE
"TAGACCGGCCAGTACG-1",0.888857091772891,FALSE,0.289737336171186,FALSE,-1.07345473386537,FALSE
"TAGACCTGAGGAGCTG-1",0.263846132663143,FALSE,0.478836234872027,FALSE,0.31758380018914,FALSE
"TAGACTAATATGGCGA-1",-0.563539638454723,FALSE,-0.728294353451036,FALSE,0.0642387355133501,FALSE
"TAGAGCAGACAGTCCA-1",-0.88018614897037,FALSE,-0.471306477525781,FALSE,-0.762603580122859,FALSE
"TAGAGGCGATTGATTC-1",0.0756611635540493,FALSE,0.354214397442477,FALSE,-0.0421264573969809,FALSE
"TAGATGAGCCGTCATT-1",0.0942309113893454,FALSE,0.03557146755598,FALSE,1.83348344164949,FALSE
"TAGATGAGGACGCTTA-1",0.106757467689018,FALSE,0.228018089119038,FALSE,-1.03542577578357,FALSE
"TAGATGCGTGCCAGCG-1",1.32304295303128,FALSE,1.57464521607115,FALSE,0.34623050260515,FALSE
"TAGATGCTGTATCGTA-1",-2.0600646579755,FALSE,-1.88540255675616,FALSE,-0.788167068777309,FALSE
"TAGATGGCTGTATGCC-1",0.10779328794967,FALSE,0.379736653619166,FALSE,0.724633408897254,FALSE
"TAGATGGTTCCTGATG-1",-0.358334884843986,FALSE,-0.292670752172955,FALSE,-0.854710345155957,FALSE
"TAGATGTCACGGTCGA-1",1.19432077397975,FALSE,0.710373933950356,FALSE,1.62041303772391,FALSE
"TAGCAATTATGGACCG-1",-1.17566925045685,FALSE,-0.940344500529647,FALSE,-1.83558602162302,FALSE
"TAGCAGTCGTCATGAA-1",0.71324090020233,FALSE,0.449280693638199,FALSE,0.99715001299036,FALSE
"TAGCAGTGATTCTGTC-1",-0.0758052166412462,FALSE,-0.636104154656467,FALSE,1.41743662343889,FALSE
"TAGCCGCAATACCTGC-1",-1.47594389762261,FALSE,-1.82628883169747,FALSE,0.330328183809601,FALSE
"TAGCCGCTGTGGCTGG-1",-0.670119559646305,FALSE,-0.490102174964785,FALSE,-0.575874709931209,FALSE
"TAGCGGACCACTGTTA-1",-0.194745485337793,FALSE,-0.0567371831753074,FALSE,0.32108172303252,FALSE
"TAGCGTACCTTGACAT-1",0.114279281675142,FALSE,0.102068802905779,FALSE,0.569479253998917,FALSE
"TAGCGTACGGAGCGCC-1",0.294021898967522,FALSE,0.167715865304133,FALSE,0.223218976943503,FALSE
"TAGCGTATAGCGCTAA-1",-0.259798391115894,FALSE,-0.338786370210221,FALSE,-0.630741618727707,FALSE
"TAGCGTCACGACAGGC-1",0.340388176475601,FALSE,0.292815311677448,FALSE,-1.28167158190399,FALSE
"TAGCGTCTCAAGGTGG-1",0.450358016697974,FALSE,0.290897732668481,FALSE,-1.74792476223186,FALSE
"TAGCGTCTCGGTCTAT-1",-0.930808528988378,FALSE,-1.06885753573418,FALSE,-0.50703948283391,FALSE
"TAGCGTGGCGCAAGCC-1",-0.300880976252006,FALSE,-0.0841468694201739,FALSE,-0.18415142182796,FALSE
"TAGCTACCATACTGCT-1",-0.358521476857234,FALSE,-0.0504857597452157,FALSE,-0.367121899437477,FALSE
"TAGCTACCTGTAGGAT-1",1.05641776770423,FALSE,0.900762425752058,FALSE,2.00544659486557,FALSE
"TAGCTAGAAGCGATCA-1",-0.336927146168275,FALSE,-0.190435238806768,FALSE,-0.380033264390032,FALSE
"TAGCTAGACACTGGTT-1",-0.510908121689466,FALSE,-0.0326968715469015,FALSE,0.00338063918916166,FALSE
"TAGCTAGAGCACGCCG-1",0.0998912804949758,FALSE,0.112414958366014,FALSE,-0.240709121080313,FALSE
"TAGCTAGAGGCCTGAA-1",0.883726289051662,FALSE,0.746605006506355,FALSE,0.915043157414314,FALSE
"TAGCTATGTTGAGCAC-1",-0.85074285099125,FALSE,-0.367564997938086,FALSE,-0.074414107132384,FALSE
"TAGCTCGAATCGTCCG-1",0.555626609352015,FALSE,0.511522972043115,FALSE,0.419279229386784,FALSE
"TAGCTTAACTAGGTTC-1",-0.69127955283618,FALSE,-1.71377706136423,FALSE,-0.467712492006523,FALSE
"TAGCTTAAGCTGGCGT-1",-0.527019728135121,FALSE,-0.00655753923801746,FALSE,0.7789960689093,FALSE
"TAGGACATCAGCATGG-1",-0.410647298723926,FALSE,-0.279558251726008,FALSE,0.32854222792741,FALSE
"TAGGACCAATTGCCAA-1",-0.636974313578482,FALSE,-0.660628472962295,FALSE,-0.684314735091077,FALSE
"TAGGACGGCCAGCCGA-1",-0.472189136455527,FALSE,-0.192756132142468,FALSE,0.429281528732829,FALSE
"TAGGACTTCATGTTAT-1",0.292659311414838,FALSE,0.493044313593904,FALSE,0.469685340115106,FALSE
"TAGGAGGCGTATTGCC-1",0.171547366420559,FALSE,0.224359561257692,FALSE,-0.855295316911191,FALSE
"TAGGATGCACCGTTCA-1",0.109880047467141,FALSE,0.0639516207593322,FALSE,-0.0964530031083486,FALSE
"TAGGCATCGGAGCCTC-1",-0.458085537171927,FALSE,-0.724831455461707,FALSE,0.455477318976117,FALSE
"TAGGCATCTGCGGACC-1",-0.0963404608606299,FALSE,0.0474181361832988,FALSE,-0.286586913728897,FALSE
"TAGGCGAGCGATCGGT-1",-0.732713701481823,FALSE,-0.903358527707726,FALSE,0.4671639912693,FALSE
"TAGGCGCATATCTAAC-1",0.747290884772771,FALSE,1.754579719715,FALSE,2.94349701657435,FALSE
"TAGGCTCCGGCATACA-1",-0.351666670311152,FALSE,-0.471541496979579,FALSE,0.645944376468467,FALSE
"TAGGCTTATCTAGCTC-1",-2.27165408952299,FALSE,-1.38741073455827,FALSE,-0.782232653847579,FALSE
"TAGGTCCGTAGCCTAT-1",-0.163445571446123,FALSE,-0.163553626801054,FALSE,-0.276059166231691,FALSE
"TAGGTCGCCGCAACTC-1",1.06336348394693,FALSE,1.21911857999268,FALSE,-0.855218996310072,FALSE
"TAGGTCTACTCGTGAA-1",0.580211520313288,FALSE,0.860592982706324,FALSE,1.91659429886793,FALSE
"TAGGTCTGCCTCTGTA-1",0.40312674514686,FALSE,0.325376171339226,FALSE,0.143903914351717,FALSE
"TAGGTCTTGGCTCGTC-1",0.269711989944191,FALSE,0.585847876500715,FALSE,1.30598679467284,FALSE
"TAGTATAACCTCGACA-1",0.0321945436555029,FALSE,0.0595138014878896,FALSE,-0.516214374896877,FALSE
"TAGTATCCAATTACGT-1",-0.0445336142972706,FALSE,0.326282804588162,FALSE,0.571942736433366,FALSE
"TAGTATTGCCGAGTTG-1",1.05071959630703,FALSE,0.235386051575087,FALSE,-0.639729976793434,FALSE
"TAGTCACTGGATAGGC-1",0.24493988991064,FALSE,0.365800949196615,FALSE,0.558563222028034,FALSE
"TAGTGAACATGCAGAT-1",-0.838190408180061,FALSE,-0.9849691590165,FALSE,-1.15479306813779,FALSE
"TAGTGAATGTTCAGTG-1",-0.383087381498563,FALSE,-0.827093443104144,FALSE,-0.998833554034025,FALSE
"TAGTGACTCAATTGCT-1",0.307287265687049,FALSE,0.656905905257374,FALSE,0.50009393719084,FALSE
"TAGTGACTCGCTCCGC-1",-0.403838494430135,FALSE,-0.0584832594707833,FALSE,0.547804992183556,FALSE
"TAGTGAGGACATGTTG-1",0.717027807686184,FALSE,0.912180700300492,FALSE,0.705756065587766,FALSE
"TAGTGAGGACGCGAAT-1",1.1547709589407,FALSE,1.44778489963396,FALSE,1.0654681309974,FALSE
"TAGTGAGGTATCGACC-1",0.00148860744444964,FALSE,0.350152186313766,FALSE,0.459128396323604,FALSE
"TAGTGAGGTGCCATCA-1",0.165953963383096,FALSE,0.256807913641397,FALSE,0.0431817382671008,FALSE
"TAGTGATGACTCCTGG-1",0.119010951381234,FALSE,0.327954382671098,FALSE,0.0558754365393499,FALSE
"TAGTGCACTATTGTCA-1",0.128994715724798,FALSE,0.31628615404675,FALSE,0.67244927557899,FALSE
"TAGTGCAGTGCGGTAG-1",-0.0308070921954762,FALSE,0.328523024879988,FALSE,-0.699994752468848,FALSE
"TAGTGCTGTAGCGTTG-1",-0.410774685814902,FALSE,-0.271083367258022,FALSE,-0.11736610825651,FALSE
"TAGTGGTTGAACCAAT-1",-0.146362715305433,FALSE,-0.333643046752418,FALSE,-0.610025303248896,FALSE
"TAGTTACATAGAAGAT-1",0.272462913892638,FALSE,0.0572491300203494,FALSE,-0.609574422400553,FALSE
"TAGTTCAAGGTCCACG-1",-1.10588874420305,FALSE,-1.72572152302421,FALSE,-1.36963075028237,FALSE
"TAGTTCAATCGACCTC-1",-2.28802764737931,FALSE,-4.43367665145957,TRUE,-2.23114613046418,FALSE
"TAGTTCCGATAGAATC-1",0.531279533568258,FALSE,0.517647323254278,FALSE,-0.49491210960643,FALSE
"TAGTTCGAAGACATGC-1",-0.297397203470499,FALSE,0.337947468587828,FALSE,0.402642036691811,FALSE
"TAGTTCGAATTAGCGG-1",0.851115050396358,FALSE,0.718631749554464,FALSE,0.343866125805304,FALSE
"TAGTTCGAGTAGGAAG-1",-1.00155096240429,FALSE,-1.30067481054136,FALSE,-1.03917418530876,FALSE
"TAGTTCGATCCTCACG-1",0.469794342549528,FALSE,-0.149138247190289,FALSE,-0.537821926026178,FALSE
"TAGTTCGTTGCTAATT-1",-0.422948880255269,FALSE,-0.549058322966635,FALSE,-0.19204156946382,FALSE
"TAGTTGAGCCAGCCAG-1",0.88159332885629,FALSE,1.05491508742175,FALSE,2.63978357208395,FALSE
"TAGTTGAGTTCTGCAC-1",-0.298168604991316,FALSE,-0.380118230388598,FALSE,0.123205652065092,FALSE
"TAGTTGGCTTAGGCCT-1",-0.752421190177947,FALSE,-0.460373691910977,FALSE,1.74270989698103,FALSE
"TATCAACGAATATGAG-1",-0.25100506756554,FALSE,-0.428721075211945,FALSE,-0.620056084487331,FALSE
"TATCAAGGCCGCGTGG-1",0.85968683911913,FALSE,0.815692570344239,FALSE,0.813867225768664,FALSE
"TATCAAGGCTCGTCGG-1",-0.176847696710301,FALSE,-0.124401567759508,FALSE,-0.33033295115734,FALSE
"TATCAATGCCGCTCAC-1",-0.900854538762312,FALSE,-0.912417335415357,FALSE,-0.707499475716224,FALSE
"TATCACATAGCGAACT-1",-0.125492467681515,FALSE,0.180171919572926,FALSE,-0.421246488514761,FALSE
"TATCACCGGCATCGTG-1",-1.12977794250475,FALSE,-1.61102476585822,FALSE,-1.0670699495939,FALSE
"TATCACTTCGAGCCGT-1",0.601755185365499,FALSE,0.506704148565419,FALSE,0.238569855811614,FALSE
"TATCATGGATGTTGCC-1",0.34557478109124,FALSE,0.689819062700538,FALSE,0.790891232891105,FALSE
"TATCCAAGCGCCGTAG-1",-1.25871274018899,FALSE,-1.00392200270498,FALSE,-1.42216253262209,FALSE
"TATCCAATACCGCAAT-1",-1.17141054483531,FALSE,-1.10126866293077,FALSE,0.11746856556659,FALSE
"TATCCACTTGCGTATC-1",0.508012302986163,FALSE,0.681949949124731,FALSE,1.79422011291835,FALSE
"TATCCGATCTTGGCGG-1",-0.298414819140426,FALSE,-0.250820004599379,FALSE,0.122742619397632,FALSE
"TATCCGTAAGCCAGCG-1",0.111816967034862,FALSE,-0.35502687760321,FALSE,-0.783559773959876,FALSE
"TATCCTGCGGTTGATC-1",-0.0712493677364124,FALSE,-0.11822237318935,FALSE,-0.558820287808054,FALSE
"TATCCTGGCCGGCATA-1",0.418393510658458,FALSE,0.253674528193254,FALSE,0.414820222197542,FALSE
"TATCTAATCACCTCGG-1",0.00256728228341636,FALSE,-0.32202911305658,FALSE,-0.9362847543754,FALSE
"TATCTAGGAGTGGACA-1",-0.0435077566886358,FALSE,-0.00790417676011033,FALSE,-0.0353542038161973,FALSE
"TATCTAGTCGCATGCA-1",-3.16660872287748,TRUE,-2.57503195661691,FALSE,-0.116836413292757,FALSE
"TATGAACTACGCGGTG-1",0.0201338829049534,FALSE,0.307441839624261,FALSE,0.0492608071336978,FALSE
"TATGAAGCGACCGTCC-1",0.4292074057831,FALSE,0.128744710212866,FALSE,0.604891274637818,FALSE
"TATGACAATGCTTGAA-1",0.810854592363697,FALSE,-0.168109907343704,FALSE,-0.692950320022779,FALSE
"TATGACAGCGAGAAGC-1",-0.845564079478573,FALSE,-0.81651785616235,FALSE,-0.685776739983433,FALSE
"TATGACCGATGAAGTG-1",-0.307205213519753,FALSE,-0.589760459262359,FALSE,0.500523599079197,FALSE
"TATGACGCCTTCCGTG-1",-0.888639913594239,FALSE,-0.889411907885681,FALSE,0.0332977515850981,FALSE
"TATGACGCGTATGTCG-1",-0.760455349300537,FALSE,-0.576866233720333,FALSE,-0.613490463221814,FALSE
"TATGACGGAGATTGGC-1",0.690762311564415,FALSE,0.500040568731755,FALSE,0.375268448122575,FALSE
"TATGACTCAATGATCG-1",-0.770637215183632,FALSE,-0.664030567231619,FALSE,-0.332892138266004,FALSE
"TATGAGCCGCAATCCG-1",1.76403663470065,FALSE,1.70157306765649,FALSE,0.62053901434826,FALSE
"TATGAGCGATCCATTA-1",-1.52150484446674,FALSE,-1.33868536352786,FALSE,-0.984987286169031,FALSE
"TATGAGGATCTACTGG-1",-0.742034788832743,FALSE,0.0462747645664671,FALSE,0.682775044808935,FALSE
"TATGAGTTCCGAGTGA-1",1.38087931797543,FALSE,1.02191304204758,FALSE,-1.17992964222462,FALSE
"TATGCCACAGCCGGTG-1",-0.140255053102423,FALSE,-0.133995622614205,FALSE,-0.545040306092142,FALSE
"TATGCTCCTGGTTAGT-1",-0.50813102706191,FALSE,-0.194329269712677,FALSE,0.505254984239423,FALSE
"TATGGCAGTTCGTCTA-1",-0.066687601902167,FALSE,-0.407360544426536,FALSE,-0.428487768576197,FALSE
"TATGGCCATAATAGAC-1",-0.40655037749072,FALSE,-0.423612465062173,FALSE,-0.595375398133631,FALSE
"TATGGCCGGCGACACT-1",0.178437696524665,FALSE,0.489861209303556,FALSE,0.703863462874091,FALSE
"TATGGCCTCACGTACA-1",0.599212544981132,FALSE,0.750931921884971,FALSE,-1.24753587143039,FALSE
"TATGTAGAGCTGATCA-1",0.395917665596941,FALSE,0.499029524437346,FALSE,-0.77812318305015,FALSE
"TATGTCATAAGCGTCG-1",-0.53586468054882,FALSE,-0.538486775991453,FALSE,0.93604742539361,FALSE
"TATGTCGAGGTTGAAG-1",0.0184517761643917,FALSE,-0.220172725599721,FALSE,-0.989319556223359,FALSE
"TATGTCTAAGACGCAA-1",1.3583079832466,FALSE,1.48317728806093,FALSE,1.01616215474933,FALSE
"TATGTTAGGCCGAACC-1",-0.108259659839875,FALSE,0.019174457781494,FALSE,-0.0563574689555541,FALSE
"TATGTTGCAGTCTAGG-1",-0.398355028100586,FALSE,-0.655250948596529,FALSE,-0.598313811479208,FALSE
"TATGTTGGAGTTGTAA-1",-0.376456762852913,FALSE,-0.532265988699496,FALSE,-0.0490399709674926,FALSE
"TATGTTGGCGAGAACA-1",1.88623657629746,FALSE,1.60286522819495,FALSE,-0.93457980782816,FALSE
"TATGTTGGTAGGTCGT-1",-0.0495255515238187,FALSE,0.473079616456974,FALSE,-0.338088817665329,FALSE
"TATGTTGGTCCAGTGA-1",0.536533009124785,FALSE,0.00963556785994403,FALSE,-0.327536629496941,FALSE
"TATTAACTTCCGCTCA-1",-0.381672376986709,FALSE,-0.297655259325662,FALSE,-0.720966438650773,FALSE
"TATTAAGCAGCGCCGG-1",-0.463735233319002,FALSE,-0.36515479579581,FALSE,-0.291365471966525,FALSE
"TATTAATATGTCGACT-1",0.120219459981517,FALSE,0.0773241011965121,FALSE,0.241564246466075,FALSE
"TATTCCGGTTGTTAAT-1",0.655420298425743,FALSE,0.731538658708175,FALSE,0.535564663896938,FALSE
"TATTCGACAACCGTGA-1",-0.206638284127589,FALSE,-0.202180292949251,FALSE,-0.329477159546869,FALSE
"TATTCGATGATCTAGT-1",0.567933280307429,FALSE,0.354221827994133,FALSE,0.00425362471244483,FALSE
"TATTCGGTGGAGATTC-1",-1.18143907296506,FALSE,-1.20522682267614,FALSE,0.339474850498432,FALSE
"TATTCGTCTGCGGTGG-1",-2.10938551530585,FALSE,-2.17985296283129,FALSE,-0.859649601967806,FALSE
"TATTCGTTAACAGGCA-1",-0.843610320496504,FALSE,-1.47104973125587,FALSE,-1.37482137830349,FALSE
"TATTCGTTATCGCCTG-1",-1.32849530510425,FALSE,-1.05062297573076,FALSE,0.148532977328501,FALSE
"TATTCTAAGGCTCATC-1",-0.206364943676191,FALSE,-0.461733281158599,FALSE,-0.730449016677748,FALSE
"TATTCTAGAATCGGAC-1",-2.49356298902808,FALSE,-2.16139261639351,FALSE,-0.39635670410056,FALSE
"TATTCTCAGCGGCTGG-1",-0.239514233820745,FALSE,-0.554198584556016,FALSE,-0.552838363680612,FALSE
"TATTCTCCTATGATGG-1",0.813837159306325,FALSE,1.21401440353859,FALSE,1.35811263861447,FALSE
"TATTGAATCCGACTAA-1",-0.137468958873878,FALSE,-3.18285337343773,TRUE,-1.36905292914231,FALSE
"TATTGAGCATGGACCG-1",-0.0759889467371332,FALSE,-0.0555898145766001,FALSE,0.188510042576966,FALSE
"TATTGATCGTGATCTT-1",0.201981246113065,FALSE,0.167827798352277,FALSE,0.173598191197176,FALSE
"TATTGATCTACTTCGG-1",-0.151094824993227,FALSE,-0.122290664988822,FALSE,-0.360685194079538,FALSE
"TATTGTTAACCGAGAC-1",-0.100282481930182,FALSE,0.0668273254802569,FALSE,1.49629018000926,FALSE
"TCAACAATGGAGGCCT-1",1.62753232839451,FALSE,0.99319685203292,FALSE,0.55270961085074,FALSE
"TCAACACCAATCATTA-1",-0.223577599322688,FALSE,0.223879261692991,FALSE,-1.06376311911769,FALSE
"TCAACAGGCCATGCCG-1",-0.100572827106362,FALSE,0.00968167105544615,FALSE,1.34229595461822,FALSE
"TCAACATGGATACAAC-1",0.422550325024158,FALSE,0.42710636219313,FALSE,-1.08790606626365,FALSE
"TCAACCGGAGACCTCG-1",0.048969099463313,FALSE,-0.0742958472138232,FALSE,1.10693603212865,FALSE
"TCAACGTCTTCGGTCC-1",-0.301121654009384,FALSE,-0.273184231633578,FALSE,0.106282649040739,FALSE
"TCAAGGAACCTATTGC-1",0.237589225059569,FALSE,0.233082402484949,FALSE,-0.336325024987996,FALSE
"TCAAGGCAACGCGGCT-1",0.82896079598459,FALSE,0.761147962212709,FALSE,0.199204537107119,FALSE
"TCAAGGCCATAGCCTG-1",0.141671549625397,FALSE,0.0423142879671319,FALSE,-0.135392358233555,FALSE
"TCAAGGCGTCTACTCC-1",-0.522804703593197,FALSE,-0.351438682972537,FALSE,-0.982569814820794,FALSE
"TCAAGGTACACGAAGA-1",0.282127904800284,FALSE,0.360219140368216,FALSE,1.08767071927985,FALSE
"TCAAGGTATCAACTTA-1",-1.1600031039499,FALSE,-1.32433541171159,FALSE,-0.846089583944235,FALSE
"TCAAGGTCTGAATATG-1",0.761625209403516,FALSE,0.774938970696805,FALSE,0.632338057794598,FALSE
"TCAAGTGATGGTTAAT-1",0.606529223691842,FALSE,0.726059367735676,FALSE,2.21300575501106,FALSE
"TCAATATTCCGGTTAG-1",-2.07580959305999,FALSE,-1.89218822671691,FALSE,-0.271888867890144,FALSE
"TCAATCAGATGACGTG-1",0.0678375598164394,FALSE,0.183736223691375,FALSE,-1.39148822549315,FALSE
"TCAATTAATAGAACCT-1",0.82037641125818,FALSE,0.590178531421572,FALSE,0.443445911733538,FALSE
"TCAATTATACCAGAAC-1",0.0066075839102677,FALSE,0.267404984919156,FALSE,-0.497945731634515,FALSE
"TCACAAGACTTAGCTT-1",-1.62303106245598,FALSE,-1.36113931560697,FALSE,-0.654240268712998,FALSE
"TCACAAGATGACTCGA-1",0.60155908974963,FALSE,0.641135861450122,FALSE,-0.469304850381824,FALSE
"TCACAAGCTCGAGGCA-1",1.07642589701101,FALSE,1.31348003985553,FALSE,1.7673714872572,FALSE
"TCACAAGGAGAACAAG-1",0.196868482822864,FALSE,0.230533846966244,FALSE,-0.179176174583481,FALSE
"TCACAGCACCAAGGTT-1",-0.102560494494327,FALSE,-0.666542890105406,FALSE,-0.322221038510422,FALSE
"TCACATAAGCGTTGCC-1",0.978865556127652,FALSE,1.03173297368269,FALSE,-0.385522865610835,FALSE
"TCACATAGACCTCCGT-1",0.451534364997318,FALSE,0.734937498653813,FALSE,4.15493298113104,TRUE
"TCACATCCTGTCGCGG-1",-0.783103967158127,FALSE,-0.692020640071221,FALSE,-0.83881414498535,FALSE
"TCACATCCTTATACAG-1",-0.249014571952553,FALSE,-0.567704620116573,FALSE,-0.183844074684584,FALSE
"TCACATCCTTCTCAGT-1",-0.631905056333593,FALSE,-0.576404167133456,FALSE,-1.40245525454461,FALSE
"TCACATGGATAACTGT-1",1.01873163593779,FALSE,0.966116961029653,FALSE,0.888331695956692,FALSE
"TCACATTGTCGGTGAC-1",-0.102399380568825,FALSE,-0.437199380247581,FALSE,-0.537781214028421,FALSE
"TCACCATAGATTGTTA-1",-1.08512340394941,FALSE,-1.73057156090065,FALSE,1.12650232853797,FALSE
"TCACCGTTGCTAATGG-1",0.85547795565935,FALSE,0.940268606055895,FALSE,1.47497953105933,FALSE
"TCACGACATCAGAAGG-1",-0.0201276463078724,FALSE,0.0761235151139935,FALSE,-0.330840872256019,FALSE
"TCACGATACCTAGCCA-1",-1.03190821182382,FALSE,-0.557927443851516,FALSE,0.869416920987061,FALSE
"TCACGCTATCCACTAC-1",0.140196734654072,FALSE,0.0764200209581768,FALSE,0.111135234297657,FALSE
"TCACTACGACTCTGCG-1",-0.151397065009811,FALSE,-0.00499790316750212,FALSE,0.100514339789276,FALSE
"TCACTCCGCTCACTGG-1",0.631723291355824,FALSE,0.77890364390971,FALSE,-0.0350830645032102,FALSE
"TCAGAATCCTACGGTG-1",0.464788426110851,FALSE,-0.11951810133969,FALSE,-0.00365161746988252,FALSE
"TCAGAATCGATATCAT-1",-0.790316721667236,FALSE,-0.787615296162386,FALSE,-0.739535284611513,FALSE
"TCAGAATCTAATAGTC-1",-0.765943158938222,FALSE,-0.683325860460659,FALSE,-0.43095116155566,FALSE
"TCAGACCGGCCTGCTC-1",0.697359166044103,FALSE,0.446113620266388,FALSE,0.701043025286979,FALSE
"TCAGATTACCAGGTTA-1",-0.451282560166307,FALSE,-0.754064383646181,FALSE,-0.616154048519302,FALSE
"TCAGCGCCTAGTCTTA-1",0.0898540561651099,FALSE,0.20276810509909,FALSE,0.366547316460285,FALSE
"TCAGCGTGACCTTACC-1",0.197829860574031,FALSE,-0.493585472722754,FALSE,-0.924363533421748,FALSE
"TCAGCTACCAACTCCG-1",-0.0471040467496617,FALSE,-0.210359521543523,FALSE,-0.518288050654503,FALSE
"TCAGCTAGGATGTACT-1",0.776322348109923,FALSE,0.783278419582547,FALSE,0.240794899278815,FALSE
"TCAGCTATTAATCGCT-1",-0.5781866270678,FALSE,-0.398876895393165,FALSE,0.206690185732667,FALSE
"TCAGCTCGATGACTTC-1",-0.432185284690446,FALSE,-0.266520232417436,FALSE,-0.853658008689662,FALSE
"TCAGCTCGCCAGGATG-1",-0.234579327289369,FALSE,-0.184636858992223,FALSE,-0.55223438282708,FALSE
"TCAGGAATAGAACCTG-1",-0.898997646758485,FALSE,-0.754336938406107,FALSE,0.369280123161162,FALSE
"TCAGGAGCAACGGTCG-1",0.762284165508946,FALSE,0.622055014211934,FALSE,0.98701730954168,FALSE
"TCAGGATACACTACAA-1",1.40772379883308,FALSE,1.85470757072911,FALSE,1.11952538638727,FALSE
"TCAGTATGTAGGACAA-1",-0.662651890781607,FALSE,-1.0352136988769,FALSE,-1.00035765081136,FALSE
"TCAGTCATTGCAAGTG-1",-0.277942972196465,FALSE,-0.321907901767745,FALSE,-0.720664329181453,FALSE
"TCAGTCCAACGGAAGT-1",-3.77222013165802,TRUE,-3.97007357237922,TRUE,-1.6027471628468,FALSE
"TCAGTCCGGCGATTGG-1",0.77942161945594,FALSE,0.949491443648511,FALSE,-0.63326224518753,FALSE
"TCAGTCGAAGTATCTA-1",0.765144451003988,FALSE,0.718812108536878,FALSE,0.30926362132483,FALSE
"TCAGTCGCCAAGGTTG-1",-0.964015101506845,FALSE,-0.780767911827474,FALSE,-0.683720800133952,FALSE
"TCAGTCGTCACTGAGC-1",-2.83902823921987,FALSE,-1.72290357640721,FALSE,-0.824977717863847,FALSE
"TCAGTCGTGCCGGCAG-1",-2.33410624426801,FALSE,-1.94335744117798,FALSE,-0.873710463366256,FALSE
"TCAGTGAAGAGTTCTA-1",-0.597520494408588,FALSE,-0.499177029699772,FALSE,-0.335518918240558,FALSE
"TCAGTGCCAAGTAGCA-1",1.10790205932714,FALSE,1.0721605156937,FALSE,0.942825027833447,FALSE
"TCAGTGTAGGACGTCG-1",-2.24008762732398,FALSE,-2.02970010278405,FALSE,-0.723187417330471,FALSE
"TCAGTTCAGAATCTCG-1",0.660085254921749,FALSE,0.558186035952585,FALSE,-0.581501660119979,FALSE
"TCAGTTCTCCGGACCG-1",-0.595973430406249,FALSE,-0.492681959933438,FALSE,-0.684753022924427,FALSE
"TCAGTTGACAGTGCCA-1",1.42496748390726,FALSE,1.30779521841014,FALSE,0.662947850740059,FALSE
"TCAGTTGCAGTTCTTA-1",0.246336765621796,FALSE,0.447952264476216,FALSE,2.92563845059368,FALSE
"TCAGTTGCTAAGCCTA-1",0.0259567385748369,FALSE,0.0795440254673893,FALSE,-0.96629710192462,FALSE
"TCATAATTCGTGCAGA-1",-0.435103670090903,FALSE,-0.186503206094487,FALSE,-0.623832651193215,FALSE
"TCATACTGGTGAACCG-1",0.272697918642978,FALSE,0.367865104834557,FALSE,-0.208589734376744,FALSE
"TCATAGCTTCCAGTAC-1",0.91195198320382,FALSE,0.694349726174077,FALSE,0.991553310362044,FALSE
"TCATAGGTAGTGACGA-1",-0.681652930225195,FALSE,-0.511748369645626,FALSE,-0.43162548340209,FALSE
"TCATAGGTATTGCGTG-1",-0.66524922560004,FALSE,-0.830822755855936,FALSE,-0.288893570827654,FALSE
"TCATAGGTGAGTCGAC-1",0.228854293338995,FALSE,0.066571114173366,FALSE,0.0843828820259386,FALSE
"TCATAGTACTAGTTCA-1",-2.51129272783568,FALSE,-2.88941812960196,FALSE,-1.56518150081895,FALSE
"TCATCCACGTGGTCAC-1",-0.454669911857348,FALSE,-0.156738570521756,FALSE,-1.26751200508969,FALSE
"TCATCCATGCCAAGCG-1",-0.585495236163163,FALSE,-0.333668035513668,FALSE,-0.228090194171199,FALSE
"TCATCGCTGCGTATTG-1",0.29099391162513,FALSE,-0.0142359554262637,FALSE,-0.048364261857464,FALSE
"TCATCGCTGTGCAACA-1",-1.92376892544849,FALSE,-2.0418167696998,FALSE,-1.01678035030405,FALSE
"TCATCGGCCTGTGCGG-1",-0.515688530761967,FALSE,-0.354039034423246,FALSE,-0.0982092283053296,FALSE
"TCATCGGTCTCAGTTC-1",-1.61400523422283,FALSE,-1.40551187829877,FALSE,-0.296873077555064,FALSE
"TCATCGTTATGTATCT-1",-0.53568041464408,FALSE,-0.775034806125932,FALSE,-1.21136949419782,FALSE
"TCATCTATCCACGATT-1",-0.138516750136201,FALSE,-0.122845212235025,FALSE,-0.157386877580505,FALSE
"TCATCTCATGATACGT-1",-0.0541465122689116,FALSE,-0.0187615624196025,FALSE,-0.309283567688682,FALSE
"TCATCTCCAACCACCT-1",1.61322663448231,FALSE,1.22773436402761,FALSE,0.253726023342373,FALSE
"TCATCTCCAGCCGGTG-1",0.0111156199120714,FALSE,-0.288861323418732,FALSE,-0.287437251503631,FALSE
"TCATCTGCCGCTATTC-1",1.42528010743145,FALSE,1.23700886992483,FALSE,0.694060395528063,FALSE
"TCATCTTCCACGTATG-1",0.541407476813345,FALSE,0.661625510383067,FALSE,0.858308340525279,FALSE
"TCATCTTCGACACCGT-1",-0.366960164587039,FALSE,-0.184250858590149,FALSE,-0.471351590279498,FALSE
"TCATGAGGCTTGACGC-1",-1.14024823056926,FALSE,-1.12791188463257,FALSE,0.282845750441267,FALSE
"TCATGAGGTTGATATG-1",-1.49920774920007,FALSE,-0.714959135207847,FALSE,-1.80202610688115,FALSE
"TCATGAGTAAGACATC-1",-0.438166712076326,FALSE,-0.386260589863843,FALSE,-0.786231881699987,FALSE
"TCATGATTCACTCAGT-1",0.286311708037642,FALSE,0.620275444033749,FALSE,0.359269952773475,FALSE
"TCATGATTCTGATACT-1",-1.51615786845409,FALSE,-0.577536208027255,FALSE,-0.29995419184943,FALSE
"TCATGCAGCGCCTTCG-1",-0.0653568834886564,FALSE,-0.492341448672541,FALSE,-0.61357905460791,FALSE
"TCATGGTTCCGAACTT-1",1.06016438026308,FALSE,0.402639566614514,FALSE,0.0787441196469746,FALSE
"TCATTCACGCGAGCTC-1",-0.218333051866682,FALSE,-0.0607078019226733,FALSE,-0.612466583398243,FALSE
"TCATTCACTGTAATGG-1",0.18322920960089,FALSE,-0.089420989609329,FALSE,-1.22684583652969,FALSE
"TCATTCTGATGGTGCG-1",0.346353612530825,FALSE,0.480061935564661,FALSE,0.92510928235365,FALSE
"TCATTGATAGACTTGC-1",-0.588286662424168,FALSE,-0.347084911241485,FALSE,-0.512989630442684,FALSE
"TCATTGATAGGTGGAA-1",-0.111064189283564,FALSE,0.0112374243060557,FALSE,-0.598467167952784,FALSE
"TCATTGCAAGTGCTCA-1",0.686318867844203,FALSE,0.696573998497181,FALSE,-0.430598867635006,FALSE
"TCATTGGCGACCGACG-1",-0.42892007997346,FALSE,-0.380693601337666,FALSE,-0.98390882743084,FALSE
"TCATTGTTCAATGCGT-1",-0.319204704387482,FALSE,-0.212813145320488,FALSE,-0.444369184952548,FALSE
"TCCAACATGACCGGTC-1",0.65484021012554,FALSE,0.625653002394274,FALSE,1.4607484546206,FALSE
"TCCAACGAAGATGCTT-1",-0.829624903258983,FALSE,-0.675005809683607,FALSE,-0.662104391783613,FALSE
"TCCAACGCGACGTTGG-1",-1.79467851165283,FALSE,-2.33078795929533,FALSE,-0.705144288506615,FALSE
"TCCAACGTGGTTGTTC-1",0.102550443072645,FALSE,0.466219544044884,FALSE,0.0921373903596333,FALSE
"TCCAACTAAGACTCCA-1",0.400651367220704,FALSE,0.180153605230767,FALSE,0.0023152329972309,FALSE
"TCCAACTGAATAAGGT-1",0.0977060637260702,FALSE,0.461093578104342,FALSE,0.8115203799803,FALSE
"TCCAACTGCCGCCATA-1",0.599071051849336,FALSE,0.279194527745099,FALSE,0.833131960220508,FALSE
"TCCAACTGGCTGAAGA-1",0.260499345509431,FALSE,0.588245772967749,FALSE,0.48654689523388,FALSE
"TCCAAGACCGCTTGAT-1",-0.316399895605225,FALSE,-0.107110751806887,FALSE,0.20797305174243,FALSE
"TCCAATAACGTGCTAG-1",0.131791881177322,FALSE,0.107871963487937,FALSE,0.0573920843088148,FALSE
"TCCAATACTATCTGTT-1",0.767303040845548,FALSE,1.12351447090101,FALSE,0.0422466526292303,FALSE
"TCCAATACTGGAGCGT-1",0.375737377696651,FALSE,0.0902239535976577,FALSE,-0.153020951410622,FALSE
"TCCAATCCAGATACAT-1",0.528860136684835,FALSE,0.618205379796682,FALSE,0.374459913957538,FALSE
"TCCAATCTAACACGCA-1",0.761332139866256,FALSE,0.390532884339885,FALSE,0.156477837480562,FALSE
"TCCAATTAGCAATCAA-1",0.801707184242663,FALSE,0.959208858721356,FALSE,1.87374298714207,FALSE
"TCCAATTGGTTACAGT-1",-0.937560519475023,FALSE,-1.50531818421245,FALSE,-1.04399305609043,FALSE
"TCCACCAAGTGACGAA-1",-0.772642290671137,FALSE,-0.918111421162428,FALSE,-0.157180551323178,FALSE
"TCCAGAGGCAAGAACT-1",-0.194256162299951,FALSE,-0.266948449945679,FALSE,-0.0416638058180176,FALSE
"TCCAGATCGGTCGAGT-1",-2.70848583645745,FALSE,-3.01233276844662,TRUE,-0.360546592278333,FALSE
"TCCAGCTCTGCTATAG-1",-0.990072093345295,FALSE,-1.00033020922801,FALSE,-0.358430043071039,FALSE
"TCCAGTACCGAGCGCA-1",-0.838367340630838,FALSE,-0.414517679516597,FALSE,-0.606014713508999,FALSE
"TCCAGTACGTGCTATG-1",0.16229629810702,FALSE,0.230895095881077,FALSE,0.658590959601663,FALSE
"TCCAGTCAGTACATTA-1",0.50536578197845,FALSE,0.597268090568199,FALSE,1.002250623675,FALSE
"TCCAGTGATGCGTATC-1",0.710749460564778,FALSE,0.556804298233086,FALSE,1.08933739281078,FALSE
"TCCAGTGATTGGTGCT-1",1.11099926908479,FALSE,1.17192594096569,FALSE,1.23854702363205,FALSE
"TCCAGTTGAAGTAGCA-1",-1.0443158858968,FALSE,-0.711042743109934,FALSE,-0.926711485434569,FALSE
"TCCAGTTGTACCTGTC-1",-0.105441150948722,FALSE,0.323636002458523,FALSE,0.993985639565794,FALSE
"TCCATAGCGACTCAGT-1",-0.73050071456141,FALSE,-0.5072976632012,FALSE,-0.573235935997432,FALSE
"TCCATCGGCTAGACGA-1",-0.372353111418093,FALSE,-0.276189007540171,FALSE,-0.0370179268000708,FALSE
"TCCATGATGTGATCAA-1",-1.33241750518115,FALSE,-0.668271569201866,FALSE,3.21754280404466,TRUE
"TCCATGCGTCCACCAG-1",-1.3864449584953,FALSE,-0.904189022854344,FALSE,0.270328761464335,FALSE
"TCCATGCGTCGGTTAC-1",-1.5242651125824,FALSE,-0.994318223293754,FALSE,0.696113595970511,FALSE
"TCCATGTCGGACCGAC-1",-0.699118578716921,FALSE,-0.421556093872551,FALSE,0.159665154603641,FALSE
"TCCGAACATAGTCTGA-1",-0.941191572473537,FALSE,-0.712932171191713,FALSE,-0.233075137655474,FALSE
"TCCGAACCTCAACCAT-1",0.649254863722588,FALSE,0.694521139053855,FALSE,0.703900100926682,FALSE
"TCCGAAGTGACAGGCT-1",-1.98906968967535,FALSE,-2.17109853326168,FALSE,-0.241045624445499,FALSE
"TCCGAATACTCGCTGG-1",-0.284398692700046,FALSE,-0.443431437122154,FALSE,0.1194727938099,FALSE
"TCCGAATAGAAGCACC-1",-0.169654573218706,FALSE,-0.251621419455445,FALSE,0.000946870902201536,FALSE
"TCCGAATCATGTTGTC-1",0.232740899389998,FALSE,-0.122247945268005,FALSE,0.214174628470444,FALSE
"TCCGAATCGCAGGTTC-1",0.376342106701937,FALSE,0.549703767703665,FALSE,0.355498822076939,FALSE
"TCCGACCGCAAGTCCT-1",1.75311734848956,FALSE,0.686322903708294,FALSE,-0.466413851201954,FALSE
"TCCGAGTACGACTTAG-1",-0.284149268190102,FALSE,-0.17491552373506,FALSE,-0.260693095042767,FALSE
"TCCGATGCGTATCCGG-1",0.154558381292864,FALSE,0.361825405353,FALSE,0.313620987150342,FALSE
"TCCGCCAACATTGCTC-1",0.572308507396201,FALSE,0.363387888671532,FALSE,0.65072540388875,FALSE
"TCCGCCAAGGTCCGTT-1",0.169153804505146,FALSE,-0.092169237062534,FALSE,-0.733580743789988,FALSE
"TCCGCCAGTGATTAAT-1",-0.91678758875424,FALSE,-0.99323961929046,FALSE,-0.60496748333426,FALSE
"TCCGCCGGTCTATTCA-1",-0.0516108562550202,FALSE,0.364010341375663,FALSE,-0.555629633094322,FALSE
"TCCGCCTTGTTCTGAT-1",-1.13229510208287,FALSE,-0.968862199876801,FALSE,-0.382286053102512,FALSE
"TCCGGCTATGCTCAGT-1",-0.443468553221844,FALSE,-0.102238446345511,FALSE,0.165267166262966,FALSE
"TCCGGCTCTATGGACA-1",0.253702310234791,FALSE,0.394567462447145,FALSE,0.639605777215008,FALSE
"TCCGGTACGTGGCCTC-1",-1.65917708035058,FALSE,-0.84284006977165,FALSE,-0.509057858080841,FALSE
"TCCGGTTCCGTTCTAG-1",-0.85608633199512,FALSE,-0.858931059131936,FALSE,0.433107552292045,FALSE
"TCCGTACTATCCTGCT-1",-0.146265589762176,FALSE,-0.0131223686808576,FALSE,0.900036499359986,FALSE
"TCCGTCATAAGATGAC-1",0.396551233355598,FALSE,0.333397975382094,FALSE,0.108626780373215,FALSE
"TCCGTCCACTCGGAGC-1",-0.387745075897468,FALSE,-0.582022609368014,FALSE,-0.801090506094079,FALSE
"TCCGTCGGTACAAGTT-1",0.912316011294868,FALSE,1.10616319032157,FALSE,-0.611984782680593,FALSE
"TCCGTGTCTTACATAA-1",-0.801562811744666,FALSE,-1.18639507152394,FALSE,-1.12749349749592,FALSE
"TCCGTGTTCTGTTCTG-1",-0.408105325887968,FALSE,0.0300515235235878,FALSE,-0.195004877487181,FALSE
"TCCGTTGGAGCTCACT-1",-0.351292328249341,FALSE,-0.379043233558285,FALSE,-0.217757243244802,FALSE
"TCCGTTGGTTCACTCG-1",-0.328869996986073,FALSE,0.109997432379648,FALSE,1.26764236302587,FALSE
"TCCTAAGCTTAGGTTA-1",-3.71934837757918,TRUE,-3.66459692766418,TRUE,-1.11658919641542,FALSE
"TCCTAATTGCGGCCTG-1",0.216411471712982,FALSE,0.140018011659605,FALSE,-0.80738058845502,FALSE
"TCCTAATTGCTCAACG-1",1.16619058847939,FALSE,1.15022782850631,FALSE,2.8535183750951,FALSE
"TCCTACAAGCTCGAAC-1",-0.578836848101144,FALSE,-0.232776088425259,FALSE,0.0140669797545654,FALSE
"TCCTACCGATCGTGGC-1",0.0259435720036678,FALSE,0.0939569938037974,FALSE,0.120517739617604,FALSE
"TCCTACGTAAGCCAGA-1",0.586803132497266,FALSE,0.534742110373053,FALSE,0.702946258006044,FALSE
"TCCTAGGTATCTGATG-1",-0.359515438330498,FALSE,-0.478670145300445,FALSE,-0.282460415233314,FALSE
"TCCTATCCTCGAATCA-1",0.207121487349833,FALSE,0.215199093120168,FALSE,0.332037444214121,FALSE
"TCCTATCCTGTCAATA-1",0.0633571549202641,FALSE,-0.101302675125235,FALSE,-0.064274369518346,FALSE
"TCCTATGAGGATTGTT-1",-1.15841641177376,FALSE,-1.26189749039032,FALSE,0.203816497572708,FALSE
"TCCTATTGACTGTTGA-1",-0.838702976589625,FALSE,-0.78417852554894,FALSE,-1.48744891675636,FALSE
"TCCTCAAGCGAGGTCC-1",0.0894783896026592,FALSE,0.327432237078343,FALSE,0.383093755896132,FALSE
"TCCTCAATGAGGAACG-1",-0.316029764553091,FALSE,-0.287497725071945,FALSE,-0.33327561220679,FALSE
"TCCTCAATGCTAAGGC-1",-0.406440536721742,FALSE,-0.261651118189272,FALSE,-0.0530557451193205,FALSE
"TCCTCACGTGTAGACG-1",-1.86059167447924,FALSE,-1.55945364489207,FALSE,-0.169972670201474,FALSE
"TCCTCAGTCGGATGCG-1",0.456003775582747,FALSE,0.247457338758591,FALSE,0.758143944433453,FALSE
"TCCTCATCGTGCTGGA-1",-0.236783046783469,FALSE,-0.13634402301054,FALSE,-0.442185044793163,FALSE
"TCCTCATGGCACCGTT-1",0.289314309261586,FALSE,-0.0564033240582089,FALSE,0.62084844698039,FALSE
"TCCTGAAGCGTGCACT-1",-1.05612517558125,FALSE,-1.18875220553762,FALSE,-0.414434894232795,FALSE
"TCCTGACACTTCACGG-1",-0.306310729378039,FALSE,-0.702378957424291,FALSE,-1.01249883909889,FALSE
"TCCTGATAAGTGCCGT-1",0.283535378326373,FALSE,0.405074917773127,FALSE,0.43325473297031,FALSE
"TCCTGCCGTGTCTAAG-1",-1.62709050526689,FALSE,-1.22649346827423,FALSE,-0.757706346115584,FALSE
"TCCTGGTGCGAGGCCT-1",-0.346568358323735,FALSE,-0.259263327402698,FALSE,-1.00887679899708,FALSE
"TCCTGGTGGCAATAGC-1",-1.43802521178667,FALSE,-0.868418872685319,FALSE,-0.449537019134527,FALSE
"TCCTTACTCGCAATGA-1",0.785485861320102,FALSE,0.393111111996329,FALSE,0.102211476456397,FALSE
"TCCTTCCAACCGCAAC-1",-0.045133850382293,FALSE,-0.111390396222685,FALSE,-0.552286579958619,FALSE
"TCCTTGAACAGGACCA-1",0.355773502271549,FALSE,0.733976634541733,FALSE,0.18839389500981,FALSE
"TCCTTGGCTCAAGAGT-1",0.84058982610964,FALSE,0.591161179659037,FALSE,-0.319972313748841,FALSE
"TCGAACAGGTTGCACG-1",-0.701675060996633,FALSE,-0.734598519707986,FALSE,-0.632848336955477,FALSE
"TCGAATCTTGCGTTAC-1",0.00367434840470697,FALSE,0.162254876970246,FALSE,0.235150630546505,FALSE
"TCGAATGGTTCCACGC-1",-0.460741601494943,FALSE,-0.545625901030492,FALSE,-0.40007705563711,FALSE
"TCGAATTAGTTACTCC-1",-0.957487618741007,FALSE,-0.584203720642276,FALSE,-0.568670433419572,FALSE
"TCGAATTGTACACTAT-1",1.20822124694186,FALSE,1.0840013842437,FALSE,1.01109738384683,FALSE
"TCGACCAATCCGGTTG-1",-0.190693793147047,FALSE,-0.185585543012081,FALSE,-0.735830286967946,FALSE
"TCGACGAAGAGCAAGT-1",0.380293439604543,FALSE,-0.0813529303964572,FALSE,1.6108500750157,FALSE
"TCGACGAAGCAGCTCA-1",0.0310630954097407,FALSE,0.14137431532213,FALSE,0.696258331213963,FALSE
"TCGACTCAGGTTAACC-1",-0.232070763845492,FALSE,-0.103478204353653,FALSE,0.28707417264214,FALSE
"TCGACTGCAATTCTCG-1",0.959794454493227,FALSE,1.02072192864973,FALSE,0.225952359414059,FALSE
"TCGACTTATTAATCCT-1",0.429519541780635,FALSE,0.427671577548942,FALSE,0.880867634347369,FALSE
"TCGAGCTGGTTGCCGA-1",-0.12992917059809,FALSE,-0.385351864634085,FALSE,-0.215655263364694,FALSE
"TCGAGTGGTAGGTCAC-1",0.286134900198495,FALSE,0.388477583996686,FALSE,-0.572562486181745,FALSE
"TCGATAGGAGCTGCAG-1",0.0068596529898774,FALSE,0.108788669386465,FALSE,0.35098588633604,FALSE
"TCGATATTAGACATAC-1",-0.128838435175877,FALSE,0.444876218214437,FALSE,0.199496404434926,FALSE
"TCGATATTGTCCTAAC-1",0.0248203900483347,FALSE,-0.0439346534531393,FALSE,0.968912964612453,FALSE
"TCGATCCAACGTCCTT-1",-0.298697694601084,FALSE,-0.420027438580963,FALSE,-0.741654690548109,FALSE
"TCGATCCAGTCTGTAG-1",-0.723647702681823,FALSE,-1.10309047490823,FALSE,-0.756815146364851,FALSE
"TCGATCGCACCTAATC-1",-1.46398442849924,FALSE,-1.12624427232534,FALSE,0.603399510743169,FALSE
"TCGATCGTATAACGAC-1",-0.517947353636286,FALSE,-0.179863933385622,FALSE,-0.116723662435436,FALSE
"TCGATCGTGAGGCGCC-1",-0.616149675515105,FALSE,-0.610252631129788,FALSE,-0.908936516201102,FALSE
"TCGATCGTTGTCTGAA-1",0.29598006220661,FALSE,0.107305187531195,FALSE,0.40706186373292,FALSE
"TCGATCTAATGTTAGT-1",0.186401080234377,FALSE,-0.383316579346407,FALSE,1.00288709419187,FALSE
"TCGATCTAGCCGATTC-1",-0.6345075619741,FALSE,-0.209775226272438,FALSE,-0.754731309681735,FALSE
"TCGCAATAGTGACGCA-1",0.294186882921967,FALSE,0.271760433331431,FALSE,-0.136355160897115,FALSE
"TCGCAATGATAGTTCA-1",-0.410356705124428,FALSE,-0.511876917339584,FALSE,-0.00648396215604324,FALSE
"TCGCACGATTCGGTGG-1",0.184422519593947,FALSE,0.370644642645577,FALSE,-0.520948247520511,FALSE
"TCGCACTCTTGGACAG-1",0.759773494262531,FALSE,0.585691379722088,FALSE,1.57009931820093,FALSE
"TCGCACTGCTGTGCTC-1",-1.16710986825567,FALSE,-1.09720533037791,FALSE,0.0750019008364137,FALSE
"TCGCACTGTACGGCGA-1",0.382972209988114,FALSE,0.2801939003202,FALSE,0.500909096514231,FALSE
"TCGCACTTACTGAAGT-1",-0.00575733887197185,FALSE,-0.459962012936951,FALSE,1.33873323461579,FALSE
"TCGCACTTCAGTGACA-1",-1.58735665824682,FALSE,-2.40298893095305,FALSE,-0.936895109689412,FALSE
"TCGCACTTGGTCCGTC-1",-0.468536240453774,FALSE,-0.863103507660708,FALSE,-2.37172001179583,FALSE
"TCGCCAGGCATGCCTC-1",-1.15500224028594,FALSE,-1.32186433455514,FALSE,0.603052678656366,FALSE
"TCGCCGGAAGGCAGGA-1",-0.135206562160279,FALSE,-0.413439689707618,FALSE,0.950364075587852,FALSE
"TCGCCGTATCATGCTT-1",-0.362801005027282,FALSE,-0.313390969298423,FALSE,-0.23421857727583,FALSE
"TCGCCGTTGTTACAAG-1",-0.653249581669321,FALSE,-1.09396813569416,FALSE,-0.980719508653702,FALSE
"TCGCCTAATGACCGGT-1",0.928502044125061,FALSE,0.751469558642374,FALSE,1.56395563909967,FALSE
"TCGCCTAGATAATTAA-1",-0.626984219006228,FALSE,-0.926275943399544,FALSE,-0.672438056110265,FALSE
"TCGCCTATCGACTCCT-1",-0.349133763479421,FALSE,-0.0706646118510315,FALSE,-0.239099619982027,FALSE
"TCGCCTGACGGCCACT-1",0.388386311562818,FALSE,0.820010731899659,FALSE,1.83948164223635,FALSE
"TCGCCTGCGTGCGTGG-1",0.33025393515701,FALSE,0.232055074736648,FALSE,1.01600208674212,FALSE
"TCGCCTGCTATCAGTC-1",-0.171428937550561,FALSE,-0.0584935648909543,FALSE,-0.0378820772199118,FALSE
"TCGCCTGGTGGATTCT-1",1.08069227813342,FALSE,1.01701908914894,FALSE,1.46345686062042,FALSE
"TCGCGACGTGGTAAGT-1",-0.16856939776205,FALSE,-0.107494116584586,FALSE,-0.563873839703774,FALSE
"TCGCGGAAGCACCACG-1",1.49135420917128,FALSE,1.64130057411692,FALSE,2.08876626676723,FALSE
"TCGCGGAGTACAACCA-1",-1.24364481607638,FALSE,-1.04769262747696,FALSE,-0.785750728649119,FALSE
"TCGCGGAGTTAGACTT-1",-0.166799420112239,FALSE,-0.212370828147381,FALSE,0.594555063153902,FALSE
"TCGCGGTCCGGATCAG-1",-0.107184518571517,FALSE,-0.397347922145216,FALSE,0.901800022840922,FALSE
"TCGCGTTACGCAGAAT-1",0.0057640810714262,FALSE,0.123906265221206,FALSE,-0.589930110550807,FALSE
"TCGCTTACTCGCAAGT-1",-0.455678833997676,FALSE,-0.420817447400184,FALSE,-0.57807556850348,FALSE
"TCGGAACGTCTGCAAG-1",-0.13560920769553,FALSE,-0.1713653277028,FALSE,-0.383231837827979,FALSE
"TCGGAATCAGCCTAAC-1",0.00761093106368026,FALSE,0.0124493823371722,FALSE,2.00182859260487,FALSE
"TCGGACATTCTATGAG-1",0.552121248382051,FALSE,0.643935288126044,FALSE,0.680383397076315,FALSE
"TCGGACCAACCATACA-1",0.460684413172093,FALSE,0.822228549113135,FALSE,5.1918506585202,TRUE
"TCGGACCAGATTCAAT-1",0.309053716782161,FALSE,0.439101522457302,FALSE,-0.245336309739042,FALSE
"TCGGACCAGGATCGCC-1",-0.293230903821735,FALSE,-0.245682156333809,FALSE,-0.478073117646813,FALSE
"TCGGACGTTGCCTCAG-1",-0.687802416063782,FALSE,-0.691227591079552,FALSE,-0.305442642328479,FALSE
"TCGGACTGCCACCTCC-1",0.257256758272314,FALSE,0.457506704609482,FALSE,-0.324949093485731,FALSE
"TCGGAGCGTTACCTCG-1",0.225145077658414,FALSE,0.563024777393725,FALSE,0.467229867317733,FALSE
"TCGGAGCTGAGTCGGA-1",0.842422765983181,FALSE,1.23656454202615,FALSE,1.17121850468865,FALSE
"TCGGAGGCTGTAGTTG-1",0.554768903003899,FALSE,0.537796842786845,FALSE,0.924253493129536,FALSE
"TCGGAGTGGTACTTGC-1",-0.975124101881588,FALSE,-0.261278452721008,FALSE,-0.608312728476754,FALSE
"TCGGAGTTGTCTTGTT-1",-0.387745714283634,FALSE,0.26041450786947,FALSE,0.0418350866331876,FALSE
"TCGGCACTGGCGCCGA-1",-3.31436487875411,TRUE,-3.9869305162836,TRUE,-1.87540597905846,FALSE
"TCGGCGCAGAATGTCT-1",0.482888427309853,FALSE,0.388719092876163,FALSE,-0.101356946669125,FALSE
"TCGGCGCAGATAGATA-1",0.501182213485197,FALSE,0.404945525397573,FALSE,0.568867295908433,FALSE
"TCGGCGCTATCACGTG-1",0.53645409901016,FALSE,0.72841414028268,FALSE,3.19586437278312,TRUE
"TCGGCGGAACATACGC-1",-0.90353841922265,FALSE,-0.467392897318975,FALSE,-0.193144433928415,FALSE
"TCGGTAATTACGTGGA-1",-0.0295853705343802,FALSE,-0.0441224656212925,FALSE,0.413302677506678,FALSE
"TCGGTAGGCATCACGC-1",-0.42577108936535,FALSE,-0.139617411848169,FALSE,0.391854843300012,FALSE
"TCGGTATCGTAATTGG-1",0.19518279155431,FALSE,0.378765723316489,FALSE,0.123790229319103,FALSE
"TCGGTATCTAGTATAC-1",0.198756024459349,FALSE,0.130048677325388,FALSE,-0.662811160906673,FALSE
"TCGGTGATCGCCGGCC-1",-0.534808352232341,FALSE,-1.17137716971923,FALSE,1.27261036687386,FALSE
"TCGGTGTCAACAGGCA-1",-0.200336901811722,FALSE,-0.35621731927692,FALSE,-0.801456764586105,FALSE
"TCGGTGTCTAACCAAG-1",0.253040934500404,FALSE,0.447067066714262,FALSE,1.17437584578435,FALSE
"TCGTAAGGCGTTCAGG-1",-0.0469331504445169,FALSE,-0.288466314610045,FALSE,-0.395340719293782,FALSE
"TCGTATACAAGACGAG-1",0.517469362914378,FALSE,0.180341148546094,FALSE,-0.324356418118679,FALSE
"TCGTATAGGAGCCTAT-1",-2.5563160953366,FALSE,-2.09828660103016,FALSE,-0.597772543553611,FALSE
"TCGTATCAACAGCACC-1",0.260541909730198,FALSE,0.450281155776381,FALSE,1.33953961958765,FALSE
"TCGTATCACGTTATGA-1",-1.22702428146452,FALSE,-1.26745580700803,FALSE,-0.658761253696868,FALSE
"TCGTATGCCGGACGTT-1",-0.263823258240886,FALSE,-0.142629255476247,FALSE,-0.974860754713636,FALSE
"TCGTATGTCGTGCCTA-1",0.632873871703443,FALSE,0.727670672807696,FALSE,0.476805494630872,FALSE
"TCGTATGTGGCCATTA-1",0.220786749077388,FALSE,1.03834773962916,FALSE,0.33481955740287,FALSE
"TCGTATTAGATCCGGT-1",1.07178306879826,FALSE,1.10507599581436,FALSE,3.25179135290027,TRUE
"TCGTATTCTGAGTGGC-1",-1.32838064010361,FALSE,-0.997854119764173,FALSE,0.512050076790598,FALSE
"TCGTCAAGCCTAATCT-1",-0.225040973938932,FALSE,0.0777355300772434,FALSE,1.08588971576377,FALSE
"TCGTCAAGTCCAGGTT-1",-0.657894093332695,FALSE,-0.545452458047289,FALSE,-0.526881344259452,FALSE
"TCGTCACGATGTTCGA-1",0.43120731021618,FALSE,0.380593246270707,FALSE,1.37579055513826,FALSE
"TCGTCAGAACAGCCAG-1",0.418832014800597,FALSE,0.384727005527007,FALSE,0.738734041896184,FALSE
"TCGTCATCGTACCAAT-1",-0.163935054322851,FALSE,-0.256559396198146,FALSE,0.256245549236656,FALSE
"TCGTCCAGCATGGCTT-1",0.214584708732089,FALSE,-0.191900282463195,FALSE,-0.931139432182558,FALSE
"TCGTGCCTCGGTAGTT-1",-0.0643010916439532,FALSE,-0.0113243569852741,FALSE,0.287522107792074,FALSE
"TCGTTAGCCAGGCCAG-1",-0.37172416516837,FALSE,-1.11751921078064,FALSE,0.82959919778069,FALSE
"TCTAACAAGCCAATCC-1",0.488178111391247,FALSE,0.0305243536585088,FALSE,-0.0259155823335531,FALSE
"TCTAACTCTATGTTCT-1",-1.24139001883029,FALSE,-0.578554005219698,FALSE,-0.162848473049508,FALSE
"TCTACAACTGGAACTT-1",0.436575262936786,FALSE,0.483743923761399,FALSE,0.16495999461604,FALSE
"TCTACACTAATTACTC-1",0.2864085712057,FALSE,0.633337845794237,FALSE,-0.247394189832328,FALSE
"TCTACACTCCGGCTCC-1",0.269956775499656,FALSE,0.518232228573758,FALSE,2.30370086170049,FALSE
"TCTACACTGAGCTTCT-1",-0.0916553251815827,FALSE,-0.0918630211923498,FALSE,0.2695885991194,FALSE
"TCTACAGCACCGAACC-1",-0.685454164689136,FALSE,-0.586217601680487,FALSE,-0.839088361544501,FALSE
"TCTACAGCACGTCCGA-1",-1.33878411301365,FALSE,-1.72489924648769,FALSE,-0.677285796076304,FALSE
"TCTACAGCTGAATCAA-1",-1.70537682389655,FALSE,-1.93939552820465,FALSE,0.681952247074012,FALSE
"TCTACAGGTACGCAGT-1",0.0859645708522919,FALSE,0.247734841224834,FALSE,0.190541307199853,FALSE
"TCTACATAGACGTGAG-1",0.547523933342642,FALSE,0.775633810382417,FALSE,1.37410359061663,FALSE
"TCTACATGAACTATAC-1",0.773645670586729,FALSE,0.771822200731235,FALSE,0.991409126253752,FALSE
"TCTACATGAATCTGAT-1",-0.691752347556659,FALSE,-0.755448387369838,FALSE,-0.322365843333898,FALSE
"TCTACATGTCCGACTT-1",1.19364889065706,FALSE,1.08266566976981,FALSE,0.830433665964722,FALSE
"TCTACATTCGATCGCC-1",0.195203100800078,FALSE,-0.169612393151069,FALSE,0.116223874445911,FALSE
"TCTACATTGGAGTAAT-1",0.601336632124081,FALSE,0.760505550376608,FALSE,0.140507897097346,FALSE
"TCTACCGGTCAATAGC-1",-0.56361089081441,FALSE,-0.736020968683561,FALSE,-0.478767787253554,FALSE
"TCTACTCCGACTCGGC-1",-1.30315938962572,FALSE,-1.15112010794553,FALSE,-0.833274935381525,FALSE
"TCTACTCGTTCATCGC-1",-0.80335273406426,FALSE,-0.895641166981577,FALSE,-0.889114160958188,FALSE
"TCTACTGTCTCAATGA-1",0.947154491330912,FALSE,0.674489750196082,FALSE,0.932289575041432,FALSE
"TCTACTTAACCGGCCT-1",-2.99406101571659,FALSE,-2.65307537271878,FALSE,-0.810780627007546,FALSE
"TCTACTTAGGTTCTTA-1",-0.484772523046074,FALSE,-1.14595127255536,FALSE,-0.0889758993376825,FALSE
"TCTACTTAGTATTAGT-1",-0.40730786975331,FALSE,-0.464137517496041,FALSE,0.473356892904096,FALSE
"TCTACTTCACCGTGGA-1",0.835223556112969,FALSE,1.95823171737256,FALSE,2.68831629702861,FALSE
"TCTAGAACTTCTTGCA-1",-0.206816876404852,FALSE,-0.43756814046334,FALSE,1.24194375186184,FALSE
"TCTAGAATTGCGGTTG-1",-0.518994312868493,FALSE,-0.528231972785142,FALSE,-0.395287485878358,FALSE
"TCTAGACGGTGGCTGA-1",-0.23617464586644,FALSE,0.139839652028182,FALSE,0.637121984006854,FALSE
"TCTAGAGTCTCCACGC-1",-0.223740764141593,FALSE,0.179152070852433,FALSE,0.52288960097491,FALSE
"TCTAGATAAGGTTAGC-1",0.171098514452544,FALSE,0.166222567651319,FALSE,0.425846249800408,FALSE
"TCTAGCAGCGGATCAG-1",-1.34910554914669,FALSE,-0.955089490544618,FALSE,-0.481747317987328,FALSE
"TCTAGCGGAATGGATC-1",0.790560854837374,FALSE,1.06754627715894,FALSE,1.82070729796218,FALSE
"TCTAGCTCCGAGGACC-1",-0.573208735815906,FALSE,-0.117164886184296,FALSE,-0.109828270916026,FALSE
"TCTAGCTTATTCGCCA-1",-2.1930797209175,FALSE,-2.07814100629631,FALSE,-0.789620978237436,FALSE
"TCTAGGCGGAAGGCAC-1",0.330595280998486,FALSE,0.280271246880321,FALSE,0.297534817899494,FALSE
"TCTAGGCTTAAGACTG-1",-0.438663830182771,FALSE,-0.200703234774037,FALSE,-0.388922793677671,FALSE
"TCTATGATCGGTGCCT-1",-0.292263741410944,FALSE,-0.468260869740445,FALSE,-1.91970837775461,FALSE
"TCTATTCCTTCCGGAA-1",2.21043156312275,FALSE,2.7501973869043,FALSE,0.584660979854001,FALSE
"TCTATTCTGCATTGGC-1",0.349205107931188,FALSE,0.330521492420648,FALSE,0.633527724798945,FALSE
"TCTATTGATGCATGCC-1",-0.236994999442493,FALSE,-0.236772383440657,FALSE,-0.124505240517983,FALSE
"TCTATTGGCTTCGATC-1",-2.38511449996505,FALSE,-1.71431281636663,FALSE,-0.997099530443186,FALSE
"TCTGAGCGTAATTGTC-1",-1.21311140484988,FALSE,-0.778614519892035,FALSE,-0.625836880979779,FALSE
"TCTGAGTCAGATCTTG-1",0.284621258302384,FALSE,0.27373191453581,FALSE,-0.0178146412292331,FALSE
"TCTGATCATAATGATT-1",0.240579933878993,FALSE,0.0927535971564705,FALSE,0.535107770155546,FALSE
"TCTGCAAGGACGGCAA-1",0.0277193518881642,FALSE,-0.00348033926829764,FALSE,-0.0225599241916475,FALSE
"TCTGCAATTCACAAGA-1",-1.10001883683836,FALSE,-0.515373667911182,FALSE,-0.578226548563414,FALSE
"TCTGCCTGGATGTCAG-1",0.312604540048186,FALSE,-0.267840857324241,FALSE,2.27116485902112,FALSE
"TCTGCGAGGTGCACGT-1",0.314914559151149,FALSE,-0.198150790668204,FALSE,-0.570046430248192,FALSE
"TCTGCGCTTGCAGATA-1",-0.830233942514249,FALSE,-0.689562146848508,FALSE,1.19679451499312,FALSE
"TCTGCGTGCTATTCTA-1",-0.497962139633669,FALSE,-0.560335888925407,FALSE,-0.415425674876693,FALSE
"TCTGCGTGCTTCAGAC-1",-0.643700092341686,FALSE,-0.542055689655298,FALSE,-0.375493035379817,FALSE
"TCTGGATATTAACCTA-1",-0.761392815427129,FALSE,-0.578422994171153,FALSE,0.448480795073672,FALSE
"TCTGGTAATCGTCCAA-1",0.353719191632502,FALSE,0.312361815239944,FALSE,-0.205124876634464,FALSE
"TCTGGTATCTGTAGCC-1",0.705245556020109,FALSE,0.312121461966285,FALSE,1.03835805266611,FALSE
"TCTGGTCACTATCTGT-1",0.86588627219757,FALSE,0.666232798395671,FALSE,0.881380974691506,FALSE
"TCTGGTCCTCCACTGT-1",-0.785921744549701,FALSE,-0.885759885957889,FALSE,-0.543542816277317,FALSE
"TCTGTACGCTGTCCTC-1",0.470872343756006,FALSE,0.661914517565307,FALSE,0.904371335811921,FALSE
"TCTGTCACCGTTAATA-1",-0.726153917517588,FALSE,-0.494036926476644,FALSE,0.450830048346284,FALSE
"TCTTACATTACTTCGC-1",0.00359814638213643,FALSE,-0.307478025540741,FALSE,-0.6406880727973,FALSE
"TCTTACCATTCTAAGC-1",-0.399678057881155,FALSE,-0.277731073610151,FALSE,0.129439357371237,FALSE
"TCTTACCGCACTGAAT-1",0.771610912660978,FALSE,1.00369372364382,FALSE,0.937430365224587,FALSE
"TCTTACCGCTCGTATG-1",-0.362708624319414,FALSE,0.319079460280114,FALSE,0.767006193698892,FALSE
"TCTTACCGGATCCGCT-1",0.0201838151602579,FALSE,0.541399202654346,FALSE,-0.123778881724224,FALSE
"TCTTACGAATCAGTGC-1",-0.541227768964946,FALSE,-0.654290187364689,FALSE,1.37302772412277,FALSE
"TCTTACGAGGAATAAG-1",-0.235030634780534,FALSE,-0.0950159362698469,FALSE,0.0820071056471613,FALSE
"TCTTACGAGGCCGACA-1",2.1283785061195,FALSE,0.907993308385791,FALSE,-0.168936493169618,FALSE
"TCTTACGGCCGCAACA-1",0.0369965053977957,FALSE,0.330434838111864,FALSE,-0.71190179405187,FALSE
"TCTTACTCTGTATGCG-1",-0.0920236278544636,FALSE,0.0334295211467446,FALSE,0.826937900236294,FALSE
"TCTTACTGAGACTAGT-1",-0.336005803102817,FALSE,-0.487592031705994,FALSE,-0.147402474786053,FALSE
"TCTTAGATGCCTCCGA-1",0.729506440959338,FALSE,0.905917384574873,FALSE,0.878349824537949,FALSE
"TCTTAGGCCTGGCGTA-1",-0.884480175100911,FALSE,-0.82776389157191,FALSE,-0.459658534092857,FALSE
"TCTTAGGCGACAGTCA-1",-1.36224138512321,FALSE,-1.8431043034606,FALSE,-1.21623662133429,FALSE
"TCTTAGTCGCGGCAGA-1",0.298164834434214,FALSE,0.665951905256891,FALSE,-0.44722204367375,FALSE
"TCTTAGTCGTCTCGGC-1",-0.886411165099102,FALSE,-0.464732230116481,FALSE,-0.343431385491297,FALSE
"TCTTCGAACAGCGTTA-1",0.784676438525964,FALSE,1.35856527203578,FALSE,-0.0764342633580297,FALSE
"TCTTCGAATTGTATAC-1",-1.16398902804009,FALSE,-1.22194555640904,FALSE,0.360378545813722,FALSE
"TCTTCGCCATTCGAAT-1",-0.558203953279337,FALSE,-0.598164781642425,FALSE,-0.819604261720033,FALSE
"TCTTGAGCGGCAACGC-1",-2.16170812221184,FALSE,-1.51631801075172,FALSE,-0.470377407552502,FALSE
"TCTTGAGTCATTATAC-1",0.448591427611316,FALSE,0.356071652105941,FALSE,1.4439468415823,FALSE
"TCTTGAGTCTCCGAAT-1",0.039621531236956,FALSE,0.27987571510521,FALSE,1.13578545413654,FALSE
"TCTTGCACCAATCTAT-1",-1.4229873390813,FALSE,-0.665050826578177,FALSE,0.448791607777329,FALSE
"TCTTGCACGTATGGAC-1",2.2643079940675,FALSE,2.22973522924148,FALSE,0.560587009803807,FALSE
"TCTTGCACTATTCAGA-1",0.186021864087217,FALSE,0.698083013063023,FALSE,1.14189703815558,FALSE
"TCTTGCACTGGTGCTC-1",1.01436286638691,FALSE,0.85248010094227,FALSE,0.0501805516671445,FALSE
"TCTTGCAGACTGCGAG-1",-1.34832284520329,FALSE,-1.23036233742665,FALSE,-0.659032467013483,FALSE
"TCTTGCCACGTTCACT-1",0.54482210827233,FALSE,0.556293451114102,FALSE,-0.858480417525844,FALSE
"TCTTGCCATCGTTGTA-1",-1.00201477711633,FALSE,-0.914845381047715,FALSE,-0.724245237954523,FALSE
"TCTTGCCGGAGCCAGA-1",0.174588779679189,FALSE,0.0634186320483135,FALSE,1.25155253587911,FALSE
"TCTTGCCGGCAGTCTA-1",-0.151567556546823,FALSE,0.172025826196799,FALSE,1.450575413339,FALSE
"TCTTGCTCCGTCGGCA-1",0.157404371024266,FALSE,-0.0704184267500312,FALSE,0.0100623080449281,FALSE
"TCTTGTTACCGGTTAC-1",-0.703992019416252,FALSE,-0.660138904447229,FALSE,-0.573002987104672,FALSE
"TCTTGTTATTCTTGAT-1",-0.590387402255629,FALSE,-0.73722542334685,FALSE,-0.319838932911871,FALSE
"TGAACCAATGTTGAGC-1",-0.287123194377577,FALSE,0.250815283992513,FALSE,0.688394255972152,FALSE
"TGAACGAATCTTAATT-1",-0.548317826142265,FALSE,-0.479532339882995,FALSE,-0.102826280996094,FALSE
"TGAACGGACACGTATC-1",-1.11068412478016,FALSE,-0.738411981423815,FALSE,-0.411326749082558,FALSE
"TGAACGGACATTGAGT-1",0.0797695224383429,FALSE,-0.00644416958786065,FALSE,-0.557458173402334,FALSE
"TGAACGGATCTGGTAC-1",0.47226667984864,FALSE,0.474309482156043,FALSE,0.445129238025392,FALSE
"TGAACTCAAGGTCGGT-1",1.11918133394739,FALSE,0.449659833464054,FALSE,0.195873312355565,FALSE
"TGAAGATACAATCTGC-1",3.47036781062203,FALSE,1.52283366034724,FALSE,0.623610163040036,FALSE
"TGAAGCACCGTCATGA-1",0.218345323157447,FALSE,-0.00179481040499223,FALSE,0.110717634569588,FALSE
"TGAAGTATGATCGTGC-1",-0.725096324063465,FALSE,-0.669946031819012,FALSE,-1.09719208162667,FALSE
"TGAATACAGACTGCTC-1",-0.381402367354221,FALSE,-0.1414071689263,FALSE,-0.410979624456762,FALSE
"TGAATATGGCCTGCCA-1",0.806790799300829,FALSE,1.04224128685813,FALSE,0.788051383673516,FALSE
"TGAATGCGGTTATGGA-1",-0.892026393168896,FALSE,-0.937467703341124,FALSE,-0.959616366469659,FALSE
"TGAATGGTGCTTCGAT-1",0.102082871492661,FALSE,0.312664344843082,FALSE,0.708185785434296,FALSE
"TGAATGTACCTTCGTC-1",-0.0804836432780199,FALSE,-0.0129845769201206,FALSE,0.933337504608969,FALSE
"TGAATGTTGACATCGT-1",-0.549625271014166,FALSE,-0.423753505610158,FALSE,0.540409186608675,FALSE
"TGAATTATGCCGCAGT-1",-0.0291682398392887,FALSE,0.309072756578091,FALSE,0.604039313496908,FALSE
"TGAATTCGTGGTATAA-1",-0.683710294484687,FALSE,-0.476469740515874,FALSE,-0.702641934245989,FALSE
"TGACAGTACTATTCTA-1",-0.595873338936229,FALSE,-0.43122084681688,FALSE,-0.594477142701193,FALSE
"TGACATTACAACGCCG-1",0.927716215425059,FALSE,-0.0539591800156865,FALSE,-1.37434474144023,FALSE
"TGACCAACAGATAGGT-1",-0.541660391888354,FALSE,-0.262509910719682,FALSE,-1.42347414894782,FALSE
"TGACCAAGCTGCACAT-1",-1.86634318476381,FALSE,-1.29381015407006,FALSE,-1.07618089825634,FALSE
"TGACCAATCAGCCACG-1",0.634192755608103,FALSE,0.682477128816825,FALSE,1.20143445374653,FALSE
"TGACCAGCACTCCAGC-1",-1.06221382980889,FALSE,-0.859526761311821,FALSE,-0.05039549620342,FALSE
"TGACCAGGCTCATGCA-1",-0.47983419835478,FALSE,-0.833049094689504,FALSE,0.719507237809373,FALSE
"TGACCATCCATCTGCT-1",0.641232332432934,FALSE,0.984889262102239,FALSE,0.982881905906228,FALSE
"TGACCATGTACACTCA-1",0.548718371575918,FALSE,0.630596707883972,FALSE,-0.287276822387259,FALSE
"TGACCTCACGCACGAG-1",-0.147810114403217,FALSE,0.132506142414408,FALSE,-0.458609423588266,FALSE
"TGACCTCACTCCTTAT-1",0.499999972655706,FALSE,-0.337244875098041,FALSE,-0.8724263074724,FALSE
"TGACCTCCTTCAGATT-1",-0.853674987544907,FALSE,-0.736340812605241,FALSE,-0.251985042316433,FALSE
"TGACCTGTCTATCTCG-1",1.73128125852877,FALSE,1.31686094085902,FALSE,-0.265953239879501,FALSE
"TGACGCTCACCAAGCC-1",-0.366077228413788,FALSE,-0.184887605517729,FALSE,-0.851915034905591,FALSE
"TGACGCTCGCGGTAGT-1",0.189338470591775,FALSE,-0.177269742038714,FALSE,0.933807122585486,FALSE
"TGACGCTGCAGCTCAT-1",0.563981941732937,FALSE,0.381552745005408,FALSE,0.58038959417581,FALSE
"TGACGCTGCGATAGTA-1",-0.0597235258696442,FALSE,0.114724854770795,FALSE,1.68960680977174,FALSE
"TGACGCTTACTAGACA-1",0.809325696822097,FALSE,0.605342419690368,FALSE,-0.0932776952071406,FALSE
"TGACGGAGCGCTATAC-1",0.593070951528347,FALSE,0.500601362770115,FALSE,-0.818306908394582,FALSE
"TGACGGCAGCCAGACC-1",-0.876259469878162,FALSE,-0.888930114398902,FALSE,-0.70497950815403,FALSE
"TGACTCCAAGTCTACC-1",-0.492122451149782,FALSE,-0.444179855618842,FALSE,-0.734585865140669,FALSE
"TGACTCGGCCGACCGA-1",1.0888274728137,FALSE,0.541849506433672,FALSE,-0.159393878324952,FALSE
"TGACTCGGTGTCATCG-1",-0.7065926738498,FALSE,-0.699972243709983,FALSE,-0.666914993585244,FALSE
"TGACTCTGCTCGCACG-1",1.51226692460214,FALSE,1.08097381510738,FALSE,0.880685452864061,FALSE
"TGACTTAATGCGTTGG-1",1.00280911176428,FALSE,0.641840305381395,FALSE,-0.0176464187116499,FALSE
"TGACTTCGGCGTAACA-1",0.415102898615583,FALSE,0.0326501037538029,FALSE,-0.404094407970024,FALSE
"TGACTTGCACTCACGG-1",-0.800294112642017,FALSE,-1.30046990856475,FALSE,0.0238819193324918,FALSE
"TGAGAACGAGTTCTGT-1",-0.413651954044912,FALSE,-0.485031164312978,FALSE,-0.591919486932291,FALSE
"TGAGACAAGGACGACC-1",1.55071219858555,FALSE,1.80577013345406,FALSE,0.600550806327536,FALSE
"TGAGACAGAAGTGCTC-1",0.31148643826477,FALSE,-0.0859131912635403,FALSE,-0.702035729462298,FALSE
"TGAGACCTGAGCCGAG-1",0.847981571905884,FALSE,0.662339909096307,FALSE,1.19514442648916,FALSE
"TGAGACGTGAACGGTC-1",-0.0977677077512634,FALSE,-0.212969222909081,FALSE,0.0295283513284354,FALSE
"TGAGACTATTGAATCT-1",0.216783096408289,FALSE,0.174303438507793,FALSE,0.0736849019007496,FALSE
"TGAGATGCTCTAATGA-1",-2.32631835446766,FALSE,-1.70667092379783,FALSE,-0.0577889532236026,FALSE
"TGAGCACCTCGACGTT-1",-0.142206084568142,FALSE,-0.100288563440234,FALSE,0.0350770664925797,FALSE
"TGAGCATAGTCTTATT-1",0.704366305249614,FALSE,1.05897213937215,FALSE,0.821090144888178,FALSE
"TGAGCCGCGTGATCAT-1",0.212648448097739,FALSE,0.163683705068505,FALSE,0.669849359727215,FALSE
"TGAGGAATCCATAGAA-1",0.623322477582965,FALSE,0.668573173439976,FALSE,0.0832311402249453,FALSE
"TGAGGTAGGACTACTG-1",-0.509147233115357,FALSE,-0.649436155296169,FALSE,-0.663337019798402,FALSE
"TGAGTAAGCGCAATCC-1",-0.0870636534982451,FALSE,0.229852622179657,FALSE,-0.180620695374825,FALSE
"TGAGTACGCTGCTCAG-1",0.850661247452981,FALSE,0.710093314722561,FALSE,0.0870695655435979,FALSE
"TGAGTATTCTAGGACT-1",0.361439885498296,FALSE,0.320507908042655,FALSE,-0.484004488400479,FALSE
"TGAGTGACCTACTCGT-1",-0.0430089151506696,FALSE,0.089390207857312,FALSE,0.495283927171672,FALSE
"TGAGTGAGATCGCTAA-1",0.227769757037147,FALSE,0.282735348416047,FALSE,1.48746901519839,FALSE
"TGAGTGAGGCACGCCT-1",-0.0342505379024657,FALSE,-0.0693998462743242,FALSE,0.176126874234139,FALSE
"TGAGTTCGCTTGACCT-1",-3.71099437702066,TRUE,-3.34173842508615,TRUE,-1.13998295838607,FALSE
"TGAGTTGTCCTCGCTT-1",0.5410008552812,FALSE,0.546739417912996,FALSE,1.28956930117697,FALSE
"TGAGTTGTTAGCACCG-1",-1.28045805980069,FALSE,-1.12806863725455,FALSE,-0.749126542973601,FALSE
"TGATAAGCAGTAAGAA-1",-0.0743390808457942,FALSE,-0.120358051232594,FALSE,-0.187621039593024,FALSE
"TGATAGGAGCATCAAC-1",0.624483538845335,FALSE,0.656409022626723,FALSE,-0.227817348823055,FALSE
"TGATCCGCACTCCTTA-1",0.412653019032046,FALSE,0.578837397717805,FALSE,-0.140671129685568,FALSE
"TGATCGGACCTGGATG-1",-0.556918754390121,FALSE,-0.60918883170576,FALSE,-0.54057649446765,FALSE
"TGATCTTGCCTATTGT-1",-0.166694942604832,FALSE,0.0991896691464826,FALSE,-0.669048421532801,FALSE
"TGATGGAACTAACGAA-1",-0.415766373940479,FALSE,-0.497033774009453,FALSE,-0.516878819969259,FALSE
"TGATGGATGATCACGG-1",-0.0635289064686589,FALSE,0.491980758966554,FALSE,-0.25094451350365,FALSE
"TGATGGCCGGCATCGC-1",-1.25965985079408,FALSE,-1.66158085608865,FALSE,-1.06375475319961,FALSE
"TGATGGCTAATCCATA-1",-0.517482995870148,FALSE,-0.362538240730394,FALSE,-0.136473965572776,FALSE
"TGATGGCTGCGACGAT-1",1.02661937559258,FALSE,-0.258210777731542,FALSE,-0.694398377095834,FALSE
"TGATGGTTCCACTGAT-1",2.16514308553401,FALSE,2.99517481058883,FALSE,2.37659052503027,FALSE
"TGATTAGAATGACATA-1",1.12568428553823,FALSE,1.04179340763982,FALSE,1.32926340610361,FALSE
"TGATTCAACGACAAGG-1",-0.987118641053738,FALSE,-1.20424812689013,FALSE,-0.885200329722814,FALSE
"TGATTCAAGATCGAGC-1",-0.462492501873732,FALSE,-0.443904967916467,FALSE,0.4118020660357,FALSE
"TGATTCGTCTGGATCT-1",-1.46733130420131,FALSE,-0.957784042980797,FALSE,-0.983846165436892,FALSE
"TGCAACAGTGAAGCTC-1",-0.421330423060123,FALSE,0.310749399944849,FALSE,1.37090774651891,FALSE
"TGCAACGTTACCTGGT-1",0.0934846794157677,FALSE,0.122222974867746,FALSE,0.234763279136465,FALSE
"TGCACCGGTCACCTCC-1",-0.587180723577211,FALSE,-0.652081452847375,FALSE,-0.676017460318665,FALSE
"TGCACGAATGTACTAA-1",0.237127358328662,FALSE,0.068000329038842,FALSE,-0.317189319399001,FALSE
"TGCACGAGTAGAGTTA-1",0.0735025939629635,FALSE,-0.00429915563156143,FALSE,0.455263925455842,FALSE
"TGCACGAGTGTCAGCC-1",1.20555298727132,FALSE,1.18170604234354,FALSE,0.454088418211805,FALSE
"TGCACGCTCCTATCCG-1",0.130649683721049,FALSE,0.267932025121069,FALSE,0.0636767354711752,FALSE
"TGCACGGCTGAGACTT-1",0.602858961702255,FALSE,0.598558723952152,FALSE,0.651412405049879,FALSE
"TGCACGGCTGGTAAGG-1",0.527977904338475,FALSE,0.118487305186511,FALSE,-0.623425486084891,FALSE
"TGCACGTAGTTCGAAG-1",1.13484470275565,FALSE,1.24620010988609,FALSE,0.971717265981697,FALSE
"TGCACGTGATTATCAA-1",0.455459180047914,FALSE,0.552413631492408,FALSE,2.06813300447099,FALSE
"TGCACTCCAGCTACTC-1",0.831376976999045,FALSE,0.870998742332034,FALSE,0.902681661530646,FALSE
"TGCAGAACTATCAACT-1",0.63442697695355,FALSE,0.310073487056966,FALSE,-0.688943934706908,FALSE
"TGCAGAAGCAGTAGGC-1",0.755145206605631,FALSE,0.660058487074209,FALSE,0.866486246966511,FALSE
"TGCAGAATCGGAGGCT-1",-0.185676358380511,FALSE,-0.479751791726467,FALSE,0.00589497039121017,FALSE
"TGCAGACAATACTGTT-1",1.557426220309,FALSE,1.80530355915717,FALSE,2.17268900935492,FALSE
"TGCAGAGCCTTGCCGG-1",-0.737861376915333,FALSE,-0.805036153459839,FALSE,-0.92871781793923,FALSE
"TGCAGAGGTCGTAATT-1",-0.840104908907829,FALSE,-0.736438433069643,FALSE,-0.611445775033795,FALSE
"TGCAGATGAGATCTAG-1",0.493614992702521,FALSE,0.17019834818032,FALSE,0.66746154106231,FALSE
"TGCAGTACAACGAGTG-1",0.532769300002205,FALSE,0.850277447131038,FALSE,0.634069277474918,FALSE
"TGCAGTCGAGCACCAA-1",0.104226143649815,FALSE,0.01667694437298,FALSE,-0.21274105314184,FALSE
"TGCAGTTATTCCACTC-1",-0.291409918518626,FALSE,0.0540326938849177,FALSE,-0.510332200363592,FALSE
"TGCAGTTGTCGGAGCG-1",0.153699811232882,FALSE,0.337244875098041,FALSE,2.29129011564892,FALSE
"TGCATTAATGGCCACC-1",0.86702536396898,FALSE,0.8995119936319,FALSE,0.503160487981412,FALSE
"TGCATTCACGTGTACT-1",-0.931539759175654,FALSE,-0.977918743509224,FALSE,-1.27631765116818,FALSE
"TGCATTCGCCAGCGAT-1",-0.349102436687569,FALSE,-0.336718752047966,FALSE,0.975324294192191,FALSE
"TGCATTCGCTACAATG-1",0.819686626645637,FALSE,0.911784185029551,FALSE,0.323167765998101,FALSE
"TGCATTCGTCTACAGG-1",-8.5381699120129,TRUE,-5.48132607054405,TRUE,0.0650799404414134,FALSE
"TGCATTCTTACGGAGG-1",-1.61050227837963,FALSE,-0.959313142118261,FALSE,0.968821848827162,FALSE
"TGCATTGCTGTCGGCG-1",-1.26262098932953,FALSE,-1.01600354776372,FALSE,-0.412807301765026,FALSE
"TGCCAATCCATGTCTA-1",1.36754708071118,FALSE,1.20791403707294,FALSE,0.948741514151874,FALSE
"TGCCACAATGCTACCG-1",-0.827807171650572,FALSE,-0.366723376610219,FALSE,-0.673237172591293,FALSE
"TGCCACCTATTACATT-1",-0.88056591203517,FALSE,-0.529620264100968,FALSE,-0.67277273049618,FALSE
"TGCCACTATCAGGCAG-1",1.11081767146549,FALSE,1.38822254040357,FALSE,1.22551714862083,FALSE
"TGCCACTCAACCGGCC-1",-0.924367287783756,FALSE,-0.385802815694011,FALSE,0.266144637600228,FALSE
"TGCCACTTAAGTGATG-1",-1.82563786861778,FALSE,-1.27416408441478,FALSE,-0.499540824418579,FALSE
"TGCCAGACGAGTTAGG-1",-0.815037566260258,FALSE,-1.34604054723227,FALSE,-0.478599816479619,FALSE
"TGCCAGCTATTGTAGA-1",0.453049229193683,FALSE,0.709001344236635,FALSE,0.339277274509883,FALSE
"TGCCAGGATGAGGTTC-1",0.022931288223513,FALSE,0.0198587939069299,FALSE,0.734117572394836,FALSE
"TGCCAGTGATTCGTGC-1",-0.484520216240762,FALSE,-0.299121541391306,FALSE,-0.842544054510152,FALSE
"TGCCAGTGCAGAGTAT-1",-0.0603438736508488,FALSE,-0.0433236489420657,FALSE,-0.264371801833105,FALSE
"TGCCAGTTATGCAGCT-1",0.409651477199612,FALSE,0.401258948612021,FALSE,-0.755699379680662,FALSE
"TGCCGAATCAAGCGTC-1",0.0025918703138304,FALSE,0.352528879289676,FALSE,-0.86618458476343,FALSE
"TGCCGACGATGAACTG-1",-0.0604068451747316,FALSE,-0.242102744088014,FALSE,-0.292341018829429,FALSE
"TGCCGAGTTAAGAACG-1",0.477557584842114,FALSE,0.604696576992538,FALSE,0.235579891539919,FALSE
"TGCCGGAACTTAGGCA-1",-0.289789140197238,FALSE,-0.188756459942933,FALSE,0.334752344622804,FALSE
"TGCCGGCATTATAGAT-1",-0.476382598700564,FALSE,-0.465673619520241,FALSE,-0.683124072383151,FALSE
"TGCCTAAGTTAATTAT-1",0.563918589943374,FALSE,0.457717321809364,FALSE,0.246753578892297,FALSE
"TGCCTACGCAGGCTGC-1",-0.00648738725190751,FALSE,0.0947078317107009,FALSE,-0.195379909992475,FALSE
"TGCCTATCAATGCCAT-1",0.634929564984914,FALSE,0.827589567390653,FALSE,1.67124568759284,FALSE
"TGCCTATCGGCTATGT-1",0.421154915036198,FALSE,0.369391959106794,FALSE,0.710724531772823,FALSE
"TGCCTATGGACTGGTC-1",0.945337319876265,FALSE,1.24025156438707,FALSE,1.37138761944425,FALSE
"TGCCTTAGGCGTCTAT-1",-1.17837933590928,FALSE,-1.06349272405715,FALSE,-0.944632139360439,FALSE
"TGCGAACATATCGGCT-1",0.675336932241359,FALSE,0.763349754927059,FALSE,0.0923484765859911,FALSE
"TGCGAATTCTCCGCAC-1",0.360759496804234,FALSE,0.604515947234563,FALSE,0.890731083042798,FALSE
"TGCGACTACGTGCGAG-1",0.664163547050278,FALSE,0.68125155220306,FALSE,-0.340110566415421,FALSE
"TGCGAGCCAGACGAAT-1",0.53820327234497,FALSE,0.516881289708681,FALSE,0.45557759724598,FALSE
"TGCGATCGGATTCACT-1",0.83198394532452,FALSE,0.925479898732275,FALSE,-0.797652577851406,FALSE
"TGCGATCTTGCTCGAT-1",-0.606410413850545,FALSE,-0.52453930317634,FALSE,-0.49037363607631,FALSE
"TGCGATGTGCCTTGGC-1",0.769609656747192,FALSE,0.736369543792053,FALSE,0.343732193001871,FALSE
"TGCGATTAGCTCCGCC-1",-0.0171436982999324,FALSE,0.231951226311775,FALSE,-0.00436296955459153,FALSE
"TGCGCAATTGATCATA-1",-2.51354282988546,FALSE,-1.3467497822097,FALSE,-0.265208290742183,FALSE
"TGCGCCGAACGGACTC-1",0.922756834300852,FALSE,0.911892392534834,FALSE,1.05553396810539,FALSE
"TGCGCCGATCGCGAAG-1",-0.920360916418299,FALSE,-0.520228458045973,FALSE,-1.04793249671466,FALSE
"TGCGCCTCTGGCTACA-1",-1.18630163581527,FALSE,-1.22907709647582,FALSE,-0.791328978513347,FALSE
"TGCGCCTCTTCGGCGA-1",-1.4062887271687,FALSE,-1.33057789125775,FALSE,-0.620823498554661,FALSE
"TGCGCTCATAGAACGA-1",0.367995933539931,FALSE,0.203915505873234,FALSE,-1.54784137315461,FALSE
"TGCGGACATTCGCCGG-1",1.87761288121877,FALSE,1.83173612362895,FALSE,0.10971108245926,FALSE
"TGCGGACGATACGGAC-1",-1.11029047376161,FALSE,-1.1229263523395,FALSE,-1.56162994267419,FALSE
"TGCGGACTCACGTGAT-1",-0.199080604089891,FALSE,-0.925287354777188,FALSE,-1.26185939273734,FALSE
"TGCGGACTTAACTTCC-1",0.296250384268015,FALSE,0.560020210345572,FALSE,0.145774478551695,FALSE
"TGCGGACTTCTGTCGC-1",0.587436885328491,FALSE,0.675943914228125,FALSE,0.662917505420124,FALSE
"TGCGGAGGCTGGACCG-1",1.29389200355132,FALSE,1.41327910692837,FALSE,1.72659298671593,FALSE
"TGCGGATCATCCTAGA-1",1.79744734557611,FALSE,1.75028437014731,FALSE,4.27747563874481,TRUE
"TGCGGATCGGATCTTA-1",-0.568516106017933,FALSE,-0.632081712010101,FALSE,0.167613755200291,FALSE
"TGCGTATCTTGTACCG-1",-0.44895277343357,FALSE,-0.162807870736985,FALSE,-1.23003541623703,FALSE
"TGCGTCCTAAGTTCCA-1",-0.349978210448009,FALSE,-0.191273212742172,FALSE,-0.216741110729314,FALSE
"TGCGTCTGGATCGGAT-1",0.37185762244523,FALSE,0.665207781156686,FALSE,2.19255509415439,FALSE
"TGCGTGTCAGCCAGTG-1",-0.256596615180816,FALSE,-0.656577989195024,FALSE,1.81440323945063,FALSE
"TGCGTGTCGGCGGATA-1",-0.651209586730255,FALSE,-0.488423612210956,FALSE,0.242881008854416,FALSE
"TGCGTTAGCACGTACC-1",0.00362068300847472,FALSE,0.152667438819892,FALSE,0.272779239110191,FALSE
"TGCGTTATGTTCCGGA-1",-1.13604175908461,FALSE,-0.648430688096183,FALSE,-0.75841064333829,FALSE
"TGCGTTATTGTTGCGA-1",-1.84856590437633,FALSE,-1.72584340093152,FALSE,-0.268114464806163,FALSE
"TGCGTTGTATTGCCTG-1",-0.619176802812196,FALSE,-0.2501816580846,FALSE,-0.0724796301010641,FALSE
"TGCTACATCACCGGAT-1",-0.592651799098291,FALSE,-0.299932676151024,FALSE,0.275507191032596,FALSE
"TGCTACTTGTGGCTGG-1",0.20625925114307,FALSE,0.551142258881153,FALSE,0.689190331874352,FALSE
"TGCTATCCATGTAATA-1",1.38925533671714,FALSE,1.29214712822819,FALSE,0.422417441687966,FALSE
"TGCTATCCTAAGACGA-1",-1.060816517404,FALSE,-1.20199626185064,FALSE,-0.659817757658063,FALSE
"TGCTATGGTTGCGACA-1",-1.17664782650613,FALSE,-1.40043311317661,FALSE,-0.177079628421313,FALSE
"TGCTATTGCGGCGTGG-1",0.0169004152805817,FALSE,0.298095387109877,FALSE,0.521482065575511,FALSE
"TGCTATTGGTAAGTTC-1",-0.122216543167971,FALSE,-0.126578884539722,FALSE,-0.33244322128265,FALSE
"TGCTATTGTCAAGGAG-1",-0.360985520065888,FALSE,-0.167815631627733,FALSE,0.166802341525082,FALSE
"TGCTCAGATTGGTAGC-1",0.988320085369074,FALSE,0.939003754157379,FALSE,1.70376558933856,FALSE
"TGCTCCTAACGGAAGA-1",-2.04906526662044,FALSE,-1.43649520847789,FALSE,-0.747380361839465,FALSE
"TGCTGTATTAGCGGTC-1",1.47679534953075,FALSE,0.786536134928108,FALSE,-1.33381875268618,FALSE
"TGCTGTCAGAACGAAG-1",-0.337511418717984,FALSE,-0.903643319172956,FALSE,-2.62111099737411,FALSE
"TGCTGTCTTGTTAATG-1",0.725314168482175,FALSE,0.126722316703506,FALSE,1.00101245779853,FALSE
"TGCTGTGAAGTCAAGA-1",0.400149632014577,FALSE,0.0891396145633588,FALSE,0.658318598408148,FALSE
"TGCTGTTCTGTAGACC-1",-0.52292927669706,FALSE,-0.47524647559009,FALSE,-0.266542208809288,FALSE
"TGCTGTTCTTGTCCAA-1",-0.274628520039691,FALSE,-0.326459478137865,FALSE,-0.962299322728108,FALSE
"TGCTTACTCACCGGTC-1",0.686644405691613,FALSE,0.673797729248548,FALSE,2.21163661115218,FALSE
"TGCTTAGCTCCTGGCT-1",-2.2659525400271,FALSE,-1.93440920047002,FALSE,-1.00024246668271,FALSE
"TGCTTAGTTGACTTAC-1",0.946881252990985,FALSE,1.18687037588152,FALSE,0.765268010231335,FALSE
"TGCTTATGACGCTGGC-1",-0.583919228747736,FALSE,-1.00297501814872,FALSE,0.0485670861665564,FALSE
"TGCTTATGCGGTTCTG-1",0.307085319414602,FALSE,0.275392103245998,FALSE,-0.187721939755733,FALSE
"TGGAAGACGTGAGTAG-1",-0.429861409210819,FALSE,0.204857716007101,FALSE,0.903467997820274,FALSE
"TGGAAGACTAGTCTTG-1",-0.981384692193511,FALSE,-0.770093102175827,FALSE,-1.22797294722798,FALSE
"TGGAAGCCATAACAGT-1",-2.92107561120214,FALSE,-2.13168408963069,FALSE,1.73067079528362,FALSE
"TGGAAGCTAGTAATAC-1",-3.35282508894508,TRUE,-3.12540781424864,TRUE,-1.48711320846116,FALSE
"TGGAAGCTCCATCGAC-1",-1.17050598322674,FALSE,-1.03421761696733,FALSE,-0.44938171287831,FALSE
"TGGAAGGTTCGCTTGC-1",0.00588325264694141,FALSE,-0.177632796807365,FALSE,-0.564163258119106,FALSE
"TGGAAGTCCGCAGTCT-1",-0.532487677500723,FALSE,-0.445611649367771,FALSE,-0.129103667653228,FALSE
"TGGAAGTCTGGACTAA-1",-0.825719082040203,FALSE,-0.80803994596606,FALSE,0.344287376393938,FALSE
"TGGACGCCTGCGACCG-1",2.03111273765546,FALSE,1.17325037007288,FALSE,1.25804547316802,FALSE
"TGGACTGACGTACCAC-1",-0.38407019096253,FALSE,-0.218488560106252,FALSE,-0.525093910994418,FALSE
"TGGACTGAGTACCTAG-1",0.341941667059272,FALSE,0.4019327809648,FALSE,-0.441644021526905,FALSE
"TGGACTTCGCGGAACT-1",0.171274311578038,FALSE,-0.298071452925081,FALSE,-0.990405166443078,FALSE
"TGGAGTCGGCAAGCTC-1",-0.855616761266251,FALSE,-1.13594548695143,FALSE,-0.708161194253019,FALSE
"TGGAGTGAACGCGGTC-1",-0.584292683657601,FALSE,-0.840911894965696,FALSE,-0.547803310137268,FALSE
"TGGAGTGATGGCTCTT-1",0.113497251903676,FALSE,0.0369060429352573,FALSE,0.575356400053958,FALSE
"TGGAGTGCTCCTGATC-1",-1.27156343837078,FALSE,-1.10764109327072,FALSE,-1.28270555501739,FALSE
"TGGAGTTGAGTCGACA-1",0.479359810007583,FALSE,0.458984576554323,FALSE,1.05787477378892,FALSE
"TGGAGTTGGTGAATCA-1",0.222436178873601,FALSE,0.428383844983499,FALSE,1.02168723170602,FALSE
"TGGATCATTGTAACGG-1",0.81551502263948,FALSE,0.837942740754548,FALSE,0.637864733548554,FALSE
"TGGATCCAGTCACTTC-1",-1.17570583197076,FALSE,-1.19097154297571,FALSE,-0.751215662145311,FALSE
"TGGATCGGCCTCCATG-1",-0.997298922325808,FALSE,-0.700882827377667,FALSE,-0.33446624715095,FALSE
"TGGATTAGTACATTGC-1",0.109000876979285,FALSE,-0.271695871205746,FALSE,-0.088827093846478,FALSE
"TGGCAAGCGACACTTA-1",0.678527490422731,FALSE,0.838819980243854,FALSE,0.344597776989776,FALSE
"TGGCATCGATCAATTG-1",0.0183546681975311,FALSE,-0.349231828218237,FALSE,-0.434433470749408,FALSE
"TGGCATGCGTTCACGC-1",1.26225926660641,FALSE,0.945164873412573,FALSE,0.850358460727622,FALSE
"TGGCATGTTCGAACAG-1",-1.69404298463406,FALSE,-1.05836128416184,FALSE,-0.331100804155066,FALSE
"TGGCCAACATTCTGAG-1",-2.04214515543358,FALSE,-1.88849350473009,FALSE,-0.804016427501598,FALSE
"TGGCCAAGCGTACAAG-1",-0.356434975825588,FALSE,-0.430964548270572,FALSE,-0.0368925410576963,FALSE
"TGGCCACTCCGCGGAC-1",0.15969606510754,FALSE,-0.00741197527688002,FALSE,0.201277515774609,FALSE
"TGGCCAGAATCACTTG-1",-0.88648853321889,FALSE,-0.7573118725919,FALSE,-0.824542230909751,FALSE
"TGGCCAGAGTATCTCC-1",0.234834552205743,FALSE,0.109646117026949,FALSE,0.244788484906594,FALSE
"TGGCCAGATCCGGACA-1",0.998438602907969,FALSE,0.684065839242075,FALSE,0.506355129518362,FALSE
"TGGCCGTCTATCAGGA-1",0.4356549239894,FALSE,0.849492496192903,FALSE,-0.273110495276424,FALSE
"TGGCCTGACATACTCA-1",0.506783288369302,FALSE,0.938872106782507,FALSE,0.708687101504545,FALSE
"TGGCCTGGCACTGTGG-1",0.96727462323845,FALSE,0.843211905330879,FALSE,0.941314470216496,FALSE
"TGGCGAATTCTATGGT-1",1.01909418376335,FALSE,1.93415934295359,FALSE,0.661834556076683,FALSE
"TGGCGACACTGCCGGA-1",0.0491916392890934,FALSE,0.17786973383807,FALSE,0.319037866287049,FALSE
"TGGCGACAGCACGGCC-1",-0.0757625468750171,FALSE,-0.106647664454889,FALSE,-0.243683982938013,FALSE
"TGGCGACATACGCTCA-1",0.140130551487753,FALSE,0.21488845782891,FALSE,0.00751087539722907,FALSE
"TGGCGATGAGTGGCAG-1",-0.938593628702363,FALSE,-1.02767711029876,FALSE,-0.742048681003575,FALSE
"TGGCTCACTCAATCAC-1",-2.56012036601666,FALSE,-2.9539534604297,FALSE,-1.95202254441284,FALSE
"TGGCTCCGCATCAGAT-1",-1.5769030389456,FALSE,-0.815773919659982,FALSE,-0.742096697923017,FALSE
"TGGCTGGAGTTATTGT-1",1.60732650079556,FALSE,0.814730193306158,FALSE,-1.35732240489777,FALSE
"TGGTACAAGACACTGA-1",-0.120504915222378,FALSE,0.0209571631295594,FALSE,-1.17457078250908,FALSE
"TGGTACAAGACCAATC-1",0.892833431509771,FALSE,0.82796174703183,FALSE,0.624819729368249,FALSE
"TGGTACCAATACTTAC-1",-0.286933238173653,FALSE,-0.162954456454936,FALSE,0.0281165446551932,FALSE
"TGGTACCAGATTGTTA-1",1.88677129340716,FALSE,1.45869217610515,FALSE,-0.232924316418158,FALSE
"TGGTACGGACGTAGTT-1",-1.58829642448945,FALSE,-1.07731742313928,FALSE,1.87214090026137,FALSE
"TGGTACGGTCGGCGAA-1",-0.0422898958834267,FALSE,0.143090133239978,FALSE,1.03418533963894,FALSE
"TGGTACGTGCTGTTGA-1",-0.0296728371775049,FALSE,-0.0167480524879388,FALSE,-0.016510917837482,FALSE
"TGGTACTGACCGCTGC-1",-0.468460724678897,FALSE,-0.66197454361921,FALSE,-0.9670324568584,FALSE
"TGGTACTGGTATCTTG-1",-0.576147890401397,FALSE,-0.080128677895357,FALSE,0.284586974976859,FALSE
"TGGTAGCATCAAGTCT-1",-0.919625494588387,FALSE,-0.857586216719267,FALSE,-0.668021769680239,FALSE
"TGGTAGCCAGTTGACA-1",0.590956493863581,FALSE,0.773030947856483,FALSE,0.51782927064138,FALSE
"TGGTATGCAAGTCTAT-1",0.490031046916707,FALSE,0.515826335965201,FALSE,0.0627554404319398,FALSE
"TGGTATTAGCTAGACC-1",-0.389985863065281,FALSE,-0.91321365054638,FALSE,0.0957021802564779,FALSE
"TGGTATTCCTAGTCCA-1",0.422726811737557,FALSE,0.306743205507262,FALSE,1.1280590904323,FALSE
"TGGTATTGAGTTGTAA-1",0.135136152349579,FALSE,0.379670846064987,FALSE,2.2201950799548,FALSE
"TGGTCGCCGGCTTACT-1",-0.107326683399408,FALSE,0.239465525872613,FALSE,1.42238442141703,FALSE
"TGGTCTCAGAATGCAC-1",-0.689780955986229,FALSE,-0.812333989315718,FALSE,-0.591123146516968,FALSE
"TGGTCTGCTCAGGTTG-1",-0.177395266589703,FALSE,-0.353367256160357,FALSE,0.0525397296944864,FALSE
"TGGTGCACGACCTTAG-1",0.533913447534074,FALSE,0.0938510202872224,FALSE,1.09795626715966,FALSE
"TGGTGCAGACCGAAGT-1",0.924478456259517,FALSE,0.816237243537712,FALSE,0.810922775250191,FALSE
"TGGTGCAGTACCATGC-1",-0.352878051615198,FALSE,-0.370394046411496,FALSE,-1.11985855673762,FALSE
"TGGTGCATTGTAATCC-1",0.743118698026871,FALSE,1.23613217680167,FALSE,-0.23179339527325,FALSE
"TGGTGCCGCTGCAACA-1",1.46981977724859,FALSE,1.06343300567055,FALSE,0.38040550529018,FALSE
"TGGTGCCTAGCACGGC-1",0.609064785272514,FALSE,0.517990494431631,FALSE,0.98159934433684,FALSE
"TGGTGCCTTCCGCTAA-1",0.917100224455425,FALSE,0.580282128125928,FALSE,0.522855388399355,FALSE
"TGGTGCGAACGTGGCG-1",0.557406700595939,FALSE,0.504643193318212,FALSE,0.615103879620526,FALSE
"TGGTGCGAATCCTGCT-1",0.38296933389317,FALSE,0.43399545401961,FALSE,0.123792629030051,FALSE
"TGGTGCGAGGTCGTAT-1",-0.791282957838103,FALSE,-0.692759676822175,FALSE,-0.656457142007661,FALSE
"TGGTGCTTCTAGGCAA-1",1.13079559544547,FALSE,1.26808043543119,FALSE,-0.0960891329507762,FALSE
"TGGTTGAACACGCCAA-1",-1.21370962793915,FALSE,-1.50853621549231,FALSE,-0.653892645486521,FALSE
"TGGTTGCCTCCGGCTT-1",0.419730266405798,FALSE,0.566710460216295,FALSE,0.399692422412131,FALSE
"TGGTTGGATTGAGCTG-1",0.510536343768674,FALSE,0.545296439835141,FALSE,0.728421610360275,FALSE
"TGGTTGGCGAAGCCTT-1",-0.0940251081825405,FALSE,-0.0119039471317885,FALSE,-0.251247602297497,FALSE
"TGGTTGGTATCGGCAT-1",0.759603356531075,FALSE,1.06701364548173,FALSE,2.97203448599686,FALSE
"TGTAAGATCTTCACAT-1",-0.195509337547219,FALSE,-0.431521585022259,FALSE,-0.389650835424124,FALSE
"TGTAAGGTGAGCGACC-1",-0.30837893908209,FALSE,-0.826995635226151,FALSE,-0.611435905768327,FALSE
"TGTAAGTGATCAGACC-1",0.219036060081233,FALSE,0.264426017869393,FALSE,0.153139639824754,FALSE
"TGTAATACTACACGGT-1",-1.19162390411433,FALSE,-1.01830887213345,FALSE,-0.173732290975115,FALSE
"TGTAATAGCCGATTAT-1",0.298777220501804,FALSE,0.385134887232827,FALSE,1.31891030506682,FALSE
"TGTAATCATATGAGAC-1",0.122190193484614,FALSE,0.0082443361368505,FALSE,0.140609275024582,FALSE
"TGTAATCGAGACTGGC-1",0.823322864406331,FALSE,0.902175945362091,FALSE,2.83738227600026,FALSE
"TGTAATGCCTAACACC-1",-1.82369463035067,FALSE,-1.81176170253708,FALSE,-0.383544704280608,FALSE
"TGTAATTGTATCCTCG-1",-0.319697196105926,FALSE,-0.40768604124606,FALSE,-0.328426599505111,FALSE
"TGTACCAACTACGCAT-1",-0.862372678715624,FALSE,-0.774916795496907,FALSE,-0.452528051152798,FALSE
"TGTACCACATACTGGT-1",-0.562093220265337,FALSE,-0.528654128532064,FALSE,0.671117280645285,FALSE
"TGTACCTGCAGGAACA-1",0.733025860853916,FALSE,1.21057264413805,FALSE,-0.760646736229631,FALSE
"TGTAGCCGTACATAAC-1",0.886827392231186,FALSE,0.0994702055844727,FALSE,-0.546504906541027,FALSE
"TGTAGGAGCTTCAATA-1",0.350250158843431,FALSE,0.737365913349954,FALSE,1.19891117916794,FALSE
"TGTAGGATCAGAGCGT-1",-2.92730929184584,FALSE,-1.65681348522003,FALSE,-0.662172858080126,FALSE
"TGTAGGCACGTACCTC-1",0.562336661651863,FALSE,0.530779785105464,FALSE,0.153310590254617,FALSE
"TGTAGGCAGGTCTAGC-1",-0.94656159695462,FALSE,-0.765679506632848,FALSE,0.676869105387515,FALSE
"TGTAGGTCACTACATG-1",-1.39670611359128,FALSE,-1.48234134541023,FALSE,-0.135300366066223,FALSE
"TGTAGGTCTGAACGCA-1",-0.256142926651957,FALSE,-0.306777269559589,FALSE,-0.45394634969319,FALSE
"TGTAGGTTCTGGCTTA-1",0.388475455181755,FALSE,-0.251090788153596,FALSE,-0.395113683678366,FALSE
"TGTATCACGGTGGAAC-1",0.450122547033861,FALSE,0.657739176929623,FALSE,0.119817781203346,FALSE
"TGTATCGGCGGTCGCA-1",0.919369428750687,FALSE,0.715173258938068,FALSE,0.14495818498432,FALSE
"TGTATGATTGTAGGTG-1",0.16786464897593,FALSE,0.421903053620594,FALSE,-1.0107618086092,FALSE
"TGTATGCAGGATTCAC-1",-0.639029482429892,FALSE,-0.545354845490819,FALSE,0.385157465378901,FALSE
"TGTATGCCTATCTTAT-1",-1.18571863356778,FALSE,-0.89335693902726,FALSE,0.645179180336809,FALSE
"TGTATGCTCGCCTAGT-1",0.985632592148001,FALSE,0.74521294730402,FALSE,0.637082212498342,FALSE
"TGTATGGAACTACGCA-1",1.84066868771972,FALSE,1.95735823656669,FALSE,1.91536080879696,FALSE
"TGTATGGTGCCAAGGT-1",4.41345299325411,FALSE,5.49607425217782,FALSE,-0.183045877094447,FALSE
"TGTATGTCGAGGAAGC-1",-0.788881969931031,FALSE,-0.60578396197735,FALSE,-0.328601961882794,FALSE
"TGTCAACTCATCAACG-1",-0.0254840518269246,FALSE,0.453728352806963,FALSE,0.0278912640483526,FALSE
"TGTCAAGCGGATCGGT-1",0.462296874357682,FALSE,0.576710534332014,FALSE,0.232505055219139,FALSE
"TGTCACAGACGTATCC-1",-0.0956810533981804,FALSE,-0.226481343192808,FALSE,-0.424481645922194,FALSE
"TGTCACTAGCTCAGAC-1",-0.357171587744669,FALSE,-0.442961532836028,FALSE,-0.887404562240916,FALSE
"TGTCAGAAGTTGTAAC-1",-0.0860806251078809,FALSE,0.241132929243793,FALSE,1.34005772796512,FALSE
"TGTCAGACGAAGCACC-1",0.734865932720516,FALSE,0.560445589534908,FALSE,0.126021231530322,FALSE
"TGTCAGTGGCTTCCAT-1",0.0586776581991382,FALSE,-0.502396637233431,FALSE,-1.24250027001252,FALSE
"TGTCATCCAAGCTGCG-1",-1.34763655370461,FALSE,-1.69454485272359,FALSE,-0.894712991382113,FALSE
"TGTCATGCATGAGCAC-1",0.482643585313642,FALSE,0.370328476096359,FALSE,0.408034386386931,FALSE
"TGTCATGTGACACGCT-1",-0.229344009667343,FALSE,-0.329605023558603,FALSE,0.0479364277151988,FALSE
"TGTCCATGTATGGAAT-1",-1.46608263514569,FALSE,-1.29522248351686,FALSE,-0.727212495420687,FALSE
"TGTCCGATAGTCACAG-1",0.905354145993284,FALSE,0.975784663989255,FALSE,0.637030339441891,FALSE
"TGTCCGGATGGCAGTT-1",-1.00104160858392,FALSE,-0.965440725942579,FALSE,-0.785364651907517,FALSE
"TGTCGAGTGCGTTAGC-1",1.71898541738616,FALSE,1.20684050730909,FALSE,-0.264221164201532,FALSE
"TGTCGATTCACGTAGT-1",1.07417910531393,FALSE,0.818412015232154,FALSE,0.239865731182825,FALSE
"TGTCGCGGAAGAGCTA-1",-3.62826307573391,TRUE,-3.77610757846349,TRUE,0.92264275978384,FALSE
"TGTCGTTCATACGATA-1",-0.40746085148347,FALSE,0.0597258099410271,FALSE,-0.509921500672799,FALSE
"TGTCTACTAGATTGCC-1",0.0173305798349343,FALSE,0.00613172500178256,FALSE,-0.420595992397358,FALSE
"TGTCTGGCTTGTCTGT-1",0.0776959475268973,FALSE,-0.0262659491259312,FALSE,0.152806939798255,FALSE
"TGTCTGTAAGCGAACT-1",-1.76778698537122,FALSE,-1.11758520652927,FALSE,-1.39843116891614,FALSE
"TGTCTTGCGACTAATT-1",0.356198439491017,FALSE,0.460702560219066,FALSE,0.291083794305909,FALSE
"TGTCTTGGAATTGGCA-1",-0.431246466879417,FALSE,-0.469909850307007,FALSE,-0.441651964400976,FALSE
"TGTTAAGGAAGTCTTA-1",1.09452545659277,FALSE,0.867386051115883,FALSE,0.328719038200379,FALSE
"TGTTACCTATTGGACA-1",0.740574693456261,FALSE,0.693375463201572,FALSE,0.885298364023742,FALSE
"TGTTCACTCACGGTAA-1",-0.563581715095507,FALSE,-0.614064793038907,FALSE,0.254935129144945,FALSE
"TGTTCACTGTCTTCCT-1",0.101254244801376,FALSE,0.104520466223072,FALSE,0.564582699141162,FALSE
"TGTTCAGAACGGTGTA-1",-0.980989325240219,FALSE,-1.22872437974892,FALSE,-0.741012067283257,FALSE
"TGTTCAGATAACGGTC-1",-1.15777920137738,FALSE,-1.50426456999945,FALSE,-0.927086853562279,FALSE
"TGTTCAGCGAGGCAGT-1",0.809511971239203,FALSE,1.05991246459384,FALSE,0.905052722158564,FALSE
"TGTTCATAGTATGACG-1",-0.56939669935812,FALSE,-2.59794845161732,FALSE,-2.8287770680949,FALSE
"TGTTCATTGGTCCAAG-1",0.120261609684511,FALSE,0.117777688153051,FALSE,-0.108068626856118,FALSE
"TGTTCCTCACATTAAT-1",0.13027917080694,FALSE,0.353538383193024,FALSE,0.425592525806046,FALSE
"TGTTCGCAACCGCCAA-1",-0.457130581448645,FALSE,-0.615932762236936,FALSE,-0.878326309155787,FALSE
"TGTTCGTGACCAGTAG-1",-1.1582498879623,FALSE,-2.10103557186079,FALSE,2.03144624979444,FALSE
"TGTTCTGCTCTGTCGT-1",0.896881234616091,FALSE,0.797435957385055,FALSE,0.849261156296902,FALSE
"TGTTGCGTCCAAGATT-1",0.371287482799154,FALSE,0.318359162092551,FALSE,0.41366742824342,FALSE
"TGTTGGAACCTTCCGC-1",0.483141604901095,FALSE,-0.281354952294599,FALSE,-0.783780974319679,FALSE
"TGTTGGAACGAGGTCA-1",-0.478207662854197,FALSE,-0.231688123741094,FALSE,-0.404417814411795,FALSE
"TGTTGGAAGCTCGGTA-1",-1.10329530261737,FALSE,-1.02318606417691,FALSE,0.296479519553613,FALSE
"TGTTGGATGGACTTCT-1",2.46814078924171,FALSE,1.07428129385867,FALSE,-0.680398251271531,FALSE
"TGTTGGCCAGACCTAC-1",0.466988814889187,FALSE,0.203533442887316,FALSE,-0.502761502296139,FALSE
"TGTTGGCCTACACGTG-1",-0.153371426762347,FALSE,0.0541655248723431,FALSE,0.0865822788783375,FALSE
