spot_id,sample_id,x,y,log_total_counts,n_genes_by_counts,pct_counts_mt
AACACTTGGCAAGGAA-1,visium,10571,8966,9.157994270324707,3574.0,0.37938666343688965
AACAGGATTCATAGTT-1,visium,6251,8452,9.5199556350708,5196.0,3.6028764247894287
AACAGGCCAACGATTA-1,visium,19169,2482,9.627272605895996,6279.0,1.529132604598999
AACAGGTTATTGCACC-1,visium,12910,14050,10.038935661315918,6850.0,2.5065503120422363
AACAGGTTCACCGAAG-1,visium,5940,7917,9.895303726196289,6355.0,5.202661991119385
AACAGTCAGGCTCCGC-1,visium,583,15188,9.013351440429688,3466.0,0.5845816731452942
AACAGTCCACGCGGTG-1,visium,1217,18404,9.810165405273438,6621.0,1.4107701778411865
AACATACTCATATGCG-1,visium,546,8214,10.147492408752441,7315.0,5.394499778747559
AACATAGTCTATCTAC-1,visium,3618,6052,9.5402193069458,5798.0,2.93377423286438
AACATCTAATGACCGG-1,visium,8076,3614,8.583168029785156,3086.0,0.39325839281082153
AACATCTTAAGGCTCA-1,visium,903,17332,9.46645450592041,4806.0,0.8515250086784363
AACATGACGCAGCGTG-1,visium,17028,5712,8.862483978271484,3991.0,0.4815182089805603
AACATGACTTGGCTGC-1,visium,18782,16701,10.065818786621094,7599.0,2.129739999771118
AACATGCGCAAGTGAG-1,visium,2834,3642,9.414178848266602,4297.0,1.1011419296264648
AACCAAGGTATCAGGC-1,visium,15671,11353,8.738414764404297,3045.0,0.40083372592926025
AACCAATCTGGTTGGC-1,visium,2393,7668,9.764627456665039,5936.0,5.411927223205566
AACCACTAACATGATT-1,visium,1921,5792,10.031221389770508,6681.0,6.4425272941589355
AACCACTGCCATAGCC-1,visium,7205,13812,9.955985069274902,5976.0,3.1693313121795654
AACCAGAATCAGACGT-1,visium,11479,5742,9.36349105834961,5377.0,0.9953663945198059
AACCATAGAATTCGAA-1,visium,18802,20456,9.851299285888672,6723.0,0.9429986476898193
AACCATCGGAAGCGAC-1,visium,2526,3643,9.474395751953125,5044.0,3.0796403884887695
AACCATGAATTGCCTT-1,visium,11150,1988,7.787796974182129,1643.0,0.37344399094581604
AACCGCATGTATGTTA-1,visium,18010,16437,9.587337493896484,6087.0,1.9755795001983643
AACCGCCAGACTACTT-1,visium,6574,11133,9.320180892944336,3571.0,0.3315412104129791
AACCGCGGTAACTACA-1,visium,13100,20755,9.816130638122559,6482.0,0.46927863359451294
AACCGTGCTTATGTTG-1,visium,10695,3332,8.513787269592285,2776.0,0.5018064975738525
AACCTAAGATACTGAG-1,visium,14723,7066,10.073779106140137,7049.0,2.901484489440918
AACCTACAGAGGTAGT-1,visium,16299,13495,10.068450927734375,7515.0,2.598999500274658
AACCTACCTACCGGTT-1,visium,-14,18947,9.351492881774902,5467.0,0.7642205953598022
AACCTACTGTAACTCA-1,visium,2263,12229,10.16080093383789,7241.0,4.778104305267334
AACCTGACAGTGCCGC-1,visium,12313,17808,9.49152660369873,5486.0,0.5435603260993958
AACCTTAGCGTCCGGT-1,visium,8542,4416,9.103200912475586,4323.0,1.1243460178375244
AACGAAGCGTGGAAGT-1,visium,11224,15936,9.43364429473877,5570.0,0.8479321599006653
AACGAATTGACCGGTT-1,visium,5655,12211,9.082165718078613,3655.0,0.8753978610038757
AACGACCATTCGAATC-1,visium,17710,18048,10.404141426086426,7991.0,1.2729201316833496
AACGAGCCTCTTCGGC-1,visium,1488,11428,9.973806381225586,6565.0,4.968307018280029
AACGAGCTAATAACTA-1,visium,15224,14306,9.894749641418457,6557.0,2.022698402404785
AACGCTTCGAGTAACT-1,visium,12486,21295,9.165238380432129,4714.0,0.19878636300563812
AACGGCACAGAATATT-1,visium,3372,17856,8.130942344665527,1966.0,0.11775095760822296
AACGTCGCGACAAGGT-1,visium,1516,16793,9.539859771728516,5634.0,2.6039419174194336
AACGTGACGGTCCACC-1,visium,19071,12944,9.648402214050293,4971.0,1.1680433750152588
AACTAGCACTGTTCGA-1,visium,8599,15146,9.869568824768066,6488.0,4.060625076293945
AACTAGCATCACGTAC-1,visium,3621,6588,9.328123092651367,5125.0,1.7068183422088623
AACTAGCCTAATAGCA-1,visium,7853,19710,6.342121601104736,457.0,0.35273367166519165
AACTAGCCTTGCAATA-1,visium,8288,14611,9.896110534667969,5653.0,1.2341326475143433
AACTAGCGCTCCAGTT-1,visium,5903,943,9.796459197998047,6210.0,4.457677364349365
AACTAGGCCTGACACC-1,visium,14896,10552,9.807802200317383,6099.0,1.6892263889312744
AACTATCTAGCAGTAT-1,visium,7689,17833,9.312084197998047,4929.0,0.5510388612747192
AACTATGCTGCATTCG-1,visium,6390,5500,9.3878173828125,5242.0,1.4571644067764282
AACTATGTGCTTGTTA-1,visium,13651,8413,9.998661041259766,6854.0,1.682124137878418
AACTATTCTGCGGCCT-1,visium,16599,11884,8.71751880645752,2716.0,0.6385068893432617
AACTCAACCTTGACCA-1,visium,11815,11105,9.311542510986328,4066.0,0.8224873542785645
AACTCAACTTGACAGC-1,visium,5937,7381,9.63062858581543,4051.0,0.4335545003414154
AACTCACCGAACTTAT-1,visium,10610,16476,9.137124061584473,3352.0,0.44119226932525635
AACTCACCTCGGTGTT-1,visium,7061,15690,9.323043823242188,4807.0,0.5182273387908936
AACTCAGATCCATGCC-1,visium,1669,16524,9.99743366241455,6839.0,4.679320812225342
AACTGCAACGTCCTGG-1,visium,15048,10283,9.834244728088379,6608.0,2.765125036239624
AACTGCAATACGGATT-1,visium,8164,20245,7.430114269256592,1242.0,0.2967359125614166
AACTGCCGGAGTAACA-1,visium,3451,3638,9.696463584899902,5857.0,2.171105146408081
AACTGCCTCGATAGGT-1,visium,9043,11656,9.991544723510742,6499.0,2.8708791732788086
AACTGCGATCGACTAA-1,visium,18290,11071,7.592870235443115,1355.0,0.7060009837150574
AACTGCGATGAATAGG-1,visium,6984,1205,9.58218002319336,5979.0,2.1581740379333496
AACTGCTACCTCGATA-1,visium,14570,7335,10.034208297729492,7193.0,2.8123903274536133
AACTGGATACTTCACT-1,visium,981,3115,10.225679397583008,7488.0,3.1628143787384033
AACTTAACAGTGAGGA-1,visium,1301,5259,10.159640312194824,7021.0,5.337100505828857
AACTTATGATACGTAC-1,visium,3606,3906,9.561067581176758,4754.0,1.535211205482483
AACTTCAAGGATAATC-1,visium,10398,5479,8.9319486618042,4091.0,0.6077420711517334
AACTTCACAATAACTG-1,visium,1675,17597,10.10287094116211,7159.0,2.2857611179351807
AACTTCAGATACTACC-1,visium,12415,7883,9.727585792541504,6013.0,3.082334518432617
AACTTCAGCATGGCCG-1,visium,14697,2237,8.794672966003418,3778.0,1.2124886512756348
AACTTCATCTTCTGGT-1,visium,877,12504,10.144471168518066,7140.0,4.923572540283203
AACTTCGCTTAGTCAG-1,visium,11510,11643,9.125,3046.0,0.44657444953918457
AACTTGCAACTTGGAC-1,visium,3655,13026,9.766119956970215,6018.0,3.4821019172668457
AACTTGGTTAATACTA-1,visium,12936,18878,9.819127082824707,6229.0,0.9575104117393494
AAGAATTCTGGCTGCA-1,visium,7629,6567,9.290260314941406,3610.0,0.637060284614563
AAGACAATCTCCTGCA-1,visium,7931,5492,8.434898376464844,2644.0,0.3909643888473511
AAGACTAAGGAGATCC-1,visium,3782,7929,9.817874908447266,6052.0,4.978755950927734
AAGACTCAAGGCTCCA-1,visium,15227,14842,9.26813793182373,4322.0,0.5569190382957458
AAGACTGCTACTTCCT-1,visium,17311,882,9.45587158203125,5578.0,0.954467236995697
AAGACTGTCATAGTGC-1,visium,6735,12473,9.943477630615234,6640.0,4.016334056854248
AAGAGCAGATGTGCCA-1,visium,5833,16770,9.14291763305664,4624.0,0.7489033937454224
AAGATACAGGCGAACG-1,visium,18143,12413,7.872074127197266,1843.0,1.6399694681167603
AAGATAGTCGACCTTG-1,visium,829,3384,10.271700859069824,7539.0,3.9236040115356445
AAGATGAAGGTCATCG-1,visium,17077,14832,8.947546005249023,4061.0,0.5983350872993469
AAGATGCACTATACTT-1,visium,8008,19977,6.270988464355469,452.0,0.3787878751754761
AAGATGGCCGCTAGTT-1,visium,4845,4972,9.62661361694336,5597.0,4.913599967956543
AAGATTAGGCTGTCTA-1,visium,3528,18123,7.983098983764648,1829.0,0.3071672320365906
AAGATTATCTAGCATA-1,visium,10444,14063,9.631416320800781,5253.0,2.697735548019409
AAGATTGACACTCGAT-1,visium,9759,1191,9.456809997558594,5589.0,2.524620771408081
AAGCAAGAGCGTGATC-1,visium,2761,18932,9.167015075683594,4507.0,0.44908615946769714
AAGCAGCCTACTAAGC-1,visium,15414,21011,10.043597221374512,7079.0,0.37379929423332214
AAGCAGCGGACACGTG-1,visium,10582,11111,9.242420196533203,3260.0,0.48426151275634766
AAGCAGTATCAGAATC-1,visium,1808,13572,9.573246002197266,5998.0,2.0453596115112305
AAGCAGTGAGTGCGAC-1,visium,3943,9269,9.757767677307129,6119.0,6.050789833068848
AAGCAGTGGCATCACT-1,visium,10865,6281,9.309189796447754,3922.0,0.6160536408424377
AAGCAGTGTACACCGC-1,visium,5445,1750,9.5262451171875,5382.0,3.492781162261963
AAGCAGTGTAGAATCT-1,visium,10458,16745,8.799812316894531,2615.0,0.27141132950782776
AAGCATCAAGCGTGAT-1,visium,4390,6316,9.19461727142334,4440.0,3.5863049030303955
AAGCATTGAGTGGTTG-1,visium,3505,13831,9.713959693908691,5836.0,3.8498730659484863
AAGCCACCATTCAAGA-1,visium,1471,8209,10.124829292297363,7016.0,3.386230707168579
AAGCCACGCATAATGA-1,visium,15719,20473,10.309785842895508,8283.0,1.6919797658920288
AAGCCACTATGTCTAA-1,visium,15068,14038,10.046331405639648,7135.0,3.0255744457244873
AAGCCAGATATCAGAA-1,visium,3609,4442,9.756147384643555,5883.0,3.0940377712249756
AAGCCAGATCCAACAT-1,visium,16103,5717,9.180293083190918,4635.0,0.4637741148471832
AAGCCAGGCCGACGTG-1,visium,8893,12462,9.020873069763184,3692.0,1.4263266324996948
AAGCCAGGCTGCTTGA-1,visium,7767,3615,8.852235794067383,3706.0,0.5294033288955688
AAGCCAGGTTACGAAC-1,visium,1935,8475,9.998251914978027,6493.0,5.921680927276611
AAGCCATCCGTGCTAT-1,visium,3788,9002,9.99396800994873,6529.0,6.422143936157227
AAGCCATCGCGATATG-1,visium,2079,6596,9.897418975830078,6244.0,7.430324554443359
AAGCCATTATCTGCCA-1,visium,4551,7656,9.893437385559082,6314.0,5.283094882965088
AAGCGACGAACCGCCT-1,visium,12944,20488,9.878118515014648,6590.0,0.6410914063453674
AAGCGAGGAAGTGAAC-1,visium,16766,14298,10.117186546325684,7455.0,3.557583808898926
AAGCGTTCGTCTGTCC-1,visium,9844,17285,9.077494621276855,4462.0,0.6739006638526917
AAGGACATAACCGCAC-1,visium,14539,1434,8.831419944763184,3887.0,0.9495983123779297
AAGGACCAACATGGCT-1,visium,6153,18914,8.376550674438477,2549.0,0.3914344906806946
AAGGACCTGCAAGCAT-1,visium,17939,3025,10.13253402709961,7440.0,4.179425239562988
AAGGAGGCACTCAATT-1,visium,10763,16207,9.57748031616211,5331.0,1.3993765115737915
AAGGAGTGGCTACCAA-1,visium,4990,3094,9.738848686218262,6183.0,2.90043044090271
AAGGCAGTCTGATCAC-1,visium,14582,9481,9.757941246032715,6331.0,1.6020821332931519
AAGGCATGAACAGCTC-1,visium,8150,17562,9.375261306762695,5229.0,0.6699457168579102
AAGGCCAATTCAATAA-1,visium,14714,5456,8.787525177001953,3783.0,0.5342695713043213
AAGGCCAGTCGCAATT-1,visium,2110,12498,9.955082893371582,6638.0,5.598822116851807
AAGGCCGACCTACCTG-1,visium,10882,9500,9.579971313476562,5692.0,2.867804765701294
AAGGCCGACTATGTAA-1,visium,2274,14374,9.269834518432617,4557.0,1.0931020975112915
AAGGCCGATTCTGAGC-1,visium,13190,8683,10.052037239074707,6868.0,3.3143694400787354
AAGGCCTCGCGAGGAA-1,visium,14709,4383,8.736650466918945,3455.0,0.5139736533164978
AAGGCGAACAGCATAA-1,visium,18647,20189,10.166659355163574,7722.0,0.9607993960380554
AAGGCGAACTAGTAGA-1,visium,4885,12483,8.977020263671875,3268.0,0.41677191853523254
AAGGCGACGGTGTCGG-1,visium,7470,5763,8.60024642944336,2919.0,0.8652430176734924
AAGGCGAGGTTCATGT-1,visium,12921,16196,7.990915298461914,1898.0,0.27091091871261597
AAGGCGCCGACAATCT-1,visium,6992,2815,8.513185501098633,2871.0,0.48202449083328247
AAGGCGCCTAACATAG-1,visium,15855,16985,9.814820289611816,6176.0,1.704731822013855
AAGGTGGATATGATCG-1,visium,2704,8203,9.683650970458984,5991.0,4.491652011871338
AAGGTGTCCATTAAGA-1,visium,18604,12142,7.828436374664307,1643.0,1.2350597381591797
AAGGTTGCAGAAGCAG-1,visium,15852,16448,10.492467880249023,8240.0,2.9992785453796387
AAGGTTGCTGAGTTGA-1,visium,6455,17840,9.181941032409668,4313.0,0.6893713474273682
AAGTACTAAGGTTACG-1,visium,7929,4956,8.97271728515625,3690.0,0.6088280081748962
AAGTACTACAGTAGAA-1,visium,15388,16183,10.067475318908691,7577.0,2.024360179901123
AAGTACTGGATGCGCA-1,visium,10412,8162,9.101863861083984,3926.0,0.9252034425735474
AAGTATTGTAGGTCGC-1,visium,17328,4101,9.58836555480957,6167.0,2.144864082336426
AAGTCGCTATCCTGTC-1,visium,3969,14097,8.885717391967773,3457.0,1.1899820566177368
AAGTCGGACACTTCAG-1,visium,3352,14101,9.578034400939941,5408.0,3.8980822563171387
AAGTCTACCGGTTGGA-1,visium,10766,16744,8.597481727600098,2588.0,0.23998522758483887
AAGTCTACGCACTCGG-1,visium,19184,5164,9.795233726501465,6822.0,1.0753886699676514
AAGTCTGTCAATTCTT-1,visium,6594,14888,9.969368934631348,6507.0,2.804175853729248
AAGTCTTAAGTTGCCA-1,visium,9049,12729,8.670944213867188,2573.0,0.17152659595012665
AAGTGAGCCTGTTACA-1,visium,14101,5996,9.194108963012695,4936.0,1.74832284450531
AAGTGATCCACGAGCG-1,visium,17783,2758,9.905435562133789,6937.0,4.486475467681885
AAGTGGACGAATCTAC-1,visium,13544,17265,9.639717102050781,5770.0,0.5728420615196228
AAGTGGCGAAGTTAAT-1,visium,12429,10565,9.697016716003418,6152.0,3.030489444732666
AAGTGGCGAGTGTACA-1,visium,11221,15400,9.480062484741211,5700.0,1.6113020181655884
AAGTGGTTCCTCGCGT-1,visium,8766,17559,8.622993469238281,3252.0,0.6478315591812134
AAGTTAAGCACTATAA-1,visium,3960,12488,9.728121757507324,6074.0,4.4452385902404785
AAGTTACTATTACATC-1,visium,6551,6841,9.079319953918457,3092.0,0.3876411020755768
AAGTTCCTATTGCTGG-1,visium,7360,14079,9.925249099731445,6236.0,3.209550380706787
AATAACATGTGCTATG-1,visium,5479,8188,9.951610565185547,6407.0,5.9661664962768555
AATAACATGTTACGTC-1,visium,11026,7622,9.442482948303223,4540.0,0.5946717262268066
AATAACGTAACTGTGA-1,visium,8591,13536,9.975342750549316,6467.0,2.364000082015991
AATAACGTATTGAACA-1,visium,6070,3356,9.076008796691895,4467.0,0.4461221992969513
AATAACTCTACGATGT-1,visium,8299,16757,8.781248092651367,3689.0,0.35330262780189514
AATAACTTCATACGGA-1,visium,16731,7860,8.2664213180542,2126.0,0.4884319007396698
AATACAATGCGAGCAG-1,visium,14489,21016,9.893386840820312,7198.0,0.540458619594574
AATACGAGAACACTCG-1,visium,17679,12147,7.74543571472168,1569.0,1.3852814435958862
AATACGCATATCCAGA-1,visium,1678,18133,9.954751014709473,6587.0,1.3301030397415161
AATACGGTACGGCCTA-1,visium,8458,17561,8.769818305969238,3706.0,0.761342465877533
AATACGTAGACAGTTA-1,visium,11945,6544,9.498971939086914,5494.0,1.9782689809799194
AATACTAACCACTTAT-1,visium,3324,8736,9.665547370910645,5961.0,3.317685842514038
AATAGATAGCCTAACC-1,visium,4277,14096,8.954286575317383,3408.0,0.7493540048599243
AATAGCACGGAAGCGA-1,visium,5612,4163,7.982757568359375,1877.0,0.5804029107093811
AATAGTATAGTTGTCG-1,visium,11043,10841,8.683216094970703,2735.0,0.38969841599464417
AATAGTCGTTATCTAG-1,visium,2093,9279,9.957975387573242,6307.0,6.832709789276123
AATAGTGCTCATAGAA-1,visium,11830,13787,9.117347717285156,4415.0,5.136648178100586
AATAGTGGAAGAGCAT-1,visium,9018,6828,9.74496078491211,5940.0,2.2323782444000244
AATAGTTGGTGCTCAG-1,visium,12746,12173,9.00245475769043,4141.0,0.6894853711128235
AATATTAGGCTTCTGG-1,visium,7519,14883,9.639847755432129,5195.0,1.868003010749817
AATCCGCCGACCTGAG-1,visium,8548,5489,8.51218032836914,2467.0,0.5227181315422058
AATCCGCCTGGTCAAT-1,visium,6891,12741,9.985897064208984,6793.0,4.204080104827881
AATCCGGAGCTTGTCT-1,visium,1344,13306,9.227492332458496,4897.0,1.0715690851211548
AATCGAACGGACGGAG-1,visium,6084,6039,9.003315925598145,3990.0,0.6519867181777954
AATCGAATGTAACAGT-1,visium,19074,13481,10.45432186126709,8274.0,3.326319456100464
AATCGACTATCGCTAG-1,visium,5304,4165,8.344267845153809,2213.0,0.49940547347068787
AATCGGCGCCAACGGT-1,visium,147,20287,10.399555206298828,8722.0,2.676287889480591
AATCTATCTAACCGAG-1,visium,2917,19200,9.057305335998535,4130.0,0.5244755148887634
AATCTGCGAGACGTTC-1,visium,1055,17063,9.528648376464844,4633.0,0.9674837589263916
AATCTTAGCCTCTGTC-1,visium,8231,3881,8.815221786499023,3621.0,0.4602821171283722
AATGAACTACGTCCAG-1,visium,3151,5249,9.8198881149292,6036.0,5.300353527069092
AATGAAGACGGTTCAG-1,visium,9660,11653,8.78538703918457,3113.0,0.39773598313331604
AATGAAGAGGATGTAT-1,visium,11306,2255,7.313886642456055,1058.0,0.6666666865348816
AATGAATCGGAAGGCA-1,visium,13501,9218,9.92387866973877,6636.0,3.8165695667266846
AATGATTACAACCTAA-1,visium,13351,10024,9.940253257751465,6712.0,3.017158269882202
AATGCAATCACTGTCG-1,visium,9069,16484,9.143879890441895,2849.0,0.2885848879814148
AATGGACATCCTACTC-1,visium,8729,10585,8.5446138381958,2721.0,0.5449591279029846
AATGGAGGACCTGGTG-1,visium,15821,10547,8.916505813598633,3656.0,0.3622702360153198
AATGGCATAGTATCAT-1,visium,10593,13257,9.870964050292969,6231.0,3.2594659328460693
AATGGTCGAACGTGAA-1,visium,2520,2570,8.867286682128906,3811.0,0.40873852372169495
AATGGTCGATACTCGG-1,visium,7694,18906,9.129889488220215,4205.0,0.195100799202919
AATGGTCTCGAGCGCT-1,visium,888,14650,9.575191497802734,5401.0,1.3539786338806152
AATGGTGCGTCCTAAC-1,visium,16296,12959,9.107643127441406,4573.0,0.8755402565002441
AATGGTTATTCTAGCT-1,visium,2747,16250,9.331230163574219,4630.0,1.0191421508789062
AATGGTTGAGTCGGAA-1,visium,16395,2497,9.220587730407715,4905.0,0.9503068327903748
AATGTACTTAACATCA-1,visium,12865,5466,9.013595581054688,4385.0,0.8401314616203308
AATGTAGTCTTACGAG-1,visium,3329,9809,9.937164306640625,6291.0,6.72983980178833
AATGTCAGGTCATTAC-1,visium,11674,13520,9.252824783325195,4703.0,2.7604715824127197
AATTACCAACTCCGTA-1,visium,18250,3560,9.821843147277832,6653.0,1.4812002182006836
AATTAGCAACCGTTCC-1,visium,6305,18645,8.464003562927246,2749.0,0.5063291192054749
AATTAGCTTAGGTGTA-1,visium,10311,18087,10.084474563598633,7388.0,2.002753973007202
AATTATACCTCAATGA-1,visium,6681,2280,8.680501937866211,3515.0,0.6116208434104919
AATTCTAACATCGTGC-1,visium,10684,1186,8.794672966003418,3711.0,0.3637465834617615
AATTCTCAGACGCAAC-1,visium,8147,17026,9.090993881225586,4310.0,0.6423259377479553
AATTCTCGCACCAGTA-1,visium,13374,14316,10.128988265991211,7476.0,3.3043339252471924
AATTCTTGCATTGGTC-1,visium,8986,927,9.849981307983398,6628.0,3.460463047027588
AATTCTTGGATACGGA-1,visium,7779,5761,8.457655906677246,2354.0,0.6581740975379944
AATTGCATTGAAGAAT-1,visium,7951,9248,9.718121528625488,5198.0,1.1856756210327148
AATTGCGGTGCTAATA-1,visium,3355,14637,8.880167961120605,3037.0,0.48699039220809937
AATTGCGTCAGACACT-1,visium,3049,15175,8.95363998413086,3479.0,0.581771194934845
AATTGGACGGCATCGT-1,visium,4902,15702,8.710124969482422,2859.0,0.23090879619121552
AATTGGAGACATGGAG-1,visium,6297,17036,9.3419828414917,5267.0,0.7101525664329529
AATTGGCTTGAGTTGC-1,visium,7787,7371,9.709478378295898,5096.0,2.2340941429138184
AATTGGTTATGATACA-1,visium,10415,8698,9.151651382446289,3714.0,0.4242231547832489
AATTGTAGAATCCTAG-1,visium,8240,5491,8.440095901489258,2508.0,0.5185825228691101
ACAACCTTGGTGTCAA-1,visium,8314,19439,9.391744613647461,4213.0,0.2585919201374054
ACAACGAGCGATCTGA-1,visium,17504,8124,8.256088256835938,2207.0,0.2857142686843872
ACAACGCCGATAGTAT-1,visium,2888,13835,9.868844032287598,6176.0,3.1576766967773438
ACAACGTGAATTCACG-1,visium,442,17603,10.061260223388672,6894.0,2.5622410774230957
ACAACTAACCAGTGGA-1,visium,16547,2228,9.396571159362793,5501.0,0.7803419828414917
ACAACTAAGGTGTTAT-1,visium,6902,14886,9.954133033752441,6563.0,3.1086604595184326
ACAACTAAGTGGCGCT-1,visium,15651,7597,9.354267120361328,5118.0,1.1258336305618286
ACAACTGAATCCAGTC-1,visium,18429,8119,8.353968620300293,2691.0,0.5887894630432129
ACAACTGTCGTGGATA-1,visium,16279,9740,8.430109024047852,2715.0,0.5892623066902161
ACAAGTAGTTCCGGTA-1,visium,17411,19659,10.649701118469238,8751.0,4.644491195678711
ACAATACAATCCTTAA-1,visium,15863,18594,10.123265266418457,7253.0,0.907084047794342
ACAATACACTTCCATC-1,visium,3836,18122,8.434028625488281,2271.0,0.28260868787765503
ACAATACAGGCGCCGT-1,visium,15201,10014,9.54959487915039,5785.0,1.9091037511825562
ACAATACGCCTTATTC-1,visium,15380,14573,9.100972175598145,4516.0,1.2718956470489502
ACAATAGGATCCAACC-1,visium,12016,19956,9.960246086120605,6879.0,0.7275475859642029
ACAATATCATCCGGTA-1,visium,16471,16982,10.037537574768066,6864.0,1.4605562686920166
ACAATTGGTCGCGTAA-1,visium,13959,8411,10.059849739074707,7134.0,2.3648648262023926
ACAGAAGTGATCAATC-1,visium,2215,3108,9.487668991088867,4351.0,1.5308829545974731
ACAGAATAAGAACCAT-1,visium,15031,7064,10.110542297363281,7113.0,2.247967481613159
ACAGAATAAGATAGTG-1,visium,11942,6008,9.429234504699707,5513.0,1.3176923990249634
ACAGAATCCGTTGCTT-1,visium,13971,10557,10.064074516296387,6895.0,2.980879783630371
ACAGAATCTTGATAAG-1,visium,8559,7635,9.652844429016113,5527.0,2.492772340774536
ACAGAATGTCTTATTG-1,visium,13510,10828,9.967635154724121,6650.0,2.860626697540283
ACAGAATGTTGAGTCC-1,visium,5154,4971,9.464284896850586,5142.0,5.438324451446533
ACAGCCAGGCATAAGC-1,visium,11380,16204,9.039433479309082,4059.0,0.237304225564003
ACAGGAACTACAGAAC-1,visium,7966,11930,9.77928352355957,6476.0,2.8081300258636475
ACAGGACTGAGCCGAT-1,visium,9631,6288,9.125327110290527,4579.0,2.787456512451172
ACAGGAGTCATAATGT-1,visium,18024,19119,10.639909744262695,8833.0,3.105247974395752
ACAGGATACCGGATTC-1,visium,1033,12772,9.937019348144531,6837.0,3.6216816902160645
ACAGGCACGCGAGGAT-1,visium,724,12773,10.23376178741455,7470.0,4.653921127319336
ACAGGCCTTCTAATGC-1,visium,12783,19147,9.9003324508667,6578.0,0.9480336904525757
ACAGGTACCAAGGAAG-1,visium,14936,18063,9.399720191955566,5575.0,0.7613372802734375
ACAGGTGGACGACCTC-1,visium,15769,891,9.50963020324707,5812.0,1.1788256168365479
ACAGGTTCAGTGAACG-1,visium,7185,10056,9.449987411499023,5090.0,2.5497756004333496
ACAGTACGCACTACCT-1,visium,1171,9820,10.189380645751953,6798.0,7.168081283569336
ACAGTCACAATATTAG-1,visium,15402,18865,10.071710586547852,7482.0,0.9719815850257874
ACAGTTGAGGCTAATG-1,visium,19008,1142,9.210440635681152,4866.0,0.7599999904632568
ACATAACCTCTGCCTT-1,visium,17314,1419,9.293485641479492,5366.0,1.1963924169540405
ACATAAGACGCATATG-1,visium,18307,14289,10.084725379943848,7431.0,2.765611410140991
ACATAAGCAATGCGGT-1,visium,12924,16732,9.008224487304688,4121.0,0.45293182134628296
ACATCACTGGCGTTCG-1,visium,5289,1483,9.317130088806152,4674.0,4.026604652404785
ACATCGAAGTGATTAA-1,visium,18089,2219,9.200390815734863,4960.0,1.5959596633911133
ACATCGCCACAAGAGG-1,visium,8608,16755,8.322151184082031,2376.0,0.5592025518417358
ACATCGCCTAGTATGT-1,visium,18875,5166,9.623244285583496,6301.0,1.7073655128479004
ACATCGGCTTACAAGG-1,visium,5623,6309,9.134754180908203,3038.0,0.3990939259529114
ACATCGTAGACAGGTT-1,visium,2724,11958,9.861258506774902,6402.0,4.762153148651123
ACATCGTCGGTCTACC-1,visium,11787,5740,9.15175724029541,4697.0,1.1770944595336914
ACATCTACCTGTTCTA-1,visium,6678,1744,8.61286735534668,3138.0,1.199781894683838
ACATCTATCCGAACCA-1,visium,5765,3894,8.62962818145752,3289.0,0.6792992353439331
ACATCTCAGTATTGCA-1,visium,18163,16168,10.096872329711914,7321.0,3.148437976837158
ACATCTCGACAACCAC-1,visium,13328,5732,9.511555671691895,5671.0,0.9249666929244995
ACATCTCGCATAGAAT-1,visium,7544,19711,7.069874286651611,946.0,0.42553189396858215
ACATGGATGCGTAAGC-1,visium,12576,9223,9.617271423339844,5759.0,2.5497636795043945
ACATGTTCACCGGCAG-1,visium,14712,4920,8.8359375,3917.0,0.6253635883331299
ACATGTTCCAGGACGT-1,visium,8093,6833,9.847393035888672,6202.0,2.411677598953247
ACATGTTGCTTGATCT-1,visium,2551,8472,9.960103988647461,6408.0,5.773955821990967
ACATTCCTGAGTTCCG-1,visium,6229,4160,9.051344871520996,3940.0,0.809004545211792
ACATTGAACTAAGCTA-1,visium,17108,20734,10.348365783691406,8220.0,1.6183303594589233
ACATTGAAGGCGGTGC-1,visium,3205,15443,8.898638725280762,3786.0,0.43709874153137207
ACATTGAATACGCATA-1,visium,6540,4695,9.222565650939941,3987.0,0.4544556736946106
ACATTGCAGTTCGGCA-1,visium,5762,3358,8.815667152404785,3862.0,0.5046007633209229
ACATTGGTTCACAGTG-1,visium,14746,11358,9.07406234741211,3854.0,0.5272206664085388
ACATTGGTTCTGCCGT-1,visium,857,8749,10.204813957214355,7256.0,5.031074047088623
ACATTGTACATTCTTG-1,visium,8101,8442,9.93793773651123,6013.0,2.729468584060669
ACCAAGCACTTGCGCA-1,visium,11538,17008,8.740976333618164,3024.0,0.4317927062511444
ACCAAGGCTTCGCTAG-1,visium,10225,1993,9.319194793701172,4761.0,0.8251860737800598
ACCAAGTGATGGTGAG-1,visium,7213,15421,9.583488464355469,4618.0,0.3443051874637604
ACCAAGTGGCTGTATG-1,visium,9516,13531,9.594513893127441,3708.0,0.3269086480140686
ACCAATCATGGTTCAT-1,visium,18267,6779,9.469314575195312,5775.0,1.929756760597229
ACCAATGAGCCTCATC-1,visium,10401,6016,8.901910781860352,3938.0,0.7760381102561951
ACCAATGATCGCGGCC-1,visium,18734,7581,8.873047828674316,3847.0,0.560538113117218
ACCACGGAAGTTAATT-1,visium,520,3386,10.121376991271973,6989.0,4.712883949279785
ACCACGGATCCGGATA-1,visium,5295,2556,9.19614028930664,4855.0,1.3491580486297607
ACCACGGCCTCGCACC-1,visium,16285,10813,8.573006629943848,2668.0,0.5864548087120056
ACCAGCACTCCAATAC-1,visium,18864,3020,10.340644836425781,7933.0,4.760213375091553
ACCAGTATGAAGTTCC-1,visium,8749,14340,9.801454544067383,5124.0,1.1407054662704468
ACCATAACTCCTCGTA-1,visium,11849,17543,8.332549095153809,2503.0,0.5534167289733887
ACCATCCGTTCGAGTG-1,visium,4995,4167,8.693328857421875,2673.0,0.40254947543144226
ACCATTAGATCGTGGC-1,visium,14593,11627,9.005773544311523,4099.0,0.6994723081588745
ACCGAAGATGTCGGCA-1,visium,15801,6792,8.438798904418945,2841.0,0.6057983636856079
ACCGAAGCCGAATTAA-1,visium,10565,7893,9.887001991271973,6479.0,1.8503457307815552
ACCGAGAACGTGTTGG-1,visium,4217,2830,9.662307739257812,6146.0,2.5392987728118896
ACCGAGGTGATACCGA-1,visium,2701,7666,9.800956726074219,6130.0,4.371191024780273
ACCGATTCCGGATACT-1,visium,17985,11609,7.383368015289307,996.0,0.9950248599052429
ACCGATTGAGGATCTG-1,visium,16924,15102,8.484049797058105,2907.0,0.2688172161579132
ACCGCAGGTCGAGTTG-1,visium,14930,16990,9.67834186553955,6195.0,0.8830713033676147
ACCGCTTGCTAAGCAG-1,visium,18327,18045,10.244556427001953,7998.0,1.4007395505905151
ACCGGACGCCAAGCGT-1,visium,5986,16501,9.333353996276855,5092.0,0.8489565253257751
ACCGGCACCATACTGC-1,visium,6899,14350,10.05616569519043,6614.0,3.575413942337036
ACCGGCACGTACGAAC-1,visium,13792,5998,9.520174980163574,5832.0,1.371872901916504
ACCGGCCGACCTGCAC-1,visium,17345,7320,8.569975852966309,3033.0,0.32258063554763794
ACCGGCCTCAGGAGTT-1,visium,16601,12421,8.528923988342285,3114.0,0.8699090480804443
ACCGGCTATCGTGCGG-1,visium,12916,15123,9.779623985290527,6641.0,2.0714244842529297
ACCGTACACGACCGTC-1,visium,11060,14060,9.546741485595703,4233.0,0.5857979655265808
ACCGTACTATCGGAGG-1,visium,13029,7343,10.064287185668945,6977.0,3.678474187850952
ACCGTAGGCGGAGGTT-1,visium,9847,17822,9.12869644165039,4658.0,0.6619641780853271
ACCGTCGAGTATACTC-1,visium,2826,2032,9.344083786010742,5410.0,1.5485564470291138
ACCGTGTTATAAGTCG-1,visium,16339,21006,9.873749732971191,6973.0,0.8550970554351807
ACCTAACAATCTTCAA-1,visium,19108,19918,10.670929908752441,9265.0,2.485841751098633
ACCTAAGTGATAATCA-1,visium,18293,11607,8.31139850616455,2054.0,1.0076185464859009
ACCTAATGTTACCAAT-1,visium,14562,5725,8.509765625,3162.0,1.6122530698776245
ACCTAATTGTCGCTGA-1,visium,4868,9264,9.906831741333008,6055.0,7.560051918029785
ACCTATAACGAACTAC-1,visium,14115,8678,10.170801162719727,7205.0,2.7020821571350098
ACCTATGCTACCGGAT-1,visium,1632,9549,10.063861846923828,6725.0,6.657296180725098
ACCTCCGATTATAAGA-1,visium,11303,1719,7.910957336425781,1657.0,0.440205454826355
ACCTCCTAGAGGCATG-1,visium,4130,15438,8.401782035827637,2587.0,0.17961382865905762
ACCTCGCACTAAGAGC-1,visium,17178,4907,9.488956451416016,5658.0,2.1419920921325684
ACCTGCCACTATCAAT-1,visium,16146,13764,10.02879810333252,7312.0,2.5806167125701904
ACCTGCCAGAGGATCT-1,visium,15711,18863,10.102461814880371,7208.0,1.1023685932159424
ACCTGCTTATAGTTCG-1,visium,7988,16222,8.646289825439453,2714.0,0.650492250919342
ACCTGCTTGAGCCTGG-1,visium,14913,13771,10.039328575134277,7360.0,2.894059181213379
ACCTGCTTGCTACGAC-1,visium,10712,6551,8.843470573425293,2984.0,0.40415701270103455
ACCTGTAACCGAATAA-1,visium,4831,2290,9.42609691619873,5363.0,2.4905295372009277
ACCTGTCTGCGGTTGT-1,visium,15325,4380,9.28896713256836,5345.0,0.8967366218566895
ACCTGTGGCGCTGCAA-1,visium,6831,1474,9.139810562133789,4439.0,1.15904700756073
ACCTGTGGTCACCTCG-1,visium,7813,12199,9.32572078704834,4626.0,1.0425949096679688
ACCTTCAGACCTCGGT-1,visium,15781,3036,9.257224082946777,4989.0,0.868403434753418
ACCTTGGCTCTGTAAG-1,visium,17489,5442,8.956866264343262,4267.0,1.0824742317199707
ACGAACATAGGATCGG-1,visium,11394,18886,10.352906227111816,8063.0,1.8055955171585083
ACGAACGCACGAGCAC-1,visium,14129,11361,9.535968780517578,5550.0,1.6031196117401123
ACGAAGCCACCTGAGG-1,visium,10783,19963,9.98289966583252,7080.0,0.6512100100517273
ACGACAAGCACTTCAC-1,visium,5932,6308,9.518192291259766,4246.0,0.6027638912200928
ACGACTGAAGACTTAC-1,visium,7046,13008,9.839801788330078,6081.0,3.948840856552124
ACGAGGACAACTCACC-1,visium,11247,20228,9.935712814331055,6796.0,0.6584681272506714
ACGAGGACCTGCTAGT-1,visium,16743,10006,8.050065040588379,2034.0,0.4468560814857483
ACGAGTGCGTGCGTTC-1,visium,5770,4967,9.27049446105957,4847.0,1.4784818887710571
ACGATGACTATTAGAT-1,visium,14899,11089,9.30155086517334,4014.0,0.5112287402153015
ACGATGCGAAGGAGCA-1,visium,14106,7069,9.996522903442383,6825.0,3.968290328979492
ACGATGCTCCAATACA-1,visium,5035,11677,9.718181610107422,5637.0,3.7734713554382324
ACGATGTCGCACAATC-1,visium,11173,6280,9.214431762695312,4434.0,1.4043824672698975
ACGATGTCGTTGCCAA-1,visium,13804,8144,9.865630149841309,6466.0,0.9763190746307373
ACGATGTTACCTCATT-1,visium,8104,8979,9.640433311462402,4923.0,1.5611786842346191
ACGCAACGAAGAGTAT-1,visium,7683,16760,9.242420196533203,4786.0,0.5423728823661804
ACGCAAGGCATAAGTC-1,visium,3825,15976,8.447199821472168,2307.0,0.2789101004600525
ACGCAATAGTATACGA-1,visium,7380,17835,9.346094131469727,5154.0,0.5937309265136719
ACGCACATTGTAAGTA-1,visium,1779,8207,9.911108016967773,6247.0,3.925168991088867
ACGCCGGCATCACTGG-1,visium,13521,12974,10.150191307067871,7235.0,4.282086372375488
ACGCCTCCGATGTTCC-1,visium,15261,21280,8.98419189453125,4286.0,0.2257053256034851
ACGCGGAAGAGTTCCG-1,visium,3479,9003,9.557682037353516,5465.0,5.87196159362793
ACGCGGCTCAAGTTCA-1,visium,18763,12946,9.637632369995117,5380.0,1.7416828870773315
ACGCGTAGACTCAACT-1,visium,8622,19438,9.695786476135254,5002.0,0.3569670021533966
ACGCGTCGGTGAGGTT-1,visium,7338,9787,9.32036018371582,4765.0,4.183838367462158
ACGCGTTCCAGCCTTC-1,visium,2136,17326,9.479986190795898,4132.0,0.6109668612480164
ACGCGTTCGCGATCAT-1,visium,586,15725,9.442007064819336,4631.0,0.7298111915588379
ACGCTCAGTGCTATTC-1,visium,3482,9540,9.808682441711426,6125.0,6.668498992919922
ACGCTGCGATTAACGA-1,visium,6107,10330,9.93294906616211,6309.0,5.418264865875244
ACGGCCGTCAACGTAT-1,visium,11020,6549,8.638171195983887,3017.0,0.460829496383667
ACGGCCGTGACATTAA-1,visium,9773,3873,8.799209594726562,3724.0,1.0410380363464355
ACGGCCTTGCCAGAAC-1,visium,17207,10272,7.506591796875,1307.0,0.8246289491653442
ACGGCTATGGCATACC-1,visium,7937,6565,9.504650115966797,4723.0,1.370985746383667
ACGGCTTAACGATAGT-1,visium,8919,17290,8.599510192871094,3295.0,0.5342667698860168
ACGGCTTACGTATGCC-1,visium,11077,17279,9.267760276794434,3919.0,0.292728990316391
ACGGCTTATTGGTATG-1,visium,2246,9010,10.01574420928955,6504.0,6.341899394989014
ACGGCTTCAGGTACCG-1,visium,3519,16514,8.66871166229248,2584.0,0.37820184230804443
ACGGCTTCCATCGGAA-1,visium,10138,14601,9.676712036132812,5566.0,3.2933943271636963
ACGGCTTCGATTAAGC-1,visium,1909,3647,9.918671607971191,6526.0,4.614626884460449
ACGGCTTGTTCAATCG-1,visium,10913,15402,9.662434577941895,5676.0,0.890868604183197
ACGGTCGCATCTAGAA-1,visium,16180,20202,10.751113891601562,9537.0,3.1404640674591064
ACGGTCGGACAGGCGA-1,visium,8689,3074,9.412383079528809,5557.0,2.255270481109619
ACGGTGATAATGTTAC-1,visium,727,13310,10.141204833984375,7214.0,4.983047962188721
ACGGTGTACGGTGCCA-1,visium,3666,15172,9.276127815246582,4297.0,0.30901768803596497
ACGGTTACATCCGAAG-1,visium,9224,16752,8.187021255493164,1723.0,0.4453102946281433
ACGGTTCACCTTCCGG-1,visium,5983,15964,9.065546035766602,3506.0,0.4508149325847626
ACGGTTCGCAAGTAAC-1,visium,7006,5497,9.200088500976562,4745.0,1.8389410972595215
ACGGTTCGTACAGTTG-1,visium,6888,12204,9.904387474060059,6400.0,4.126492500305176
ACGGTTCGTCCGACCG-1,visium,9994,16480,9.256269454956055,3432.0,0.5540165901184082
ACGTCAGATTACTTCG-1,visium,16155,15374,10.027429580688477,7144.0,2.9817121028900146
ACGTGCAATTATTCGG-1,visium,2107,11961,9.900132179260254,6514.0,5.609070777893066
ACGTTAATACAATGAC-1,visium,7026,9253,9.874367713928223,6242.0,3.021878957748413
ACGTTACGCAGACAGC-1,visium,17394,16440,9.992276191711426,6547.0,1.0477672815322876
ACGTTAGGCTCAAGCC-1,visium,13705,18606,10.046418190002441,7309.0,1.2786060571670532
ACGTTAGTACTGGACA-1,visium,15097,19403,10.547444343566895,8845.0,2.9097402095794678
ACGTTCACGACTAGGT-1,visium,12112,8957,9.463431358337402,5241.0,2.8806583881378174
ACGTTCACTAGTTGTA-1,visium,18313,15362,9.966368675231934,7199.0,2.2350566387176514
ACGTTCCATTACCTCA-1,visium,14622,16991,9.690170288085938,6045.0,0.9345794320106506
ACGTTCGTCCGCCTAT-1,visium,5615,4700,9.148677825927734,3587.0,0.5424954891204834
ACGTTCTATGCACGAC-1,visium,5663,13820,9.620527267456055,5724.0,1.8646316528320312
ACGTTCTGCCATAATC-1,visium,12256,7079,9.75892448425293,6125.0,3.368579149246216
ACTAATGCCTTGCATC-1,visium,17628,2490,9.227001190185547,5089.0,2.1540277004241943
ACTAATTCTATGCGCA-1,visium,300,20018,10.238924026489258,8480.0,1.3192707300186157
ACTACAATGACCGTAA-1,visium,2450,18397,9.55506420135498,5454.0,0.6021962761878967
ACTACCAACTGTGGCT-1,visium,18641,19116,10.468403816223145,8476.0,2.9273838996887207
ACTACGCCTCATGATT-1,visium,16621,16176,10.270108222961426,7577.0,2.3426671028137207
ACTAGATCTGAAGCGG-1,visium,7985,15685,9.291090965270996,4401.0,0.6642066240310669
ACTATCAAGGACGGAA-1,visium,8064,1468,9.204020500183105,4948.0,1.5801128149032593
ACTATGAGGTTCTGTC-1,visium,14774,16722,9.807746887207031,6613.0,1.348153829574585
ACTATTACCAGGTGCT-1,visium,10542,3601,8.181440353393555,2366.0,0.39182761311531067
ACTATTAGACAGGCTG-1,visium,12452,14857,9.573176383972168,5873.0,1.7115424871444702
ACTATTAGCCTAATCG-1,visium,12633,19953,10.148275375366211,7900.0,2.2978157997131348
ACTATTGTTCGCACAG-1,visium,18921,13750,10.326464653015137,7889.0,3.9503421783447266
ACTCAGCGGTAGATTG-1,visium,297,19482,10.247821807861328,7957.0,2.7002124786376953
ACTCAGCTCGAGTGTC-1,visium,2586,14909,8.725994110107422,3218.0,0.7305194735527039
ACTCAGCTTCTGAGAC-1,visium,1191,13575,9.375431060791016,5147.0,2.611497402191162
ACTCAGGCCTGCAACT-1,visium,11035,9231,9.841079711914062,6382.0,2.7675769329071045
ACTCAGTAGATACAAT-1,visium,7909,1200,9.297801971435547,5307.0,2.0067808628082275
ACTCAGTGAGCCTCCA-1,visium,8415,9513,9.7456636428833,5947.0,2.5001463890075684
ACTCCAGGCCGAAGAC-1,visium,13224,15121,9.724061965942383,6516.0,1.7709704637527466
ACTCCAGTAGCTCCAG-1,visium,17071,13759,10.073272705078125,7314.0,2.4388184547424316
ACTCCTATGTTCCTAC-1,visium,2546,7399,9.718783378601074,5814.0,5.244797706604004
ACTCCTGACCACTGAG-1,visium,11400,19959,9.946067810058594,6920.0,0.9966936707496643
ACTCCTTGTCCAGACC-1,visium,837,4993,10.223176956176758,7238.0,3.8935093879699707
ACTCGAACGTTCGTTA-1,visium,2908,17590,8.833170890808105,2957.0,0.4812600016593933
ACTCGAGTCCAAGTTG-1,visium,1304,5796,9.99396800994873,6745.0,4.553966999053955
ACTCGATTGATATCCA-1,visium,10144,15674,9.78160285949707,6042.0,2.801626682281494
ACTCGTATTGTCAGAA-1,visium,10101,7627,9.795735359191895,6051.0,2.422588586807251
ACTCGTTCCTGATACA-1,visium,1604,4185,10.027429580688477,6714.0,2.8138527870178223
ACTCTAAGCTTGCGCC-1,visium,13518,12437,9.428431510925293,5540.0,1.2302991151809692
ACTCTACTTCCGCATT-1,visium,6577,11669,9.875859260559082,6403.0,3.7267401218414307
ACTCTGACCTTACTGA-1,visium,3906,2295,9.462654113769531,5671.0,1.8494055271148682
ACTCTTGCGGAGAACC-1,visium,10703,4941,8.84520149230957,3403.0,0.4178674519062042
ACTGACGGCCATGTCT-1,visium,1140,3919,9.998251914978027,6791.0,1.30986487865448
ACTGACGGCGAATAGT-1,visium,5176,9262,9.924661636352539,6137.0,7.441131591796875
ACTGACGTGATATTGG-1,visium,14268,8409,10.119324684143066,7236.0,3.07450532913208
ACTGACTCTGCTGGCC-1,visium,1825,16791,9.539715766906738,5590.0,4.107913970947266
ACTGACTGTCATCTAC-1,visium,4085,6854,8.780172348022461,3276.0,1.4608641862869263
ACTGAGACCTTAGCAC-1,visium,4220,3366,9.764455795288086,6118.0,2.1548008918762207
ACTGAGCGATTACTAA-1,visium,9453,1729,9.743905067443848,6313.0,1.9531937837600708
ACTGAGCGCAACTCAT-1,visium,6854,5766,9.821138381958008,6369.0,3.415137529373169
ACTGATACAGAACGTC-1,visium,8373,1466,9.485468864440918,5394.0,1.2304420471191406
ACTGATACCTTCACTA-1,visium,6987,1742,9.459307670593262,5497.0,2.68205189704895
ACTGATACTCCATTAC-1,visium,8469,19707,7.942362308502197,1437.0,0.28439387679100037
ACTGATAGCACGGTCT-1,visium,16098,4644,9.678216934204102,6191.0,1.5032885074615479
ACTGCAAGGCTTCTCG-1,visium,1067,19209,10.347885131835938,8034.0,2.25392746925354
ACTGCATCTTGTTCCA-1,visium,17558,18317,10.58930778503418,8691.0,3.2261316776275635
ACTGGTAAGGCCTCAG-1,visium,5456,3896,7.898039817810059,1756.0,0.3344481587409973
ACTGGTGATTCCGATC-1,visium,2588,15446,9.199684143066406,3998.0,0.6267057657241821
ACTGGTTCTGAACGAT-1,visium,3819,14903,8.827467918395996,3368.0,0.3520093858242035
ACTGTACAATTCTACT-1,visium,4444,16509,9.03741455078125,3149.0,0.3804541528224945
ACTGTACATCCGATAC-1,visium,871,11431,10.011085510253906,6723.0,5.491446495056152
ACTGTAGACAAGGAAT-1,visium,3044,14102,9.455166816711426,5180.0,4.212009429931641
ACTGTAGAGTGCCGGC-1,visium,1528,18939,9.965240478515625,6866.0,1.584167718887329
ACTGTATTCTAGTCCA-1,visium,12469,18076,9.540075302124023,5681.0,0.6688241958618164
ACTTAAGCCAGTAGGA-1,visium,8237,4954,8.761706352233887,3372.0,0.7205513715744019
ACTTCGACGGATCATT-1,visium,16567,5983,9.015541076660156,4284.0,0.6197594404220581
ACTTGAAGCGAGCGGT-1,visium,11190,9499,9.95934772491455,6513.0,3.243805408477783
ACTTGAATTAGCCGGT-1,visium,439,17067,9.801067352294922,5126.0,0.5484156608581543
ACTTGACTGAGCACGA-1,visium,13411,21290,9.521202087402344,6025.0,0.39574936032295227
ACTTGAGCCGTTCTTA-1,visium,7173,7911,9.767210006713867,5530.0,1.8680877685546875
AGAACAGGAGCATGGA-1,visium,12141,14322,9.518854141235352,4985.0,1.3663409948349
AGAACATACTGGTCGT-1,visium,5286,946,9.985758781433105,6479.0,4.200055122375488
AGAACTTCGATGCGTA-1,visium,14138,12970,9.819072723388672,6632.0,3.492927074432373
AGAAGCAATGAGGAAC-1,visium,9761,1727,9.597370147705078,5738.0,1.0594227313995361
AGAAGCAGCCTAAGCT-1,visium,10738,11379,9.749344825744629,5720.0,2.3567843437194824
AGAAGCTGGCCTAGTG-1,visium,16022,19398,10.63267707824707,8025.0,1.323944330215454
AGAAGGATGGTATGAA-1,visium,13071,15390,9.216819763183594,4880.0,0.8644673824310303
AGAAGGCGTAGAATAG-1,visium,5626,6846,9.389907836914062,3622.0,0.34263744950294495
AGAAGTTAACCAGAGC-1,visium,14307,15920,10.135590553283691,7478.0,3.6393909454345703
AGAAGTTGAGCGCAAG-1,visium,9530,16214,9.41678524017334,4400.0,0.9762447476387024
AGACAAGACGTATCGC-1,visium,14452,14042,10.02424430847168,7266.0,2.898165464401245
AGACATCTTAGCACCT-1,visium,11637,6546,9.148571014404297,4702.0,1.2446808815002441
AGACCGAAGACTACTC-1,visium,8011,20514,7.480992317199707,1349.0,0.564015805721283
AGACCGACCGCAGACA-1,visium,10579,10575,8.576027870178223,2484.0,0.1697472631931305
AGACCGCCAAGTTCAA-1,visium,17249,18319,10.439717292785645,8480.0,4.407721519470215
AGACCGCCGGCCAATG-1,visium,7171,7374,9.41654109954834,4171.0,1.293839931488037
AGACCGGAGCAACGCT-1,visium,7004,4961,9.195734024047852,4219.0,0.6799269318580627
AGACCGTCACTGAGCT-1,visium,17965,7853,8.168486595153809,2364.0,0.425290584564209
AGACCGTCATTAGTTA-1,visium,5971,13818,9.834566116333008,6294.0,3.7713613510131836
AGACCTATCCTTATAG-1,visium,4399,7925,9.78908634185791,6004.0,5.314795017242432
AGACCTCAGCGAGGTG-1,visium,1629,9013,10.055736541748047,6661.0,6.192030429840088
AGACCTTCGCGTGAAC-1,visium,4543,6047,9.705767631530762,5728.0,3.357503890991211
AGACGATGCTGATAAT-1,visium,17164,2224,9.101083755493164,4687.0,1.0374833345413208
AGACGCGTGATGCATC-1,visium,14927,16453,10.019536018371582,7406.0,2.836153030395508
AGACGCTTGGCCTCAC-1,visium,15241,17525,9.658353805541992,6017.0,0.7028304934501648
AGACGGCCTTACGGAG-1,visium,7960,10857,8.832879066467285,3745.0,1.0357403755187988
AGACGTAGGCGGACCG-1,visium,15365,11891,8.41249942779541,2658.0,0.6885828375816345
AGACGTGGCGTTGAGT-1,visium,5502,12480,9.063578605651855,3677.0,0.8339124917984009
AGACGTTGCACCGCCA-1,visium,16647,21004,9.772295951843262,6811.0,1.0433295965194702
AGACTACGTGCTCCAT-1,visium,14086,3314,8.886408805847168,3968.0,0.8711283206939697
AGACTCAGACAGATAA-1,visium,1324,9551,10.157044410705566,6966.0,6.906988620758057
AGACTCATGACCTGGC-1,visium,6421,11402,9.149421691894531,3880.0,1.3924319744110107
AGACTCATTGCGGACA-1,visium,10115,10309,8.768730163574219,2869.0,0.3110903799533844
AGACTCCGCTTCGTAT-1,visium,17521,11343,6.498281955718994,547.0,1.6591253280639648
AGACTCCTGTATGGCG-1,visium,9337,8972,9.803667068481445,6143.0,1.5967732667922974
AGACTCCTTATCATAC-1,visium,2142,18399,9.385805130004883,5207.0,1.0237475633621216
AGACTCGACTCCTAAT-1,visium,11855,18616,10.400315284729004,8243.0,3.2644741535186768
AGACTCTATTAGCGCT-1,visium,15699,16717,10.191669464111328,7529.0,2.387645721435547
AGACTGGAACCGTTGG-1,visium,9603,923,9.658737182617188,5948.0,2.216261148452759
AGACTGGTAAGGAGGT-1,visium,13023,6270,10.01842212677002,7073.0,2.3400936126708984
AGATAACCAATACGCC-1,visium,12092,5202,8.900276184082031,4087.0,0.6818491816520691
AGATAAGCCACTCATA-1,visium,10259,8431,8.91610336303711,3303.0,0.7919463515281677
AGATAAGTGCTACGAC-1,visium,17396,16977,8.859221458435059,3790.0,0.18471157550811768
AGATACAAGGATGGTG-1,visium,2376,4449,10.053586959838867,6818.0,3.7998106479644775
AGATACATCTACGCAC-1,visium,18019,18046,10.175954818725586,7823.0,1.374557375907898
AGATACTAATCAGGCG-1,visium,532,5532,10.346505165100098,7531.0,5.255722999572754
AGATAGGTGAATTGCC-1,visium,453,19749,10.257027626037598,8124.0,1.1621782779693604
AGATAGGTGACCGCGT-1,visium,3437,956,8.889997482299805,3915.0,1.0608983039855957
AGATCAAGCATCTACT-1,visium,12022,21029,9.429877281188965,5423.0,0.36935925483703613
AGATCAGTCGATAGAA-1,visium,7793,8444,9.748294830322266,5765.0,2.4410183429718018
AGATCATTCACGCTGT-1,visium,7456,3081,9.093244552612305,4446.0,0.8320215940475464
AGATCTAACGAGCTCA-1,visium,10998,2257,7.700295448303223,1499.0,0.49818843603134155
AGATCTCCGCCTTATT-1,visium,4407,9535,9.634561538696289,5777.0,4.442844867706299
AGATGAGGCGCCTCCA-1,visium,8775,19168,10.03950309753418,5907.0,0.27495309710502625
AGATGCACGTAGGTGC-1,visium,6528,2549,9.06923770904541,4574.0,1.646896243095398
AGATGCTCCGTCATCT-1,visium,13216,13512,9.642706871032715,5423.0,2.3234684467315674
AGATTGAGTTAGGAAC-1,visium,12596,12978,9.997478485107422,7117.0,2.662721872329712
AGATTGCGCCTCGCTC-1,visium,5508,13553,9.48493766784668,4806.0,1.3906831741333008
AGCAACAGTATGTCGC-1,visium,16027,20471,10.793886184692383,9254.0,3.2162721157073975
AGCAATAACAATTCCA-1,visium,11397,19423,10.604875564575195,8562.0,3.2432432174682617
AGCACCTCCAATCACG-1,visium,16861,3299,9.785942077636719,6666.0,3.4587481021881104
AGCACGAGATAACGGT-1,visium,16757,12688,8.696343421936035,3567.0,0.8361203670501709
AGCACGATACCTAAGC-1,visium,7230,18640,9.48592472076416,5029.0,0.16702096164226532
AGCACGCTCGATCTAA-1,visium,6116,11940,9.65963077545166,5995.0,2.4822921752929688
AGCACGGAGGCAGTCA-1,visium,9997,17016,8.195610046386719,2328.0,0.7174392938613892
AGCACGTGCACCTCTG-1,visium,17795,4904,9.30737590789795,5257.0,0.8531494140625
AGCACGTGCACTGTAA-1,visium,263,13044,9.969743728637695,6680.0,5.596892356872559
AGCACTCATACAGAAC-1,visium,5462,4969,9.642252922058105,5112.0,2.233621120452881
AGCACTGCATCCTAGC-1,visium,13397,18607,9.892224311828613,6830.0,0.8748419284820557
AGCAGGATAGGTCTCC-1,visium,18947,18578,9.998161315917969,7400.0,1.1689788103103638
AGCAGGTAAGTATCTG-1,visium,7377,17298,9.41115665435791,5310.0,0.7117728590965271
AGCAGGTATGCCATTG-1,visium,2232,6327,9.88394832611084,6254.0,6.9090352058410645
AGCATCCTGACAGCCG-1,visium,10322,20233,9.195836067199707,4759.0,0.456620991230011
AGCATGAGCGAATATT-1,visium,6396,6573,9.676587104797363,5032.0,1.2108664512634277
AGCATGCACCGCGTCA-1,visium,5488,9797,9.923730850219727,6114.0,7.590160369873047
AGCATTAGACGGATTG-1,visium,6772,19447,7.853604793548584,1760.0,0.15540015697479248
AGCCAGATACTCGAAC-1,visium,13391,17534,9.285911560058594,4981.0,0.6954747438430786
AGCCAGCGGCAAGCGT-1,visium,15815,9474,9.423110008239746,5128.0,0.6063055992126465
AGCCAGCGTTACAGTC-1,visium,18912,12140,7.448333740234375,1217.0,1.573426604270935
AGCCGACCGATGTACA-1,visium,17569,20463,10.497808456420898,8674.0,2.685249090194702
AGCCGATGTTCTACTC-1,visium,13951,6802,10.01842212677002,6954.0,3.463338613510132
AGCCGGCCTATTCCAG-1,visium,9185,9241,9.703938484191895,5919.0,1.3063914775848389
AGCCGTAGACTCTGAA-1,visium,7603,1739,9.232884407043457,4850.0,0.8311333060264587
AGCCGTAGTGGAGTGC-1,visium,9012,5755,8.74925708770752,2690.0,0.5868358612060547
AGCCGTATCTTCGTCT-1,visium,7833,15954,8.933004379272461,3677.0,0.6202982664108276
AGCCGTATTCAACCGT-1,visium,15812,8938,8.968905448913574,4018.0,1.1459128856658936
AGCCGTTGCATCCTAG-1,visium,436,16530,9.65027141571045,5763.0,1.9323670864105225
AGCCTCCGAACTACCA-1,visium,9524,15141,10.081968307495117,6861.0,4.132680892944336
AGCCTCGCATGGTCCT-1,visium,15345,8135,9.933337211608887,6776.0,2.6401360034942627
AGCCTCTATGCAGCAA-1,visium,15544,16450,10.068324089050293,7248.0,1.6961369514465332
AGCCTCTGTTCCGATG-1,visium,1225,20013,10.209389686584473,8048.0,1.3440860509872437
AGCGACAGCTACATCG-1,visium,17651,6782,9.100749015808105,4443.0,0.8146412372589111
AGCGACATCCTTCTAA-1,visium,13770,1706,8.493104934692383,2726.0,0.5942623019218445
AGCGACCGTTCTATAC-1,visium,14624,17528,9.577618598937988,5783.0,0.5264251232147217
AGCGACTATGTATCTT-1,visium,5920,4162,8.902183532714844,3427.0,0.4219409227371216
AGCGAGAACAGATTCT-1,visium,8741,12731,9.153770446777344,3323.0,0.4444914758205414
AGCGAGGAACTGGTCC-1,visium,5323,7920,9.858333587646484,6177.0,6.026365280151367
AGCGCAGATGAGGTGC-1,visium,-11,19483,9.907629013061523,7173.0,1.6781197786331177
AGCGGAATGTCGCTGT-1,visium,4891,13556,9.004054069519043,3524.0,0.5531653165817261
AGCGGCGAATAATCTT-1,visium,3145,4176,9.815366744995117,5931.0,2.583005666732788
AGCGGTACGCCGAGAA-1,visium,4269,12486,9.015419960021973,3364.0,0.7899854183197021
AGCGGTACGGCGCATC-1,visium,5292,2019,9.703206062316895,5715.0,3.225609302520752
AGCGGTGAGTGACATG-1,visium,9804,9774,9.578242301940918,5639.0,2.277446985244751
AGCGGTGCAGGCATCT-1,visium,3949,10342,9.879040718078613,6178.0,6.312768936157227
AGCGGTTAATCGAAGT-1,visium,11547,18617,10.47033405303955,8432.0,3.2224206924438477
AGCGGTTAGACTCGCC-1,visium,5168,7653,9.866148948669434,6172.0,5.361777305603027
AGCGTGCCTGTATGCC-1,visium,911,18942,10.239209175109863,7669.0,3.438415765762329
AGCGTGCGCCTGATCG-1,visium,11066,15133,9.69332218170166,6284.0,1.9188055992126465
AGCGTGCTTCGCTCAT-1,visium,6874,9522,9.365633010864258,4114.0,1.2501070499420166
AGCGTGGCACCGACAA-1,visium,11807,9495,9.679093360900879,5803.0,3.2918202877044678
AGCGTGTATGTACGGT-1,visium,13697,16996,9.649755477905273,5893.0,0.6637880802154541
AGCGTTACAGTCCTGG-1,visium,1980,17059,9.594990730285645,4225.0,0.5377808213233948
AGCGTTATACCTGTTG-1,visium,7029,9789,9.60136890411377,5271.0,2.6244587898254395
AGCGTTATAGCGCACT-1,visium,820,1775,9.481893539428711,5622.0,1.8065400123596191
AGCGTTGGCTCACGAT-1,visium,1618,6867,10.088014602661133,6607.0,8.897388458251953
AGCTACCAGCGTTACT-1,visium,17518,10806,7.2086005210876465,1065.0,0.8148147463798523
AGCTAGCGTACAGTAA-1,visium,16915,13492,9.943957328796387,6914.0,2.242496967315674
AGCTATAAGTCCAGCA-1,visium,1799,11963,9.893487930297852,6684.0,4.848484516143799
AGCTATAGAATAGTCT-1,visium,2240,7937,9.74706745147705,6061.0,4.583991050720215
AGCTCAACATCGTCCG-1,visium,1788,9817,9.9741792678833,6318.0,7.244688987731934
AGCTCGACAGGCGATA-1,visium,10248,6285,8.677950859069824,3267.0,1.2604326009750366
AGCTGACGTAACGCTG-1,visium,5519,15699,8.730367660522461,2603.0,0.17779214680194855
AGCTGTACGCTGACTC-1,visium,13549,18338,9.77389144897461,6325.0,0.5919854044914246
AGCTGTCCAGATGCTA-1,visium,17227,14027,9.88308048248291,6557.0,1.1533554792404175
AGCTGTTCCGGTGATT-1,visium,10859,5209,8.900821685791016,3905.0,0.7087365388870239
AGCTGTTGAAGGCCTT-1,visium,7298,2277,9.115150451660156,4661.0,1.5949839353561401
AGCTTCGCTGCGGTCA-1,visium,5142,2825,9.632793426513672,5865.0,2.7005767822265625
AGCTTGAGTCAGGCCG-1,visium,7329,8178,9.714020729064941,5526.0,2.526137590408325
AGCTTGGATGCAAGCC-1,visium,2289,17057,9.20603084564209,3793.0,0.7030935883522034
AGGAATTACGGTGACG-1,visium,10242,5212,8.191740036010742,2390.0,0.6371191143989563
AGGACCAGTAACCTAA-1,visium,2430,14642,9.221478462219238,4679.0,1.6615567207336426
AGGACCAGTGCGCCAG-1,visium,16576,7592,8.418256759643555,2622.0,0.35335689783096313
AGGACCGCAATAGTTA-1,visium,2260,11692,9.338997840881348,5045.0,2.6380584239959717
AGGACCGTAGATGCTA-1,visium,5660,13284,9.775768280029297,6215.0,3.0452816486358643
AGGACCTGTACCATTC-1,visium,4568,10875,9.873234748840332,6399.0,5.0095343589782715
AGGACGAAGCCTCCTT-1,visium,1975,15986,9.739556312561035,6154.0,4.058910369873047
AGGACGAATGCTTCAA-1,visium,15512,10549,9.24048137664795,4250.0,0.5143134593963623
AGGACGTATCGCCGTA-1,visium,13968,10020,9.787908554077148,6253.0,1.296587347984314
AGGACGTCGGCACGAA-1,visium,10127,12455,9.66871452331543,5675.0,3.3577840328216553
AGGACTGAAGTGCCTT-1,visium,14256,6264,9.704976081848145,6167.0,2.299060821533203
AGGACTGGATGAAGAC-1,visium,9835,15676,9.897418975830078,6158.0,3.0435657501220703
AGGAGCAGCGTTAATA-1,visium,10011,19698,9.350797653198242,5353.0,0.5474928021430969
AGGAGCATAATCCACT-1,visium,13498,8682,10.074200630187988,6917.0,3.709636688232422
AGGAGCATCACTCAGC-1,visium,1505,14647,9.34722900390625,4988.0,1.264608383178711
AGGAGCATCTTAACTC-1,visium,11767,1985,7.4097418785095215,982.0,0.6662628650665283
AGGAGCCGCTGAGTAG-1,visium,9776,4410,8.362408638000488,2609.0,0.537132203578949
AGGAGCCTCGAACGTT-1,visium,6687,3353,8.862200736999512,3844.0,0.6233177781105042
AGGAGCCTTCGCCTTA-1,visium,2056,2305,8.618304252624512,3044.0,0.4519978165626526
AGGAGCGAATGCGTTA-1,visium,1070,19746,10.192081451416016,7795.0,0.775571346282959
AGGAGCTATGAACACT-1,visium,14947,20209,10.27591323852539,8280.0,1.912210464477539
AGGAGCTGCAAGGACT-1,visium,17258,19928,10.56256103515625,8362.0,4.402597427368164
AGGATAACCGGTCGGA-1,visium,11032,8695,9.435242652893066,5143.0,1.9886590242385864
AGGATACCTCCGAGCG-1,visium,7697,19442,7.715569496154785,1462.0,0.13380910456180573
AGGATAGGCTCAGTTG-1,visium,17190,7053,8.862200736999512,3896.0,0.6658166646957397
AGGATATCGCGAATAC-1,visium,12876,7612,9.798015594482422,6381.0,3.17830753326416
AGGATCAACATTCGTT-1,visium,15999,15106,8.968905448913574,3944.0,1.3750954866409302
AGGATCCGCTCGGTGC-1,visium,19161,873,9.716856956481934,6415.0,0.9220199584960938
AGGATCCGTGAGGCGG-1,visium,16590,10275,8.007699966430664,1628.0,0.5994005799293518
AGGATCGAGCACCGCC-1,visium,19062,11335,7.710653305053711,1534.0,1.2102196216583252
AGGATCTTAATGGTGA-1,visium,16720,5714,9.20271110534668,4962.0,1.0077598094940186
AGGATGAGTGCGTGCG-1,visium,3592,1223,9.237176895141602,4841.0,1.0515042543411255
AGGATGCTCGACAGTC-1,visium,8217,1199,9.59505844116211,6104.0,2.892927646636963
AGGATTCCTTGCTGCG-1,visium,7450,2008,9.19725513458252,4800.0,1.2969905138015747
AGGATTCTACGCCTAG-1,visium,14893,10016,9.918917655944824,6695.0,3.515509605407715
AGGCAACAGCGTTCGC-1,visium,19175,3555,10.578954696655273,8588.0,3.766094923019409
AGGCAACAGTCTGGTT-1,visium,17003,884,9.58713150024414,6092.0,1.1869640350341797
AGGCAACTAGCGTACC-1,visium,8715,7902,9.716194152832031,5391.0,1.9176265001296997
AGGCAATGTCAGCTGG-1,visium,5312,5774,9.44153118133545,5008.0,5.126984119415283
AGGCATGCATGGAATT-1,visium,15320,3307,9.279772758483887,5288.0,0.9050195813179016
AGGCATTAAGTCTGGC-1,visium,7819,13272,9.593082427978516,5403.0,2.605374574661255
AGGCATTACTATAGTA-1,visium,11668,12447,9.070618629455566,3022.0,0.5405405759811401
AGGCCGCAGAATAACG-1,visium,15532,14304,10.08564281463623,7256.0,3.0464680194854736
AGGCCTGTCTAGTGGC-1,visium,13852,17264,9.533076286315918,5749.0,0.7387021780014038
AGGCCTTGTCGTTGAT-1,visium,14847,1432,8.626943588256836,3364.0,0.8782936334609985
AGGCGATTCCACTTCT-1,visium,11705,19421,10.176639556884766,7829.0,2.0851564407348633
AGGCTGCAGCTCAGGC-1,visium,5029,10604,9.799459457397461,5983.0,7.495977878570557
AGGCTGCGCAGCAACT-1,visium,1765,5525,9.795456886291504,6063.0,4.84095573425293
AGGCTTAACCGATTGT-1,visium,713,10627,10.323052406311035,7168.0,7.240756034851074
AGGCTTAGCATTAACC-1,visium,16876,5981,8.782476425170898,3802.0,0.5062902569770813
AGGTACAGCTATGATA-1,visium,3827,16512,8.48735237121582,2671.0,0.2885408103466034
AGGTACCAGACGCCAG-1,visium,1050,15990,9.925591468811035,6743.0,4.01545524597168
AGGTACGGAAGTCAAC-1,visium,3128,958,9.04864501953125,4358.0,0.98753821849823
AGGTACTCTGCCACCG-1,visium,12075,1983,7.367076873779297,1080.0,0.9481668472290039
AGGTCACCTCCGCCTC-1,visium,2370,3376,9.486910820007324,4897.0,3.253697156906128
AGGTCGAGGTCTAGGC-1,visium,17099,19124,10.053329467773438,7793.0,1.3731060028076172
AGGTCTCACGCCAATA-1,visium,1644,11695,9.794676780700684,6413.0,2.8544349670410156
AGGTCTTCCATCGCCG-1,visium,7646,9786,9.729610443115234,5810.0,2.9987504482269287
AGGTGAAGTGACGACT-1,visium,13218,14048,10.232539176940918,7591.0,3.965169906616211
AGGTGAATCCACAACC-1,visium,6684,2816,8.829957962036133,3809.0,0.8339429497718811
AGGTGAGCAATGTCTT-1,visium,6407,8719,9.055556297302246,3469.0,1.482778787612915
AGGTGAGGTAGAATAC-1,visium,15789,4646,9.709114074707031,6302.0,0.9959917664527893
AGGTGATTGGCGGTAT-1,visium,6398,7110,9.252824783325195,3504.0,0.642193078994751
AGGTGGCACTTGTCAG-1,visium,696,7408,10.306215286254883,7470.0,5.338102340698242
AGGTGGCTGTCGCCAA-1,visium,17526,12416,9.094255447387695,3439.0,0.5953049659729004
AGGTTACATTCCACGC-1,visium,9462,3338,9.197052955627441,4899.0,2.1181716918945312
AGGTTAGTGGCCATAG-1,visium,15691,15108,9.250329971313477,4232.0,0.9608917236328125
AGGTTCCACGCCGAAG-1,visium,2096,9815,10.039634704589844,6369.0,8.221329689025879
AGGTTGAGTAGGAGAT-1,visium,4563,9802,9.883590698242188,6374.0,5.197653770446777
AGTAACCGCAGGTCAA-1,visium,17543,15635,9.458605766296387,5532.0,0.6943902373313904
AGTAAGCTCGGCCAAT-1,visium,12268,9225,9.678592681884766,5746.0,3.18076491355896
AGTACCGAACCGCAAT-1,visium,17956,6244,9.384714126586914,5342.0,1.1088709831237793
AGTACCGTTGTACGCC-1,visium,10446,14599,9.838842391967773,5105.0,1.4188936948776245
AGTAGACAGATAACGG-1,visium,11555,20227,9.976180076599121,6926.0,0.674199104309082
AGTAGACAGTAAGGAG-1,visium,7963,11394,9.535823822021484,5645.0,2.9683661460876465
AGTAGAGCATGGACGT-1,visium,7199,12739,9.806535720825195,6108.0,3.4708831310272217
AGTAGAGTGCCGAATG-1,visium,17008,1957,9.432443618774414,5975.0,1.0331571102142334
AGTATTACGGTATTCG-1,visium,2848,6324,9.804826736450195,5998.0,8.073951721191406
AGTATTAGCTGATCGA-1,visium,16723,6250,8.90422248840332,3937.0,0.3531649112701416
AGTATTCAGCTGAATG-1,visium,11957,8690,9.364948272705078,5026.0,4.078485012054443
AGTATTCGTCGGTATC-1,visium,8138,15416,9.470703125,4523.0,0.5395822525024414
AGTATTGATTGAGTCA-1,visium,15014,3845,8.952217102050781,4305.0,0.7767995595932007
AGTATTGGTATGTCTA-1,visium,17379,13758,9.989023208618164,6877.0,2.2308928966522217
AGTCACCATACCTCCA-1,visium,18083,1147,9.6426420211792,5868.0,0.88271564245224
AGTCACTTATTCAAGG-1,visium,3940,8732,9.788805961608887,5939.0,6.4266486167907715
AGTCCGTGATCACTAC-1,visium,3474,7930,9.721965789794922,5746.0,5.258109092712402
AGTCGCCACTCGGCGA-1,visium,9190,10314,9.04310417175293,3017.0,0.3546518385410309
AGTCGGACCGTGCTTA-1,visium,10905,13792,9.721546173095703,5703.0,2.633157253265381
AGTCGGTCTAATCTGT-1,visium,9187,9778,9.637892723083496,5111.0,1.0303900241851807
AGTCGGTTATACATAG-1,visium,3197,13833,9.589529991149902,5280.0,2.9637234210968018
AGTCGGTTGGTTGGCG-1,visium,3058,16785,8.656259536743164,2179.0,0.48738032579421997
AGTCGTTGCCGCCAAC-1,visium,761,19747,10.335789680480957,8514.0,0.7723511457443237
AGTCGTTGCCTTACCT-1,visium,9001,3609,9.24696159362793,4663.0,0.6941766738891602
AGTCTAGGATTGTCAC-1,visium,1658,14378,9.305831909179688,4974.0,2.5543131828308105
AGTCTGTTACAATAGT-1,visium,3903,1758,9.498672485351562,5684.0,1.6265647411346436
AGTGAGCGCCTGTCCT-1,visium,1128,1773,9.46420669555664,5248.0,1.218092918395996
AGTGAGGTCTGTGCTC-1,visium,2998,5518,9.871222496032715,6268.0,4.554843902587891
AGTGAGTATTCTAAGT-1,visium,11199,11108,8.276394844055176,2022.0,0.43268007040023804
AGTGCAATAACTAACA-1,visium,11023,7085,8.72729206085205,3033.0,0.48638129234313965
AGTGCAGCTTCATCGG-1,visium,9295,925,9.696893692016602,6015.0,1.8750767707824707
AGTGCCAGATGCTCTG-1,visium,11974,11909,8.458504676818848,2412.0,0.169707253575325
AGTGCGCAACATGCGT-1,visium,9643,8434,8.798907279968262,3195.0,0.21128886938095093
AGTGCTTCGCGGACGC-1,visium,1995,19741,9.277812004089355,5149.0,0.6917827129364014
AGTGGTATGTCCAAGT-1,visium,6138,16232,9.072112083435059,4335.0,0.6430867910385132
AGTGTAAGCCGAACAA-1,visium,18177,18850,10.74630355834961,9023.0,3.416062116622925
AGTGTAAGCCTGCAAG-1,visium,15778,2500,9.414178848266602,5795.0,1.158238172531128
AGTGTAAGTCCATACA-1,visium,19235,14821,9.379576683044434,5125.0,1.0470319986343384
AGTGTACCTCTGTATG-1,visium,17218,12417,8.558526992797852,2834.0,0.863723635673523
AGTGTAGCTCTTATCT-1,visium,15866,19131,10.148900985717773,7155.0,1.2127375602722168
AGTGTATGCGCTGCCT-1,visium,17883,21534,10.528998374938965,9082.0,1.3000562191009521
AGTGTCATGGTTGTGG-1,visium,11631,5473,9.203819274902344,4889.0,1.0066438913345337
AGTGTCGTGGCATGTT-1,visium,17195,8126,7.903965473175049,1770.0,0.3324713706970215
AGTGTCTGAACTGTGG-1,visium,3219,18125,8.5145902633667,2796.0,0.16044925153255463
AGTGTCTTAAGCTTGT-1,visium,3052,15712,8.938531875610352,3706.0,0.5118781924247742
AGTTAACGAGCCACTC-1,visium,17812,8122,8.1983642578125,2198.0,0.16510732471942902
AGTTAAGACTGGCTCC-1,visium,6560,8450,9.621390342712402,5127.0,1.4453357458114624
AGTTAAGGTAGATACT-1,visium,17880,20998,9.194719314575195,4859.0,0.4774481952190399
AGTTACCTCACCAGCA-1,visium,11487,7351,8.780326843261719,3205.0,0.44587942957878113
AGTTAGAAGGACGAAT-1,visium,11700,18348,10.076810836791992,7669.0,2.224184274673462
AGTTATCCTGAACGAA-1,visium,7971,13003,9.641148567199707,5179.0,2.0865836143493652
AGTTCAGTTCATACAT-1,visium,19229,13748,10.498414993286133,8551.0,3.18559193611145
AGTTCGTCTAGTGCAG-1,visium,3785,8465,9.80444049835205,6148.0,5.708606719970703
AGTTCGTGCAGACCTT-1,visium,13815,10290,9.7836332321167,6121.0,1.6403608322143555
AGTTCGTGCATGTCGA-1,visium,17368,11612,6.846943378448486,733.0,0.7446808815002441
AGTTGGAAGAGTATTG-1,visium,18253,4096,9.932560920715332,7088.0,3.341590166091919
AGTTGGACGTTGGTAT-1,visium,19232,14285,10.175992965698242,7798.0,2.825160026550293
AGTTGGCAACGTTGTC-1,visium,16253,4912,9.438431739807129,5465.0,1.7355306148529053
AGTTGGCACCAGTTAC-1,visium,8868,7633,9.851404190063477,6249.0,2.718078374862671
AGTTGTACTTAATGGA-1,visium,8891,11925,9.88139533996582,6274.0,3.092730760574341
AGTTGTCCACAGACCA-1,visium,6588,13815,9.91437816619873,6302.0,3.576021194458008
AGTTGTGAACCTGATG-1,visium,14950,20745,9.856185913085938,6671.0,0.41939714550971985
ATAACCTAGAACCTGC-1,visium,8432,12732,9.32785701751709,4606.0,1.378267765045166
ATAACGAAGAGCACGC-1,visium,1771,6598,9.879809379577637,6487.0,5.862475395202637
ATAACGCCTGTAGGCA-1,visium,3290,2298,9.536762237548828,5704.0,1.3060104846954346
ATAACGGCAAGACTCC-1,visium,15247,18598,9.987552642822266,6948.0,0.7493219375610352
ATAACGGCGTTACACT-1,visium,15408,19938,10.173399925231934,7818.0,0.9314399361610413
ATAACTGAACTCCTGG-1,visium,16016,18325,10.027958869934082,6966.0,0.7240617871284485
ATAAGAATCATGCATC-1,visium,16432,9471,7.967626571655273,1905.0,0.34662044048309326
ATAAGACCAATCGCGG-1,visium,15071,14575,9.120634078979492,4313.0,0.52510666847229
ATAAGGAATAGAACAT-1,visium,15213,12160,8.836810111999512,3326.0,0.7265329957008362
ATAAGGAGCCGTGATG-1,visium,145,19751,10.340742111206055,8393.0,2.505812406539917
ATAAGGCGGACAAGTT-1,visium,2900,15981,9.19715404510498,3908.0,0.48642075061798096
ATAAGGTTAGCTCACG-1,visium,18635,18043,9.994195938110352,7042.0,1.0274910926818848
ATAAGTACCACGAGTT-1,visium,15204,10550,9.332911491394043,4932.0,0.6812350749969482
ATAATCCGTTCCGTTC-1,visium,16316,16714,10.130304336547852,7338.0,2.5228168964385986
ATAATCGTAGTTATTC-1,visium,1502,14110,9.739378929138184,6234.0,3.187603235244751
ATAATTAGTTCTACGG-1,visium,7620,4957,8.918248176574707,3485.0,0.428609699010849
ATAATTATCGACCACG-1,visium,280,16263,9.61627197265625,5252.0,1.6993201971054077
ATACAAGGTCAGTAGA-1,visium,12732,9491,9.828387260437012,6473.0,3.2826650142669678
ATACAATTGCGGTATT-1,visium,14890,9479,9.952420234680176,6916.0,3.1616036891937256
ATACATCAAGGATTGC-1,visium,8882,10316,8.798907279968262,2869.0,0.8451554775238037
ATACATCACGCCTTCT-1,visium,5946,8990,9.93522834777832,6299.0,6.055027961730957
ATACATCACTGTCCGG-1,visium,12161,18077,9.622847557067871,5943.0,0.6421714425086975
ATACATCATGCACCAA-1,visium,17376,13221,10.225606918334961,7718.0,3.637681245803833
ATACGCTGAGATCAGA-1,visium,9504,11385,8.477204322814941,2817.0,0.3747657537460327
ATACGGCGACTGGTCT-1,visium,5332,9530,9.945923805236816,6249.0,7.509824752807617
ATACGGTCCTTGTCTT-1,visium,2218,3645,9.828387260437012,5831.0,3.482104539871216
ATACTAGCCACTTCGC-1,visium,12870,6539,10.131260871887207,7156.0,3.2928531169891357
ATACTAGCCATTAGTT-1,visium,7522,15420,9.377294540405273,4621.0,0.5247122645378113
ATACTAGTAACTGAGT-1,visium,17371,12148,7.983439922332764,1902.0,1.19413161277771
ATACTATCAACTTGTA-1,visium,413,12238,10.167119979858398,7333.0,4.701905250549316
ATACTATGAATGTCTT-1,visium,2059,2841,9.16335391998291,3920.0,1.6876310110092163
ATACTATGCCAGTGAG-1,visium,18938,16969,9.794398307800293,6555.0,0.9703323245048523
ATACTATGGTTACATT-1,visium,14703,3310,9.213933944702148,4975.0,0.7274539470672607
ATACTGACTTCGGCAC-1,visium,6692,4426,8.867145538330078,3362.0,0.4510854482650757
ATACTGGACCACAGCC-1,visium,8005,19441,8.248790740966797,2086.0,0.15698587894439697
ATACTGGAGGATAACG-1,visium,7980,14612,9.886137962341309,5658.0,1.8570337295532227
ATACTGTCCACTACCG-1,visium,13869,20483,9.713113784790039,6679.0,0.38712799549102783
ATAGAACCTCTACCGA-1,visium,16157,15910,10.376299858093262,7941.0,2.7704198360443115
ATAGAACGTTCGATCT-1,visium,6450,16767,9.15027141571045,4564.0,0.6584537029266357
ATAGAATTCTACTTGA-1,visium,17561,18854,10.05147647857666,7830.0,2.6952433586120605
ATAGAATTCTAGGCCG-1,visium,3672,16245,8.27690315246582,1992.0,0.2798270285129547
ATAGACATGGCTATGG-1,visium,6732,11937,9.762960433959961,6345.0,3.3032166957855225
ATAGATCGGCATCCGA-1,visium,19246,16967,10.228935241699219,7292.0,1.10501229763031
ATAGATGCCTAAGCAC-1,visium,12118,10030,9.686884880065918,5805.0,3.0799801349639893
ATAGATTGAGTTCGAG-1,visium,6280,13817,9.892072677612305,6256.0,2.544001579284668
ATAGCACCTGCTGTCT-1,visium,13999,15922,10.006089210510254,7170.0,2.2427797317504883
ATAGCTATTCGCACTC-1,visium,10873,7891,9.813891410827637,6451.0,1.2797374725341797
ATAGCTTCACAACCGT-1,visium,3955,11415,9.124673843383789,3810.0,0.9915013909339905
ATAGCTTCGTGGAACG-1,visium,2846,5788,9.703572273254395,5924.0,4.8183207511901855
ATAGGCCGGTAATTCT-1,visium,4065,3099,9.643355369567871,5987.0,2.808405876159668
ATAGTACTATGGTTCT-1,visium,14429,9750,9.713356018066406,6301.0,3.1627964973449707
ATAGTCCGCCGTTGGC-1,visium,11979,12982,9.051344871520996,3194.0,0.49243754148483276
ATAGTCGAAGGAAGCT-1,visium,18630,16970,9.319374084472656,5204.0,0.6187785863876343
ATAGTCGAGTTGTCTG-1,visium,16386,887,9.38303279876709,5411.0,1.026590347290039
ATAGTCGCTAAGGTAT-1,visium,12228,1714,7.77275276184082,1259.0,0.4633530080318451
ATAGTGACGAATAGAT-1,visium,11708,19958,9.91531753540039,6756.0,0.7362751364707947
ATAGTGAGTGAGGATT-1,visium,14296,13774,9.929545402526855,6972.0,3.220149040222168
ATAGTGTCAGATGTAG-1,visium,10384,2797,9.02111530303955,4099.0,0.9546827673912048
ATAGTTAAGCCTGCCG-1,visium,8234,4418,8.921056747436523,3844.0,0.7346066832542419
ATAGTTAAGGCACGAG-1,visium,12121,10567,9.80001449584961,6192.0,2.3179726600646973
ATAGTTAGTCCTTAAT-1,visium,17653,7318,8.824530601501465,3849.0,0.4560164511203766
ATAGTTCATCGGATCT-1,visium,8928,18899,9.456653594970703,5086.0,0.6019386649131775
ATAGTTCGCAGCCGTG-1,visium,7799,9517,9.64218807220459,5229.0,1.8701298236846924
ATAGTTCGGTTCCAGA-1,visium,3001,6055,9.591922760009766,5423.0,5.7494025230407715
ATCAACATAAGCGTAG-1,visium,17866,18315,10.447641372680664,8687.0,2.0631420612335205
ATCAAGGAGCTTACAT-1,visium,9303,2534,9.492280960083008,5488.0,1.3201569318771362
ATCAAGTGGTGATGGC-1,visium,17244,17246,8.614864349365234,3326.0,0.2539913058280945
ATCACCAGTTCGGCGA-1,visium,15374,13500,9.851984024047852,6818.0,3.111345052719116
ATCACGTTCAATGATA-1,visium,4079,5781,9.682279586791992,5984.0,4.210854530334473
ATCACTTAGGCCTTGT-1,visium,17690,14293,10.113991737365723,7623.0,2.122746706008911
ATCAGATACCAGCTGT-1,visium,9173,7095,9.567315101623535,5551.0,1.6866121292114258
ATCAGTAAGCTCGCCG-1,visium,11640,7082,8.875845909118652,3843.0,1.1878143548965454
ATCATTCACCAGATTG-1,visium,8285,14074,9.783069610595703,5855.0,2.030456781387329
ATCATTCCAACTTCGC-1,visium,6303,18109,8.808817863464355,3179.0,0.3735803961753845
ATCATTCCACTTAGCA-1,visium,15569,21278,9.21761417388916,4916.0,0.41699764132499695
ATCATTGTCCATGCCA-1,visium,11518,13252,9.157783508300781,3694.0,0.9697480797767639
ATCCAACGCATGGTAC-1,visium,17255,19392,10.643780708312988,9136.0,4.156928062438965
ATCCAACGCCACATCG-1,visium,3977,15707,9.025815963745117,3576.0,0.26461392641067505
ATCCACATCACTGCCG-1,visium,3134,2031,9.48630428314209,5338.0,0.9106776714324951
ATCCACATGTTGGACC-1,visium,12463,17003,9.329811096191406,3425.0,0.3194888234138489
ATCCACGAACGTTCGG-1,visium,15561,19669,10.181157112121582,7655.0,1.375
ATCCACGACACGAATG-1,visium,5134,1215,9.699165344238281,5630.0,4.079003810882568
ATCCACTCGTACTCGG-1,visium,846,6603,10.277702331542969,7261.0,7.373779296875
ATCCGAACGCAACCTT-1,visium,19017,2751,9.651236534118652,6416.0,2.9279279708862305
ATCCGAGTACAGGAAT-1,visium,12311,17272,8.941414833068848,3110.0,0.3010077178478241
ATCCGAGTACCACGTG-1,visium,11688,16202,7.673687934875488,1482.0,0.3255813717842102
ATCCGAGTCACTTGTA-1,visium,16273,8667,7.594884395599365,1427.0,0.5032712817192078
ATCCGATGACCTCGGA-1,visium,12104,7348,9.30819320678711,4913.0,2.2127504348754883
ATCCGATGTCTGTCAC-1,visium,2390,7131,9.919853210449219,6196.0,8.264056205749512
ATCCGATTATCTACGT-1,visium,1451,4454,9.357897758483887,4859.0,1.0440934896469116
ATCCGGATCGCCGTAT-1,visium,8856,5487,8.273591995239258,2075.0,0.8167432546615601
ATCCGGATGACGTAAC-1,visium,7208,14348,9.855819702148438,6094.0,4.92448091506958
ATCCGGCGTAGTCTGA-1,visium,7445,935,9.617870330810547,6085.0,1.8163673877716064
ATCCGGTACCGTCCTT-1,visium,15238,16988,9.665801048278809,6102.0,0.5898021459579468
ATCCGGTATCACAAGT-1,visium,7352,12470,9.808847427368164,6118.0,3.5123400688171387
ATCCGTAGCTTCAGTA-1,visium,8899,13535,9.430760383605957,3892.0,0.8904933929443359
ATCCGTAGTGTCGCTC-1,visium,16607,13494,9.812358856201172,6499.0,1.2269266843795776
ATCCGTGGAACTTCAA-1,visium,9787,6555,8.986947059631348,3397.0,1.262973666191101
ATCCGTTATCGAAGGC-1,visium,1901,2037,8.79194164276123,3648.0,0.3799392282962799
ATCCTCCAGCCATTGT-1,visium,16106,6254,8.974491119384766,4302.0,0.4431501626968384
ATCCTCGTTCCAGGCC-1,visium,6591,14352,9.86334228515625,6089.0,3.0449719429016113
ATCGAACTCGTCCGGC-1,visium,16867,4372,9.340929985046387,5328.0,1.404247760772705
ATCGACAGCGGCAACA-1,visium,17062,12150,8.013011932373047,2034.0,0.9937065839767456
ATCGACCGGAGTATCG-1,visium,4693,5241,9.507254600524902,5120.0,6.651307582855225
ATCGACTAAGTACTGC-1,visium,17789,3831,9.824552536010742,6810.0,2.1697959899902344
ATCGATGTCAGATAGA-1,visium,1966,14376,9.090993881225586,4393.0,2.005859851837158
ATCGCAATGCACTAAC-1,visium,8418,10050,9.208438873291016,3938.0,0.4609218239784241
ATCGCAGTAACTTATT-1,visium,10135,14065,9.726034164428711,4095.0,0.46575507521629333
ATCGCAGTAATATCAG-1,visium,18754,11336,7.250635623931885,1014.0,1.0653408765792847
ATCGCAGTCTATGGCA-1,visium,14751,12431,9.377971649169922,5067.0,0.9387685656547546
ATCGCATCACGCATCT-1,visium,6223,3087,8.769972801208496,3675.0,0.6369426846504211
ATCGGCTCTATGCCTC-1,visium,7524,15956,8.963160514831543,3861.0,0.4866180121898651
ATCGTAACTACCTCTT-1,visium,5969,13282,10.01520824432373,6776.0,3.917184352874756
ATCGTAATCCACATGC-1,visium,3822,15439,8.703838348388672,2926.0,0.33195021748542786
ATCGTACAACTGGCTA-1,visium,12163,18614,10.270938873291016,8059.0,2.278393268585205
ATCGTACACCTATGCC-1,visium,9519,14068,9.669157028198242,4080.0,0.619429886341095
ATCGTAGCATGTAGAT-1,visium,14406,5458,8.334951400756836,2627.0,0.6481037139892578
ATCGTATTACTCGGAG-1,visium,5510,14089,9.554285049438477,4920.0,1.1982417106628418
ATCGTATTGGAATCCT-1,visium,2291,17593,9.492959976196289,4646.0,0.4673954248428345
ATCGTCACCATGTCAC-1,visium,11346,9766,9.875551223754883,6314.0,3.14685320854187
ATCGTCAGTTAGTCCA-1,visium,6582,12742,9.835583686828613,6459.0,3.751471519470215
ATCGTCCTAGTACGAA-1,visium,14472,17797,9.251002311706543,4830.0,0.6433647274971008
ATCGTCTATGATGCCG-1,visium,16174,19129,10.502708435058594,7923.0,1.1918820142745972
ATCGTCTTAACGAAGG-1,visium,1021,10626,10.266288757324219,7028.0,7.5140886306762695
ATCTACAGGAGTGCAC-1,visium,9227,17288,8.665267944335938,3554.0,0.6900120377540588
ATCTACCATATTCCAG-1,visium,3162,7395,9.658417701721191,5799.0,4.9258880615234375
ATCTACGACAGCTCTT-1,visium,1519,17329,9.75782585144043,5356.0,1.5039334297180176
ATCTACTCACATCTCC-1,visium,7496,10591,8.946504592895508,4014.0,0.9244791269302368
ATCTCCTTGCGATACA-1,visium,12138,13786,7.985144138336182,1968.0,7.391007900238037
ATCTGAAGTATGCACG-1,visium,9620,4142,8.862908363342285,3768.0,0.5379388332366943
ATCTGAGGAACGGTTG-1,visium,8412,8977,9.848028182983398,6187.0,3.113107681274414
ATCTGATACTTCATTA-1,visium,8381,3076,9.251482009887695,5112.0,2.226701259613037
ATCTGCCGTCTACAGC-1,visium,3202,14906,8.98205852508545,3224.0,0.25131940841674805
ATCTGGATCCTCAGAC-1,visium,5490,10334,9.962699890136719,6556.0,6.343371391296387
ATCTGTACGCGTCTCC-1,visium,10429,11381,9.272469520568848,4352.0,1.8890976905822754
ATCTTAAGCTCCTTGA-1,visium,10067,1189,8.688284873962402,3170.0,0.7417396903038025
ATCTTAGACGCCTACT-1,visium,12403,5737,9.395574569702148,5489.0,1.0137943029403687
ATCTTAGACTTGATCT-1,visium,15470,2502,9.25320816040039,5061.0,1.1114305257797241
ATCTTAGATAGGTTCA-1,visium,7462,4154,8.83054256439209,3461.0,0.5263927578926086
ATCTTAGTGGCATGGA-1,visium,15696,16181,9.45571517944336,5575.0,2.8090767860412598
ATCTTCGGACATACTA-1,visium,14265,7873,9.917193412780762,6615.0,3.8816277980804443
ATCTTGGCTTCGTCCT-1,visium,9377,16483,9.024733543395996,2759.0,0.40939193964004517
ATGAACAATCGATGCG-1,visium,2082,7133,9.864227294921875,6315.0,4.706432819366455
ATGAAGCTGAATCCAG-1,visium,4701,6851,9.278840065002441,4692.0,3.3152780532836914
ATGAATGTATCGTGGT-1,visium,15549,17523,9.88857650756836,6446.0,0.6750240921974182
ATGACACTAATCGCAC-1,visium,6851,5230,9.002700805664062,4000.0,1.169374704360962
ATGACCAGACGGCCGG-1,visium,3341,11955,9.702899932861328,5915.0,4.736005783081055
ATGACCTCACTTAACC-1,visium,10596,13794,9.688374519348145,5506.0,2.411954402923584
ATGACGAGATCATTAA-1,visium,4690,4705,9.536978721618652,5242.0,3.4554898738861084
ATGAGCTACATGGAAG-1,visium,12466,17539,8.937350273132324,3529.0,0.5913271903991699
ATGAGCTACTGGACAT-1,visium,15311,1698,8.974365234375,4328.0,1.0890212059020996
ATGAGCTATTCGAAGA-1,visium,3177,10078,9.71757984161377,5643.0,7.894736289978027
ATGAGGAACGACCAGC-1,visium,5753,1748,9.58836555480957,5500.0,3.782635450363159
ATGAGTACGCTTCCTA-1,visium,2105,11425,9.5808687210083,5667.0,3.9215688705444336
ATGAGTATCAGATCTG-1,visium,12789,20220,9.918425559997559,7282.0,1.6403940916061401
ATGAGTCCTGAAGTGG-1,visium,16935,17247,8.858084678649902,3786.0,0.22759602963924408
ATGAGTCTAGATACTC-1,visium,13714,20215,9.599743843078613,5983.0,0.39972901344299316
ATGAGTCTTAGGAAGG-1,visium,15622,2233,9.183688163757324,4900.0,0.8730484843254089
ATGAGTTACAGATAGA-1,visium,16785,18053,9.853246688842773,6866.0,0.8149744868278503
ATGATAATTCCTTGCG-1,visium,1335,11697,9.903937339782715,6539.0,2.8888444900512695
ATGATATCTAGTCTTA-1,visium,8574,10317,8.4749116897583,2587.0,0.5217028260231018
ATGATTGATTCCGAAT-1,visium,3067,18394,8.983565330505371,3946.0,0.21329987049102783
ATGCATCCTGACTCAC-1,visium,6758,16765,9.308917999267578,5010.0,0.6887177228927612
ATGCATGCCTGCGATG-1,visium,10098,7090,9.2472505569458,3940.0,1.0216867923736572
ATGCATGGTTCCGCCT-1,visium,12735,10027,9.435482025146484,5377.0,2.738741636276245
ATGCATGGTTGCTGTA-1,visium,1358,15989,9.932900428771973,6646.0,3.1073994636535645
ATGCATGTATGTGAGT-1,visium,6101,9257,9.953895568847656,6408.0,6.190272331237793
ATGCATGTCACTCGTG-1,visium,3030,11420,8.943506240844727,3225.0,0.7182969450950623
ATGCATGTCGATGTGG-1,visium,18106,5438,9.56310749053955,6022.0,0.9136270880699158
ATGCATTAGATATCCA-1,visium,18273,7852,8.234829902648926,2429.0,0.31838685274124146
ATGCCAGCTGCCATCT-1,visium,1929,7402,9.97329330444336,6327.0,8.25833511352539
ATGCCGTCGATAAGAC-1,visium,14400,4385,8.183676719665527,2229.0,0.6143535375595093
ATGCCGTTGTGAAGCG-1,visium,5338,10603,9.781489372253418,6049.0,5.507852077484131
ATGCCTTCGTAAGTTA-1,visium,16282,10276,8.351139068603516,2360.0,0.6613131761550903
ATGCTACTGAATAGTA-1,visium,8862,6560,9.889641761779785,6423.0,2.626242160797119
ATGCTCCAACCTGGCC-1,visium,4410,10071,9.762442588806152,5828.0,7.473514080047607
ATGCTCCGTTCTACTG-1,visium,5816,13551,10.000250816345215,6735.0,4.057918548583984
ATGCTCGCCTCCAATT-1,visium,2122,14644,9.584383964538574,5738.0,2.579979419708252
ATGCTGAATGCAATAG-1,visium,13812,9753,9.898374557495117,6458.0,1.7741367816925049
ATGCTGACAGTTACAT-1,visium,9298,1461,9.74963665008545,6407.0,3.604128837585449
ATGCTGACGACTCGCT-1,visium,18723,5435,9.527557373046875,5671.0,0.7500728368759155
ATGCTGCCGGCATACT-1,visium,17696,15366,9.487668991088867,5571.0,0.7427055835723877
ATGCTGCCTACTGCAT-1,visium,2453,18934,9.755915641784668,6398.0,1.8719210624694824
ATGCTGCGCTGTTGCA-1,visium,19068,12408,8.255309104919434,2440.0,1.7936054468154907
ATGCTGCGGAACTACC-1,visium,18262,5706,9.681031227111816,6436.0,2.14241099357605
ATGCTGCGGATGGTTG-1,visium,17685,13220,10.042640686035156,7159.0,3.680661201477051
ATGCTGGCTTACTACA-1,visium,14553,4116,8.911799430847168,3996.0,0.7414397597312927
ATGCTTACTCTAGGAA-1,visium,11954,8153,9.295692443847656,4717.0,2.314049482345581
ATGCTTGGACGAACTT-1,visium,10879,8964,9.549166679382324,5587.0,1.617730975151062
ATGGAACGATAGTGAT-1,visium,16163,16983,9.894749641418457,6858.0,2.13366961479187
ATGGAGCGGACCGATT-1,visium,4673,1486,9.652137756347656,5832.0,3.4782047271728516
ATGGAGGCCACGGCTT-1,visium,4087,7390,9.592741966247559,5656.0,4.366514682769775
ATGGAGGCCGCTATCC-1,visium,14028,21287,9.9811429977417,6935.0,0.4025168716907501
ATGGAGGTTCACCGGT-1,visium,15931,2231,9.337501525878906,5433.0,0.9951563477516174
ATGGAGTAATCGGACC-1,visium,11054,12987,10.006450653076172,6571.0,3.3110790252685547
ATGGCATTATGGCTCG-1,visium,13838,14581,9.961379051208496,7253.0,2.5104997158050537
ATGGTAACGGACCGGA-1,visium,2243,8473,9.988426208496094,6419.0,5.626492500305176
ATGTAAGAGCCACCTC-1,visium,14457,15115,8.545002937316895,3083.0,1.1284047365188599
ATGTAATTGTCGTTCG-1,visium,6133,15159,9.751850128173828,6027.0,2.519639253616333
ATGTACAGTGCCTATG-1,visium,1030,12235,10.250263214111328,7478.0,4.871151447296143
ATGTACATCGTGGTTA-1,visium,1188,13039,9.681281089782715,6237.0,3.8591232299804688
ATGTACATGAACTCCG-1,visium,15063,12965,9.821463584899902,6576.0,2.6270081996917725
ATGTACCATTATTGTC-1,visium,10387,3333,8.673513412475586,3414.0,0.2566295862197876
ATGTACCTTCACATTA-1,visium,11403,20496,9.89363956451416,6723.0,0.580720067024231
ATGTACGGTGGCGTAT-1,visium,13866,19946,9.771440505981445,6534.0,0.4907275438308716
ATGTACTACCGACTTC-1,visium,8905,14608,9.62575626373291,4592.0,0.9307544827461243
ATGTACTAGAGGAATT-1,visium,18160,15631,9.77411937713623,6662.0,1.303209662437439
ATGTACTCTGCAGCAC-1,visium,9798,8701,8.786762237548828,2903.0,0.24442407488822937
ATGTACTGGTCGAAGC-1,visium,13561,20484,9.653807640075684,6188.0,0.39152759313583374
ATGTAGAAGCGAATAG-1,visium,14559,5189,8.645058631896973,3406.0,0.6160886883735657
ATGTAGCCGACCAAGG-1,visium,8398,6295,9.705889701843262,5880.0,2.820934534072876
ATGTAGGTAACCGTAC-1,visium,6285,14890,9.798294067382812,6144.0,3.2551939487457275
ATGTAGGTGGTCTAAC-1,visium,14022,20214,9.524348258972168,5984.0,0.46756282448768616
ATGTAGGTTGGCGAGG-1,visium,16907,11883,7.646353721618652,1350.0,0.9082217812538147
ATGTAGTCCAGAACAT-1,visium,1595,2575,9.416133880615234,3927.0,0.7408010363578796
ATGTATCCAAGGTGGC-1,visium,16002,15643,10.303638458251953,7402.0,1.8197050094604492
ATGTATCCATAAGTTG-1,visium,2116,13571,9.175437927246094,4782.0,1.7605634927749634
ATGTATCGGAATACGG-1,visium,11968,10836,9.469082832336426,5183.0,2.9261891841888428
ATGTATGAGTACCGGA-1,visium,15668,10816,9.081938743591309,3646.0,0.43211281299591064
ATGTATGTACTATCTT-1,visium,18553,2485,8.995412826538086,4428.0,1.2523248195648193
ATGTCATACTTAGACC-1,visium,2076,6060,9.930908203125,6370.0,5.9061055183410645
ATGTCATCAGGTTATG-1,visium,1293,3650,9.680781364440918,5987.0,1.786829948425293
ATGTCGCATGCCATAC-1,visium,18333,19118,10.630069732666016,8955.0,2.8844990730285645
ATGTCGCATTGATTGC-1,visium,18406,3827,9.834619522094727,6851.0,2.4480395317077637
ATGTCGGACTGAAGTA-1,visium,396,9019,10.15140151977539,6896.0,5.6388044357299805
ATGTCGGATAAGCCGA-1,visium,6404,8183,9.239899635314941,3750.0,1.1845810413360596
ATGTCGGCTGTCGTAA-1,visium,3194,13297,9.856605529785156,6266.0,4.386102676391602
ATGTCGTTACCAGACG-1,visium,15498,7866,9.711721420288086,6261.0,2.120055913925171
ATGTCTAACTGGCGAA-1,visium,3612,4979,9.773834228515625,5873.0,5.749416351318359
ATGTCTGCGTTGCAGC-1,visium,17682,12683,8.71440315246582,3380.0,1.4780752658843994
ATGTGAATCCATACGA-1,visium,10922,17011,8.919453620910645,3080.0,0.36120399832725525
ATGTGAATTGCTGACC-1,visium,2730,13031,9.907828330993652,6480.0,4.465796947479248
ATGTGACATAGAGTCC-1,visium,17413,20196,10.574440002441406,8443.0,3.565859794616699
ATGTGATCCGTCTAAC-1,visium,560,10896,10.245551109313965,7129.0,5.892171859741211
ATGTGCGTCTGAACAG-1,visium,11663,11374,8.978408813476562,3157.0,0.40358179807662964
ATGTGCTAACATCGAA-1,visium,8161,19708,6.602587699890137,528.0,0.135869562625885
ATGTGCTTGTGCTACC-1,visium,7847,18637,9.144413948059082,3730.0,0.24570024013519287
ATGTTAAGATTACTGA-1,visium,5827,15697,8.459564208984375,2128.0,0.3390548825263977
ATGTTACTGGAGGCGG-1,visium,18935,16432,10.285001754760742,7819.0,2.3148622512817383
ATGTTAGACTATCTCA-1,visium,15487,5720,8.674367904663086,3590.0,0.39316239953041077
ATGTTCTGCCTTATCT-1,visium,2396,8204,9.878323554992676,6232.0,5.37893533706665
ATTAACGGAGTGAATT-1,visium,19266,20722,10.314238548278809,8153.0,1.3893494606018066
ATTAAGAACAGCTCCG-1,visium,10896,12183,9.642382621765137,5459.0,2.3242225646972656
ATTAAGAATAACGCTT-1,visium,7318,6032,8.99516487121582,3677.0,0.78134685754776
ATTAAGCGTCCTGCCG-1,visium,2843,5251,9.792667388916016,6056.0,4.38523006439209
ATTAAGTGGCCTAAGG-1,visium,1796,11426,9.94242000579834,6642.0,5.29986047744751
ATTACATGTTATTGAC-1,visium,14545,2507,8.987571716308594,4386.0,0.712321937084198
ATTACATTGAAGTATG-1,visium,8879,9779,9.835583686828613,6193.0,1.9158728122711182
ATTACCTTCGCAGAAG-1,visium,2237,7400,9.604677200317383,5404.0,6.627114772796631
ATTACTCAGTTAACGA-1,visium,14322,18603,9.623178482055664,5520.0,0.6287226676940918
ATTACTCCGTGAAGCG-1,visium,11677,14056,8.773229598999023,3293.0,1.0684422254562378
ATTACTGAGTGCCTCC-1,visium,14118,9215,10.257869720458984,7520.0,3.329240560531616
ATTACTGATATTCGCC-1,visium,6217,2014,9.27087116241455,4855.0,1.7979854345321655
ATTACTGTACGCGGTG-1,visium,1635,10086,10.058780670166016,6317.0,8.446422576904297
ATTACTGTCGCATATT-1,visium,11029,8158,9.241548538208008,4718.0,0.8724311590194702
ATTAGAACAGTGGTAG-1,visium,16791,19126,10.623276710510254,8407.0,1.5336302518844604
ATTAGATAAGACGGCG-1,visium,8746,13804,9.842569351196289,4684.0,0.7174363732337952
ATTAGATTCGTACTCA-1,visium,10689,2259,9.137984275817871,4391.0,0.5913342833518982
ATTAGCAGGATGTATT-1,visium,2750,16786,8.926118850708008,3039.0,0.4916943609714508
ATTAGCATTCCGATCG-1,visium,12639,21026,9.544381141662598,5808.0,0.24346581101417542
ATTAGCCTCACTTCTA-1,visium,7824,14345,9.796514511108398,5857.0,4.0678911209106445
ATTAGCCTCAGTAGAT-1,visium,1621,7404,10.04905891418457,6672.0,7.590887546539307
ATTAGCGAGCATGCTG-1,visium,16584,9202,7.319202423095703,978.0,0.663129985332489
ATTAGCTAGATGCGCA-1,visium,18092,2756,10.027738571166992,7451.0,3.6034445762634277
ATTAGTCGTGTTATGC-1,visium,8466,19170,9.832582473754883,5220.0,0.332796573638916
ATTAGTGAGGTATCGC-1,visium,15184,6795,9.309008598327637,5097.0,1.531351923942566
ATTAGTGCTTGGTCAT-1,visium,6879,10595,9.010546684265137,3099.0,0.5862237215042114
ATTAGTTCACAGACTC-1,visium,9934,5213,8.43359375,2720.0,0.3697259724140167
ATTAGTTGGACGTGAT-1,visium,4987,2557,9.328567504882812,5230.0,2.0703749656677246
ATTATCACAACTCGGC-1,visium,9838,16212,9.744608879089355,5890.0,2.666901111602783
ATTATCAGTTCGATGC-1,visium,2220,4181,10.009693145751953,6609.0,4.21312952041626
ATTATCCAGGTGAAGT-1,visium,2410,10887,10.093074798583984,6676.0,6.329113960266113
ATTATCGAGTGCAGAT-1,visium,6246,7379,9.430760383605957,3918.0,0.8664259910583496
ATTATCTAGATTAACG-1,visium,15818,10011,9.18574047088623,4442.0,0.4817548096179962
ATTATCTTATTGAGAC-1,visium,2911,18127,8.909100532531738,3852.0,0.31089484691619873
ATTATGCCATCGTTAA-1,visium,15028,6528,9.024251937866211,4393.0,1.2167209386825562
ATTATGTTAAGGTAGT-1,visium,3918,4441,9.670482635498047,5680.0,3.3013508319854736
ATTCAAGATTAGTTGC-1,visium,13368,13243,9.857601165771484,6583.0,3.1148571968078613
ATTCACATAGGATGAG-1,visium,15043,9210,9.884355545043945,6790.0,2.6503567695617676
ATTCACATCGTCACAG-1,visium,14166,18335,9.529666900634766,5461.0,0.6322214603424072
ATTCACATCTTATTCT-1,visium,11648,8692,9.875807762145996,6320.0,3.074075937271118
ATTCACCTGACCAGTT-1,visium,11988,14591,9.407960891723633,4586.0,1.4281023740768433
ATTCACGCTGTTATCG-1,visium,8449,15951,9.559094429016113,4775.0,0.7338414192199707
ATTCACGTCGCAGGCT-1,visium,11812,10568,9.898022651672363,6356.0,2.2976369857788086
ATTCACTCACGTGCAC-1,visium,14604,13773,10.102051734924316,7366.0,3.9193179607391357
ATTCAGCTCCTACTAA-1,visium,9841,16749,8.181720733642578,1902.0,0.4196978211402893
ATTCAGTCACCGCCAT-1,visium,142,19214,10.048799514770508,7581.0,1.8809185028076172
ATTCATAGCGAAGCGT-1,visium,12455,15393,9.109192848205566,4521.0,0.5532809495925903
ATTCATAGTTCTAACT-1,visium,13702,18069,9.503159523010254,5697.0,0.6492052674293518
ATTCCATTGTGAACGC-1,visium,8302,17293,8.808219909667969,3629.0,0.5831339955329895
ATTCCGCAACGCCGCT-1,visium,14288,12165,9.067739486694336,4279.0,0.49596306681632996
ATTCCGCTCCATCAGC-1,visium,13954,7338,9.991819381713867,6861.0,3.3736155033111572
ATTCCGGACCGGTCTT-1,visium,690,6335,10.271735191345215,7182.0,7.49057149887085
ATTCCGGTTACATACC-1,visium,11835,14860,9.70777702331543,5343.0,0.8148868680000305
ATTCCGTAAGGATTCC-1,visium,15985,12424,9.072227478027344,4259.0,0.838213324546814
ATTCCTGCCTTAACAG-1,visium,14590,11090,9.476313591003418,5054.0,0.9811436533927917
ATTCCTTCGAAGGTGC-1,visium,1989,18668,9.794063568115234,6419.0,1.517349123954773
ATTCGCTCGCGGAGGC-1,visium,10141,15137,9.86104965209961,6403.0,3.9179883003234863
ATTCGGAAGCTATTAC-1,visium,5349,12749,8.924789428710938,3157.0,0.652029275894165
ATTCGTGCCGACATGT-1,visium,908,18405,9.677590370178223,6189.0,1.5481040477752686
ATTCGTTAGAATTCGG-1,visium,537,6605,10.303571701049805,7277.0,7.148602485656738
ATTCTAACGCCTGTTA-1,visium,15784,3573,9.552155494689941,6169.0,2.6218559741973877
ATTCTACAGCCAGCAC-1,visium,16397,3033,9.450459480285645,5710.0,1.376543641090393
ATTCTACGTGGCAGAT-1,visium,10706,5478,9.163039207458496,4598.0,0.6186431646347046
ATTCTACTGGTCGTTC-1,visium,12740,11100,9.172845840454102,4731.0,1.7858996391296387
ATTCTAGGACATCAGT-1,visium,9219,15679,9.932269096374512,6563.0,4.21221399307251
ATTCTAGTCCACAAGA-1,visium,16132,11082,9.148571014404297,3440.0,0.3404255211353302
ATTCTTGGAGTGATAG-1,visium,6090,7112,8.773385047912598,2622.0,0.387056827545166
ATTGACCTTCGGCGTC-1,visium,13408,20753,9.815966606140137,6912.0,0.4748130738735199
ATTGACGAGCAGCGAC-1,visium,12930,17805,9.3837890625,5112.0,0.65584796667099
ATTGACGCATCTCAAC-1,visium,3663,14635,8.971702575683594,3568.0,0.48247841000556946
ATTGACGCCACCTTCT-1,visium,7386,18908,9.11393928527832,4465.0,0.14317181706428528
ATTGACGCCAGCCAAG-1,visium,15037,8137,10.125029563903809,7165.0,2.8366520404815674
ATTGACTGAATACTAT-1,visium,17962,7317,9.46599006652832,5603.0,1.7193307876586914
ATTGACTTATGTGGTA-1,visium,741,15992,9.746131896972656,6328.0,2.528237819671631
ATTGATAACACTAAGA-1,visium,1163,8211,9.942564010620117,6556.0,3.8517019748687744
ATTGCAAGGCAATGGA-1,visium,18174,18314,10.434263229370117,7836.0,1.202799677848816
ATTGCACGACCACTTG-1,visium,5171,8189,9.910810470581055,6211.0,6.006155014038086
ATTGCACGCATAACAG-1,visium,900,16796,9.907429695129395,5950.0,1.419464111328125
ATTGCAGTTCTTCATT-1,visium,4102,10073,9.79216480255127,5994.0,5.449362754821777
ATTGCATATTGTTATC-1,visium,12443,13248,9.543306350708008,5328.0,1.548387050628662
ATTGCATCACTGACTG-1,visium,6441,15157,9.917834281921387,6436.0,2.7257492542266846
ATTGCCTTGTCTAAGT-1,visium,7080,19446,7.74543571472168,1652.0,0.21645021438598633
ATTGCGTAGTTAGGAG-1,visium,7453,2544,9.279212951660156,4991.0,1.8577296733856201
ATTGGCACCACGCCAT-1,visium,14856,3041,9.161885261535645,4902.0,0.881797194480896
ATTGGCCTAGGAATCG-1,visium,9150,2803,9.509778022766113,5790.0,2.512972593307495
ATTGGCCTTCCGTGCA-1,visium,6300,17572,8.916372299194336,4021.0,0.8185721635818481
ATTGGCGAATTGCACT-1,visium,7606,2275,9.018695831298828,4363.0,0.835857093334198
ATTGGCTAACAGACAA-1,visium,5061,16506,8.843037605285645,3356.0,0.577617347240448
ATTGTTAAGTAGACTA-1,visium,11937,4935,8.263848304748535,2586.0,0.7731958627700806
ATTGTTATACTTCACG-1,visium,1776,7671,10.043249130249023,6568.0,7.495977878570557
CAACAGCCAGACCTTC-1,visium,16788,18589,10.012835502624512,7060.0,0.8874944448471069
CAACAGCCGCCTTGAG-1,visium,7600,1202,9.171703338623047,4849.0,0.9043658971786499
CAACAGGTCAGAGGAC-1,visium,15838,13766,10.167964935302734,7527.0,2.855607509613037
CAACAGTACGGCAATG-1,visium,18030,20192,10.190844535827637,7748.0,1.1028997898101807
CAACCGTACTGATCTT-1,visium,5372,17041,9.314430236816406,4383.0,0.7119682431221008
CAACCGTATTACTGTA-1,visium,6738,13010,9.877400398254395,6421.0,3.8493123054504395
CAACGCTTGCTCCTAC-1,visium,10124,11919,9.336532592773438,3455.0,0.5289139747619629
CAACGGCACTCAGTCC-1,visium,12406,6273,9.788749694824219,6535.0,2.002131223678589
CAACTGACAAGACAAG-1,visium,2877,11689,9.739673614501953,5975.0,4.211580276489258
CAACTGCAGTGCAATA-1,visium,13357,11097,9.559728622436523,5132.0,1.1564769744873047
CAACTGCATTCGACTC-1,visium,17212,11345,6.9957661628723145,882.0,0.641613245010376
CAACTGCTGGAGTTAT-1,visium,11665,11910,9.445570945739746,3590.0,0.2608489394187927
CAACTTGGACATAGAT-1,visium,4695,5778,9.692766189575195,5595.0,2.9693191051483154
CAACTTGGTACGATGT-1,visium,11784,5204,9.19360065460205,4767.0,0.6610393524169922
CAAGACCACTATCGAA-1,visium,11052,12450,9.643485069274902,5568.0,2.7431907653808594
CAAGATAAGTGCAATG-1,visium,1352,14916,9.445728302001953,5037.0,1.5332331657409668
CAAGATAATGAGACCG-1,visium,18731,7045,9.04793930053711,4391.0,1.3294117450714111
CAAGATTACCGATCAT-1,visium,14460,15651,9.929739952087402,6889.0,3.360771417617798
CAAGATTAGATGAGTT-1,visium,2444,17324,9.226115226745605,3635.0,0.42331168055534363
CAAGCATGCCTGACTT-1,visium,14944,19672,10.485172271728516,8620.0,2.5824482440948486
CAAGCCGCCATAGAGG-1,visium,7049,13544,9.91041374206543,5915.0,2.5970802307128906
CAAGCCTCCACTATCT-1,visium,1211,17331,9.791996955871582,4969.0,0.5422326922416687
CAAGGCAAGATTAGCA-1,visium,18411,4900,9.380167961120605,5610.0,1.299578070640564
CAAGGCAAGCATCTCG-1,visium,4373,3097,9.979429244995117,6950.0,2.887333631515503
CAAGGTCAGCGATGTC-1,visium,1072,20282,10.14760971069336,7650.0,0.9988640546798706
CAAGGTCTCAATACAG-1,visium,3488,10613,9.798015594482422,6000.0,6.1176862716674805
CAAGTACTCCGCATCG-1,visium,6452,17303,9.406482696533203,5437.0,0.7562057971954346
CAAGTACTTATTAAGC-1,visium,16729,7323,8.820404052734375,3606.0,0.48744460940361023
CAAGTACTTCAATAGT-1,visium,4119,13292,9.338909149169922,4647.0,2.8581478595733643
CAAGTAGCCTCGATCC-1,visium,3502,13295,9.896110534667969,6176.0,3.712472438812256
CAAGTATCGGCAACCA-1,visium,3765,4710,9.729252815246582,5674.0,3.749776601791382
CAAGTCCATCGGCGGT-1,visium,18426,7583,9.118115425109863,4444.0,1.2173722982406616
CAAGTCCGCTACCGTT-1,visium,3807,12757,9.770241737365723,6156.0,4.518967151641846
CAAGTCGCAGTCACTC-1,visium,594,17334,9.727644920349121,5621.0,1.0492429733276367
CAAGTCGTAGGACTCG-1,visium,17781,2221,9.354527473449707,5396.0,1.7922077178955078
CAAGTGAATTGGATGC-1,visium,4234,6048,9.907380104064941,6411.0,5.9371418952941895
CAAGTGGATCATCCAG-1,visium,834,4457,9.59424114227295,5632.0,1.0968049764633179
CAAGTGTTCGCCACGC-1,visium,13348,9487,9.929545402526855,6590.0,2.17274808883667
CAAGTGTTGACGGCCA-1,visium,6761,17301,9.32456111907959,5203.0,0.6512624025344849
CAATAACTACATTAAC-1,visium,5496,11407,10.032979965209961,6846.0,4.682832717895508
CAATAACTCAAGGCAA-1,visium,7162,5765,9.12739372253418,4091.0,1.1192002296447754
CAATAACTCAGATGAG-1,visium,2206,1499,9.496195793151855,5909.0,2.149083375930786
CAATAAGAACCGACTT-1,visium,3142,3640,9.191463470458984,3847.0,0.7337953448295593
CAATAAGCGGCCAGAT-1,visium,13541,16729,9.721305847167969,5848.0,0.647948145866394
CAATAAGGTAACTCGT-1,visium,1312,7405,10.241387367248535,7113.0,6.633617877960205
CAATAAGGTAGCGATG-1,visium,8525,1197,9.811920166015625,6135.0,1.4302153587341309
CAATAATCGTAGGATA-1,visium,10308,17551,9.385553359985352,5241.0,0.6798723936080933
CAATCCATGCCGATGC-1,visium,12941,19951,10.032408714294434,7315.0,1.2526922225952148
CAATCCGAGGTGCTAG-1,visium,10777,18890,10.451146125793457,8265.0,3.0968973636627197
CAATCGTCGGAGCATG-1,visium,13962,8948,9.916946411132812,6585.0,2.920572280883789
CAATCGTGAAGTGATA-1,visium,1525,18402,9.819561958312988,6315.0,1.7129805088043213
CAATCTATGAGGTCAG-1,visium,422,13848,9.756089210510254,6324.0,2.335148811340332
CAATCTGAGTCGACTC-1,visium,3756,3100,9.067277908325195,4009.0,0.7500576972961426
CAATGCATCATTATGC-1,visium,16392,1960,9.23366641998291,5013.0,0.9477283954620361
CAATGCATTGACGGCA-1,visium,13493,7609,9.805323600769043,6121.0,1.5996469259262085
CAATGCGGATGCTGGT-1,visium,4418,11681,9.286375045776367,4405.0,1.0380942821502686
CAATGGCTGAGCGATT-1,visium,535,6068,10.226476669311523,7294.0,6.208369731903076
CAATGTCCGTTGCGTG-1,visium,18086,1683,9.335739135742188,5561.0,1.2351124286651611
CAATTACAGGTGTCAT-1,visium,13861,18873,10.290584564208984,8077.0,1.8130581378936768
CAATTGAACCGGCTCG-1,visium,10599,14330,9.735837936401367,4745.0,1.265373706817627
CAATTGTTGACGTGAG-1,visium,3779,7392,9.502562522888184,5336.0,4.659150123596191
CACCAGGCACGCTATC-1,visium,12002,17274,8.702509880065918,2809.0,0.4487285912036896
CACCATAAGCTGGCTG-1,visium,5341,11139,10.003151893615723,6663.0,6.86128044128418
CACCATTCTTACGAGC-1,visium,1646,12232,9.624897003173828,6081.0,3.2174949645996094
CACCGACAAGGCGTAT-1,visium,6367,1209,9.293485641479492,5147.0,1.8406037092208862
CACCGAGTCTTGGACA-1,visium,7375,16762,9.411319732666016,5476.0,0.8016359806060791
CACCTACATGATTGAT-1,visium,10848,3063,8.44440746307373,2620.0,0.6669535040855408
CACCTACCGCTACCTT-1,visium,2891,14371,9.112175941467285,3784.0,0.7722859978675842
CACCTAGAATACTTCT-1,visium,2099,10352,10.042814254760742,6440.0,7.5992865562438965
CACCTAGACGAGCCGG-1,visium,13196,9756,9.930713653564453,6561.0,3.2601819038391113
CACCTCGAAGCGCTAG-1,visium,19102,18845,10.25403881072998,8286.0,1.7608113288879395
CACCTCGAGCGATGCT-1,visium,11524,14325,8.892611503601074,3546.0,0.6596124768257141
CACCTTAGCTATTGTC-1,visium,7946,8175,9.866044998168945,6012.0,2.5539867877960205
CACCTTGCGAGTTATG-1,visium,4837,3363,9.775199890136719,6321.0,2.6945595741271973
CACGAGGCCATCCACT-1,visium,8712,7366,9.72280502319336,4745.0,0.8207032680511475
CACGAGGTATAGGTAT-1,visium,12101,6811,9.632662773132324,5869.0,2.4387047290802
CACGATCATACAATTA-1,visium,11040,10304,8.53168773651123,3004.0,0.9660882949829102
CACGATCTTCGCCGAC-1,visium,4984,2021,9.662879943847656,5780.0,2.9512784481048584
CACGATGGTGCTAATA-1,visium,16469,16445,10.257624626159668,7602.0,2.3019158840179443
CACGCCACAATCGCAC-1,visium,9833,15139,10.086933135986328,6872.0,3.7209689617156982
CACGCCACTCCTTCAT-1,visium,8378,2539,9.633514404296875,6062.0,3.2488372325897217
CACGCCTGGCGAATGT-1,visium,18708,2753,9.673822402954102,6320.0,3.6363635063171387
CACGGATTCTCATCAC-1,visium,5326,8457,9.875910758972168,6207.0,6.461063861846924
CACGGCGACGGTGCCT-1,visium,15020,4918,8.955448150634766,4188.0,0.32262226939201355
CACGGCGATACATACG-1,visium,16265,7058,8.575462341308594,3279.0,0.49065864086151123
CACGGCGTCAGCCTGC-1,visium,18301,13216,9.956886291503906,6994.0,3.7353053092956543
CACGGCTGCGCTTGGC-1,visium,5315,6311,8.986696243286133,3068.0,0.6128830313682556
CACGGCTTACTCCGTT-1,visium,11170,5743,9.699901580810547,6152.0,2.2801103591918945
CACGGTCTTGGTTAAT-1,visium,12873,7076,10.086933135986328,6964.0,3.7792391777038574
CACGTACACTCGCACC-1,visium,4517,1218,9.455793380737305,5585.0,1.2753305435180664
CACGTACGTAGCTCAT-1,visium,9320,5753,9.227099418640137,3599.0,0.4622344374656677
CACGTAGGTAGGCTGA-1,visium,10602,14867,9.817548751831055,5361.0,1.8962512016296387
CACGTCAAGTGCGATC-1,visium,10605,15403,9.595534324645996,5455.0,1.836984634399414
CACGTCCAATTCGACT-1,visium,3309,6053,9.551799774169922,5577.0,5.927926540374756
CACGTCCACGACCTAT-1,visium,10890,11110,9.226016998291016,3398.0,0.6497981548309326
CACGTCCATCTACTGA-1,visium,3171,9005,9.824065208435059,6285.0,5.169986724853516
CACGTGCCAGAATTCT-1,visium,19065,11871,7.861341953277588,1760.0,0.9252120852470398
CACGTTGCACATACCG-1,visium,11323,5474,9.479451179504395,5572.0,1.6734163761138916
CACTACAATATTGCGG-1,visium,9538,17823,8.95982551574707,4181.0,0.6809713244438171
CACTACCTTCGCTTCA-1,visium,6387,4964,9.490166664123535,5383.0,1.7160568237304688
CACTACTGCGGAATTG-1,visium,7041,11935,9.996705055236816,6725.0,3.903794288635254
CACTAGTCGACATCTA-1,visium,7940,7102,9.330875396728516,3627.0,0.7003546357154846
CACTCAACGCAACGAC-1,visium,16333,19933,10.759624481201172,8862.0,1.522939682006836
CACTCAAGACCATGCA-1,visium,6534,3622,9.03061580657959,4261.0,1.3406751155853271
CACTCAAGACGGACTA-1,visium,17982,11072,7.775275707244873,1435.0,0.798319399356842
CACTCAATAAGCCGAA-1,visium,5980,15428,9.190443992614746,3610.0,0.4182819724082947
CACTCAATAGTGATGC-1,visium,18884,6775,9.833708763122559,6809.0,3.0400514602661133
CACTCAGTACTCCGCT-1,visium,2127,15716,9.550164222717285,5684.0,3.8089137077331543
CACTCAGTGGTCCTTC-1,visium,2543,6862,9.958874702453613,6093.0,9.064244270324707
CACTCATCACGTTACG-1,visium,549,8750,10.167004585266113,7130.0,5.0981597900390625
CACTCGGCGTATCGGC-1,visium,12947,21024,9.614538192749023,5964.0,0.32710278034210205
CACTCGTAGGCCACGG-1,visium,17801,5976,9.092681884765625,4454.0,0.9449881315231323
CACTGGATCGATACGA-1,visium,7841,17564,9.27265739440918,4962.0,0.6295809149742126
CACTGGCCAGCCAGAT-1,visium,8265,10319,8.930891036987305,3754.0,0.6745139360427856
CACTGGCGGTAACACC-1,visium,4139,17047,8.634264945983887,2846.0,0.6939501762390137
CACTGGTGAGACGCTT-1,visium,9023,7901,9.430920600891113,4966.0,1.7807010412216187
CACTGGTGAGTTATCG-1,visium,2255,10619,9.8992280960083,6140.0,6.196645736694336
CACTGGTGGCGTCGTT-1,visium,1219,18940,9.866927146911621,6672.0,2.069394588470459
CACTTGACATTCAGAA-1,visium,12426,10029,9.8084077835083,6250.0,2.7550179958343506
CAGAACATGATAGGAC-1,visium,16460,14836,9.032767295837402,4170.0,0.7763975262641907
CAGAACATGCCTAGTG-1,visium,18103,4902,9.494465827941895,5800.0,0.7376740574836731
CAGAACGTATCGACTT-1,visium,5165,7116,9.496721267700195,5307.0,2.4633872509002686
CAGAAGATTAGAATGG-1,visium,600,18407,9.81186580657959,6342.0,0.9918895363807678
CAGAAGTCGCGGTTAT-1,visium,14299,14311,9.58183479309082,5972.0,2.0968408584594727
CAGAATTCTTGAACCA-1,visium,4104,10609,9.831562042236328,6303.0,4.561818599700928
CAGACACTTACAAGAC-1,visium,15804,7328,8.558910369873047,3206.0,0.613967776298523
CAGACAGTCGGATCTG-1,visium,12590,11906,8.624252319335938,3033.0,0.23364485800266266
CAGACGAATGAGGAAC-1,visium,14135,12434,9.403766632080078,5293.0,0.9148603081703186
CAGACGATACAGATCG-1,visium,2229,5791,9.884355545043945,6150.0,7.538226127624512
CAGACGCAGTAGGTCT-1,visium,12135,13249,9.262553215026855,4692.0,2.8286664485931396
CAGAGCAATGGCTTCT-1,visium,1053,16527,9.804606437683105,6460.0,3.3506293296813965
CAGAGGCACTTAAGTC-1,visium,5499,11943,9.141847610473633,3652.0,0.567634105682373
CAGAGGCAGCACATGG-1,visium,18615,14288,10.110623359680176,7322.0,2.495732069015503
CAGAGGCGAATTGCCA-1,visium,8226,2808,9.438750267028809,5454.0,2.331874370574951
CAGATATGTCCTTAAG-1,visium,17948,4634,9.424241065979004,5642.0,1.0497416257858276
CAGATTATCATAACGC-1,visium,5355,13822,9.462187767028809,4405.0,0.8162948489189148
CAGATTCCGTATGCGA-1,visium,11349,10303,9.423514366149902,5249.0,2.4727272987365723
CAGATTCGAACAGGTG-1,visium,12169,19687,9.963735580444336,7230.0,1.4359022378921509
CAGATTGCCTGTAAGT-1,visium,9963,10578,8.585226058959961,2728.0,0.2803214490413666
CAGCACCGCACGACTA-1,visium,15308,1161,9.226016998291016,5066.0,0.9943881034851074
CAGCACGCTAATCAGA-1,visium,3813,13830,9.524785995483398,5387.0,2.614283561706543
CAGCATAGACTAGGCA-1,visium,2690,5520,9.712508201599121,5990.0,5.1749186515808105
CAGCATCCTCGCCACT-1,visium,12005,17810,9.310094833374023,4966.0,0.31679943203926086
CAGCCAACGATAGCTT-1,visium,419,13311,10.260392189025879,7347.0,6.018826484680176
CAGCCACGGCTCTACG-1,visium,4978,948,9.979985237121582,6718.0,3.1312241554260254
CAGCCAGTCCTGTCGG-1,visium,11521,13789,9.026537895202637,3616.0,0.8774038553237915
CAGCCATGTCTGCCGT-1,visium,7652,10859,8.67419719696045,3423.0,0.5300050973892212
CAGCCTCGTGGCTCAC-1,visium,3491,11149,9.209640502929688,3815.0,0.6405124068260193
CAGCCTGGTTGAACTA-1,visium,13238,17804,9.2242431640625,4808.0,0.6410889029502869
CAGCGATAACTGAACC-1,visium,10237,4139,8.20876407623291,2162.0,0.3540304899215698
CAGCTCCTCGGATTCT-1,visium,10449,15136,9.946355819702148,6642.0,3.061077833175659
CAGCTGGATGCGGCTA-1,visium,4897,14629,9.405660629272461,4683.0,1.8098058700561523
CAGCTGGCGATAAGTG-1,visium,2905,17054,8.502079963684082,2395.0,0.38586515188217163
CAGCTTCACTACCGTG-1,visium,6919,18105,9.27575397491455,4536.0,0.5058547854423523
CAGCTTCTAGCTGGCA-1,visium,17863,17779,9.536689758300781,5749.0,0.43296292424201965
CAGCTTCTCCGCTCTT-1,visium,1131,2309,9.326611518859863,4829.0,1.8963675498962402
CAGCTTGACGCCATTA-1,visium,15625,2769,9.244161605834961,4997.0,1.0441844463348389
CAGCTTGGTTCGGTCG-1,visium,13179,6537,9.787346839904785,6102.0,2.701336622238159
CAGGACAGAAGGCTGG-1,visium,14412,6531,9.88420295715332,6548.0,2.3907835483551025
CAGGACATGGTAATGC-1,visium,10291,14332,9.7806978225708,5548.0,2.267073631286621
CAGGACCTACATAGTC-1,visium,17634,3563,9.996932029724121,7062.0,4.276345729827881
CAGGAGCGTATCGCAT-1,visium,6704,6572,9.002577781677246,3216.0,0.812507688999176
CAGGCCAACAGCGAGT-1,visium,9003,4145,9.504278182983398,5129.0,1.0286225080490112
CAGGCCAACGGTCGTA-1,visium,6136,15695,8.767951965332031,2729.0,0.529265284538269
CAGGCCGTATCTGTTA-1,visium,8257,8710,9.815421104431152,5999.0,3.2872822284698486
CAGGCGAGGTCTTGGA-1,visium,11176,6816,8.955964088439941,3710.0,0.5030310750007629
CAGGTACCACTCGCGG-1,visium,17803,6513,9.218804359436035,4785.0,0.6247521042823792
CAGGTTCCACTAATCC-1,visium,15631,3842,9.864070892333984,6819.0,3.1051700115203857
CAGTAATATCACTACG-1,visium,11239,18619,9.910314559936523,6717.0,0.9982120990753174
CAGTACAGTTGTGGAA-1,visium,13046,10562,9.642382621765137,5681.0,2.9799389839172363
CAGTAGATTGACGGAT-1,visium,4848,5509,9.538924217224121,5280.0,5.169558525085449
CAGTAGCACTACATTG-1,visium,14180,21018,10.074326515197754,7484.0,0.7291886210441589
CAGTATCTTACACTAA-1,visium,14720,6529,9.74108600616455,6278.0,2.258690595626831
CAGTATGCGTGGCGCT-1,visium,12144,14859,9.837027549743652,6169.0,1.3520013093948364
CAGTCAGCCGATCCGG-1,visium,12265,8688,9.312355041503906,5105.0,2.6731691360473633
CAGTCTCACTTAAGCA-1,visium,19085,15627,9.954133033752441,7268.0,0.9744272828102112
CAGTCTGGTAATCTAC-1,visium,1782,8744,9.933725357055664,6317.0,5.7827582359313965
CAGTCTGTGGCGCTGC-1,visium,8614,17828,8.849226951599121,4008.0,0.545350193977356
CAGTGAACAGCAACGA-1,visium,15215,12696,9.562264442443848,5365.0,1.5052402019500732
CAGTGAAGATACATAA-1,visium,402,10092,10.18539047241211,7022.0,5.593693256378174
CAGTGCCTTGCGGTCT-1,visium,6871,8985,9.882672309875488,6151.0,2.0370655059814453
CAGTTGCAACCGAGAT-1,visium,8692,3611,8.942069053649902,3960.0,0.797802746295929
CAGTTGCACGGACAGG-1,visium,2738,14640,8.937087059020996,3722.0,0.8543638586997986
CAGTTGCGACTTCTCG-1,visium,14734,9212,9.901385307312012,6530.0,1.4881995916366577
CAGTTGCTCACGTGTC-1,visium,6597,15425,9.42706298828125,4174.0,0.917948305606842
CATAAGTCTTCGAGTT-1,visium,684,5263,10.338316917419434,7420.0,3.9296929836273193
CATACAATGAGTAGCT-1,visium,1940,9548,9.994744300842285,6297.0,7.886809825897217
CATACCAGGTTCCTAA-1,visium,18958,20724,9.368539810180664,5333.0,0.7854520082473755
CATACCTCGATTGTTC-1,visium,5468,6042,8.840579986572266,2817.0,0.6224667429924011
CATAGAACATTGAACA-1,visium,9680,15408,10.01453685760498,6662.0,3.785573720932007
CATAGACGAGGTATTA-1,visium,7756,1470,9.000853538513184,4383.0,0.7892464995384216
CATATCAGACTATCCA-1,visium,2303,19739,9.221478462219238,4886.0,0.36593809723854065
CATATCCGTTCACCTC-1,visium,10780,19426,10.520185470581055,8308.0,2.7094860076904297
CATATGTTGACTGGCG-1,visium,16426,8398,7.635303974151611,1299.0,0.2899951636791229
CATATTCTTGTCGTAA-1,visium,5603,2554,8.606851577758789,3326.0,0.4023408889770508
CATCAACATAACCGAT-1,visium,15255,20207,10.104957580566406,7390.0,0.9156685471534729
CATCAGAAGGCTTCGG-1,visium,14639,20210,9.960481643676758,7401.0,1.3036085367202759
CATCAGATACTAATCG-1,visium,10268,10040,8.5426664352417,2549.0,0.17550702393054962
CATCAGGTAGGACCGT-1,visium,1977,16522,9.941938400268555,6620.0,5.379396438598633
CATCCGAAGCGTATGG-1,visium,6444,15694,8.828054428100586,3013.0,0.55702143907547
CATCCGCCTAAGGAAC-1,visium,7649,10322,9.628129005432129,5865.0,1.455383539199829
CATCCGGTACCAACGA-1,visium,6234,5233,9.755045890808105,6219.0,3.3816707134246826
CATCCGTGGTCGTAAG-1,visium,4905,16238,8.74909782409668,2796.0,0.3489847779273987
CATCCGTTAAGCGTGC-1,visium,18463,14557,9.109192848205566,4460.0,1.184021234512329
CATCCTAGAATTATTG-1,visium,16030,21008,9.825958251953125,6740.0,0.8267141580581665
CATCGCGGATGATATG-1,visium,18771,14555,9.008713722229004,4407.0,1.0400097370147705
CATCGCGGTCGGTGCG-1,visium,13507,10291,9.983637809753418,6927.0,2.6213769912719727
CATCGGATCCTACCTG-1,visium,8073,3077,9.171391487121582,4830.0,1.1750025749206543
CATCGGCATGTCGAAG-1,visium,17210,10808,6.938284397125244,824.0,0.7766990661621094
CATCGGCCTGCATATC-1,visium,14729,8139,10.075295448303223,6928.0,3.2339565753936768
CATCGGTAGCGTCCGA-1,visium,7612,3348,8.804325103759766,3605.0,0.5403782725334167
CATCTGGCCATACTAG-1,visium,16417,6789,8.750207901000977,3489.0,0.6496593356132507
CATCTGGCGAATGTCG-1,visium,16700,1959,9.376786231994629,5470.0,0.9229466319084167
CATCTGTACCACGCGA-1,visium,18319,16435,9.886188507080078,6792.0,2.157102108001709
CATGATACTCAGGATT-1,visium,17639,4636,9.365718841552734,5239.0,0.7962328195571899
CATGATAGGCCATGAG-1,visium,8873,8706,9.048879623413086,3071.0,0.4936530292034149
CATGATGCATGTGCTA-1,visium,1327,10088,10.139310836791992,6582.0,7.887669086456299
CATGCAGAAGTCAGGA-1,visium,7686,17296,9.326967239379883,5074.0,0.7208971381187439
CATGCAGGTAGTTGTA-1,visium,1592,2039,9.23415470123291,4332.0,0.380859375
CATGCATATTCTGCCT-1,visium,10927,18084,9.574706077575684,5950.0,1.1184439659118652
CATGCGAGTGAGCTAA-1,visium,19088,16163,10.341387748718262,8088.0,2.6010067462921143
CATGCGCTACTGGAGG-1,visium,16613,14567,9.456340789794922,5537.0,0.9774789214134216
CATGCGGCCGGAATTC-1,visium,7151,3619,9.561279296875,5110.0,0.54917973279953
CATGCTCATCTGAACG-1,visium,6277,13280,10.037056922912598,6790.0,3.7143983840942383
CATGGCTACTGTACGT-1,visium,3762,4173,9.56612491607666,5085.0,1.7306615114212036
CATGGTGAGGCAGCAT-1,visium,9767,2800,9.399720191955566,5141.0,1.1668322086334229
CATGTCCACCTGCGTC-1,visium,9179,8168,8.735846519470215,2982.0,0.4661629796028137
CATGTTACCGAAGGCG-1,visium,11504,10570,9.365718841552734,4495.0,0.9589040875434875
CATGTTATTGATGCAG-1,visium,1185,12503,10.005412101745605,6872.0,5.071122169494629
CATTAACTAATCGCGT-1,visium,13255,21022,9.93484115600586,7421.0,0.7171932458877563
CATTAACTATTGTTCC-1,visium,9971,12188,9.125544548034668,3025.0,0.7729153037071228
CATTAAGTAGCTTACC-1,visium,17017,3566,9.769327163696289,6637.0,3.0249314308166504
CATTAGGATAGTGAAT-1,visium,9527,15677,9.836867332458496,5842.0,2.5387494564056396
CATTAGGCAATGGTTA-1,visium,14440,11896,8.993800163269043,4228.0,0.4967710077762604
CATTCTCCAGTCACCA-1,visium,2698,7130,9.9193115234375,5947.0,7.471207618713379
CATTCTGTGCATGCTC-1,visium,687,5799,10.27405071258545,7246.0,6.254745960235596
CATTGCGTGCCACCTT-1,visium,5049,14360,9.758403778076172,5530.0,1.5724360942840576
CATTGCTATGTTAGCT-1,visium,7943,7638,9.761808395385742,5665.0,2.6444661617279053
CATTGGCGGTTGAGTC-1,visium,15657,8670,9.331230163574219,5052.0,2.4282169342041016
CATTGTGGCCTCAGGC-1,visium,16233,1156,9.298168182373047,5301.0,0.9434826374053955
CCAACAGGAACACGGT-1,visium,4750,15971,8.696343421936035,2708.0,0.3177257478237152
CCAACTGGAGATTCAT-1,visium,9609,1996,9.67287826538086,5694.0,0.9823676943778992
CCAACTTGCCACCGTA-1,visium,14907,12698,9.886595726013184,6494.0,2.624084711074829
CCAACTTGCGTTAACC-1,visium,7700,19979,7.1316986083984375,1030.0,0.4000000059604645
CCAAGCTGGCCATTGC-1,visium,7784,6834,9.555984497070312,4801.0,1.4368629455566406
CCAATACCAACACGCC-1,visium,13846,16191,10.264861106872559,6788.0,0.9719560742378235
CCAATAGAAGACTTGG-1,visium,18120,8121,8.15478801727295,2324.0,0.22995112836360931
CCAATAGCGGTACGTG-1,visium,15942,4377,9.850456237792969,6662.0,1.8770432472229004
CCAATCTAACGTGACG-1,visium,6602,16497,9.352794647216797,5091.0,0.6591500043869019
CCAATCTTGCCTATGG-1,visium,12890,10294,9.548667907714844,5647.0,4.292335033416748
CCAATTATGACACTGG-1,visium,5007,6313,8.746397972106934,2735.0,0.9384443759918213
CCACAACCAGCAGGTG-1,visium,4053,953,9.622847557067871,5873.0,0.7679576277732849
CCACAGGAAGATGTGC-1,visium,11000,2794,8.107117652893066,2066.0,0.6331021785736084
CCACATGGCGACGTCT-1,visium,4260,10877,9.736074447631836,6098.0,4.2326788902282715
CCACGAACGCTGCCGC-1,visium,10404,6552,9.24696159362793,4337.0,1.253374457359314
CCACGATCCTAATCCG-1,visium,6911,16496,9.436040878295898,5393.0,0.5985156893730164
CCACGGCTGGCAACCT-1,visium,13103,21291,9.346007347106934,5507.0,0.3318197727203369
CCACGGTACACCAACC-1,visium,3179,10614,9.934550285339355,6293.0,6.892874240875244
CCACGTCGGTCGCTTC-1,visium,10559,6820,8.86911678314209,3023.0,0.43612831830978394
CCACGTGCCACCTCAA-1,visium,6427,12475,10.031265258789062,6741.0,4.057205677032471
CCACGTGGACTGCGGT-1,visium,10463,17818,9.335826873779297,5166.0,0.8115737438201904
CCACTCCAGCACCTAC-1,visium,13547,17802,9.010546684265137,4222.0,0.6839277148246765
CCACTCTGTAGTCGGA-1,visium,15945,4913,9.032051086425781,4155.0,0.6215634942054749
CCAGAACCGTGCATCC-1,visium,2840,4715,9.969696998596191,6601.0,4.7220139503479
CCAGACAATATCGTTA-1,visium,12274,10298,10.077272415161133,6911.0,3.030048370361328
CCAGACAGAACCTAAG-1,visium,13377,14852,10.06895923614502,7607.0,2.415458917617798
CCAGACATCCGGTTCT-1,visium,15832,12693,9.020268440246582,4330.0,0.507982611656189
CCAGACATCGGCACGC-1,visium,4421,12217,8.698847770690918,2865.0,0.6171810030937195
CCAGATAGACGAGGTG-1,visium,10132,13528,9.739261627197266,4121.0,0.6305244565010071
CCAGATAGCGTAGTGA-1,visium,15397,17792,8.948716163635254,4230.0,0.7535403370857239
CCAGATGATATGTAGG-1,visium,7015,7107,9.224440574645996,3552.0,0.7494329810142517
CCAGATTGTAGCCTAC-1,visium,4251,9267,9.8237943649292,6026.0,6.032382011413574
CCAGCACTCGACTGAC-1,visium,12282,11907,8.360539436340332,2595.0,0.28076741099357605
CCAGCAGGTCTTGTTC-1,visium,13564,21021,9.695171356201172,6656.0,0.5296218395233154
CCAGCGGATTCCGCTG-1,visium,1946,10621,9.861467361450195,5944.0,7.238214492797852
CCAGGATACCGTTAGT-1,visium,17261,20465,10.545446395874023,8495.0,2.6497907638549805
CCAGGTCCACATCCAT-1,visium,1462,6600,10.175154685974121,7234.0,7.453700065612793
CCAGGTTACGAGACTG-1,visium,5606,3090,9.031332969665527,4451.0,0.6220095753669739
CCAGTGTCACAGCGCC-1,visium,2294,18130,9.094704627990723,4031.0,0.26945099234580994
CCAGTGTCTAGCTACG-1,visium,16262,6521,8.807172775268555,3762.0,0.3741954565048218
CCATACGGAGCCAAGG-1,visium,6370,1745,9.704121589660645,6057.0,2.50244140625
CCATAGCCGTACGCAC-1,visium,16409,5179,9.447071075439453,5408.0,0.8129439353942871
CCATAGTAGGTGCTTG-1,visium,17719,19657,10.596710205078125,8782.0,4.122293949127197
CCATAGTATTGTCTGC-1,visium,6130,14622,9.940205574035645,6504.0,3.552320957183838
CCATCGGACAACCGTG-1,visium,18581,7850,8.953123092651367,4006.0,0.633811891078949
CCATCTGTGGCATCGT-1,visium,8277,12465,9.06160831451416,3727.0,0.8239526152610779
CCATGAACAATGCTCC-1,visium,17365,11075,7.044905185699463,944.0,0.69808030128479
CCATGAACATCGTTGG-1,visium,17229,14563,9.320001602172852,5436.0,1.2815916538238525
CCATGACAGGAGAACA-1,visium,18247,3023,10.014447212219238,7431.0,3.163877010345459
CCATGGTTCCAATGTC-1,visium,9923,3068,9.125218391418457,4388.0,0.8711749911308289
CCATTCCGGTTCTTCC-1,visium,18270,7315,9.523544311523438,5809.0,2.0252981185913086
CCATTCGTCTGCTCTA-1,visium,15682,13499,9.7829008102417,6701.0,2.7020928859710693
CCATTCTTACGCGTTA-1,visium,18186,20460,9.538636207580566,5819.0,0.770615816116333
CCATTGGCAATTCTCA-1,visium,721,12237,10.27505111694336,7440.0,4.934652805328369
CCGAAGCCAGGTTCAG-1,visium,9764,2264,9.71848201751709,5779.0,1.016785979270935
CCGACAACGTCATCGG-1,visium,11824,12714,9.030376434326172,3499.0,0.4190613031387329
CCGACAAGACTGTACT-1,visium,13829,12972,9.869982719421387,6631.0,4.565667152404785
CCGACAAGGCACGGTT-1,visium,17481,3832,9.941120147705078,7081.0,3.61167311668396
CCGACAAGTATTCATC-1,visium,15858,17521,9.469160079956055,5387.0,0.5867366790771484
CCGACAGACTGTGCCT-1,visium,9988,15407,9.753827095031738,5827.0,2.834078788757324
CCGAGGATGACTCGTC-1,visium,9352,11654,9.138199806213379,4616.0,1.7521229982376099
CCGATAATGGAGCCTT-1,visium,15198,9477,10.062370300292969,7039.0,3.361344814300537
CCGATGGAACATCAGC-1,visium,13662,10559,9.978594779968262,6671.0,3.478825569152832
CCGATGGATCCGGCAG-1,visium,2981,2300,9.392495155334473,5373.0,1.7254313230514526
CCGATTCCATAAGAGT-1,visium,14769,15649,9.804826736450195,6161.0,1.5562914609909058
CCGATTCCTCACTACA-1,visium,13685,14850,9.836065292358398,6917.0,1.8026210069656372
CCGCAAGGAAGGAGGC-1,visium,1816,15182,9.003192901611328,3620.0,0.6397637724876404
CCGCAAGGTACCGTTG-1,visium,14112,8142,9.829571723937988,6552.0,2.2235381603240967
CCGCAGTGATCACTGT-1,visium,14316,17530,8.968778610229492,3941.0,0.5857633948326111
CCGCATAGTACAGGTT-1,visium,10316,19160,10.50149917602539,8358.0,2.9475650787353516
CCGCATGTAGTTAGAC-1,visium,2280,15447,9.473627090454102,5052.0,1.829221487045288
CCGCCACTGCGTTGGC-1,visium,1044,14917,9.344259262084961,4753.0,0.6648005247116089
CCGCCATACTTCACCA-1,visium,4577,12485,9.068201065063477,3427.0,0.4496195316314697
CCGCGAGGTGCGATGG-1,visium,5151,4434,9.320449829101562,3797.0,0.5285317301750183
CCGCGGCCACAATCGG-1,visium,840,5530,10.247041702270508,7155.0,5.560678482055664
CCGCGTAAGATTCCTT-1,visium,2365,2303,8.492490768432617,3041.0,0.3690793514251709
CCGCGTATCGTTGCAG-1,visium,8084,5223,8.767796516418457,2949.0,0.7473143339157104
CCGCGTCGTTGGTCTG-1,visium,8596,14609,9.058587074279785,3124.0,1.1756489276885986
CCGCGTGCTGATTAGT-1,visium,17158,1151,9.329633712768555,5378.0,1.056275486946106
CCGCGTTACCTTGGCG-1,visium,6744,14083,9.932026863098145,6377.0,4.674895286560059
CCGCGTTGACGGAACG-1,visium,18578,7314,9.126741409301758,4466.0,1.141676664352417
CCGCGTTGCTACAACT-1,visium,16636,18859,10.32819938659668,7873.0,1.307958960533142
CCGCTCATACAAGTCA-1,visium,4393,6852,9.165029525756836,4334.0,2.7835915088653564
CCGCTCGCTAGTCTAA-1,visium,4560,9266,9.794565200805664,5904.0,6.852523326873779
CCGCTCTGCTGAATTC-1,visium,15360,10818,9.470779418945312,4379.0,0.4085093140602112
CCGCTCTGGATATCGG-1,visium,5451,2823,9.091218948364258,4679.0,1.1041009426116943
CCGCTGGCACCAAGAC-1,visium,17088,16978,8.878636360168457,3748.0,0.27870678901672363
CCGCTGTCACCTGCAA-1,visium,9493,9239,9.867652893066406,6231.0,1.6066339015960693
CCGCTGTTGCCATACG-1,visium,13204,11366,9.392495155334473,5366.0,2.075518846511841
CCGGAGAAGCTAACCA-1,visium,10107,8700,9.140132904052734,4268.0,1.1586740016937256
CCGGAGACAAGAATAA-1,visium,15806,7865,8.954286575317383,4207.0,0.9302325248718262
CCGGATCAGCCGACTA-1,visium,16169,18056,9.752082824707031,6299.0,0.6224911212921143
CCGGATCTCCGAAGCG-1,visium,9317,5217,9.116579055786133,3810.0,0.43936729431152344
CCGGCAATGAAGTGAA-1,visium,3191,12760,9.829733848571777,6143.0,3.574312448501587
CCGGCATAGGCAAGTG-1,visium,11697,17812,9.322686195373535,4727.0,0.5541651844978333
CCGGCATGAGCCGTCT-1,visium,17933,1952,9.221675872802734,5182.0,0.9888262748718262
CCGGCGAACATCACGT-1,visium,17082,15905,10.030957221984863,6260.0,0.7262963056564331
CCGGCGAACCGTGCAC-1,visium,9207,13533,9.420196533203125,3281.0,0.32430678606033325
CCGGCGAATGTACAGG-1,visium,17181,5443,9.190852165222168,4838.0,1.5194778442382812
CCGGCGAGAATATTGA-1,visium,18918,13213,10.287252426147461,7864.0,2.817237138748169
CCGGCGCAGCATGCGA-1,visium,9948,7896,9.697385787963867,5868.0,2.4148948192596436
CCGGCGCTAAGGATGA-1,visium,3027,10883,9.82860279083252,6208.0,4.710066795349121
CCGGCGTCCTCATTGT-1,visium,6608,17570,9.367856979370117,5283.0,0.7347287535667419
CCGGCGTCTTAATAAG-1,visium,13043,10025,10.021492958068848,6836.0,3.2038748264312744
CCGGTGGAGCTGGCTC-1,visium,15011,3309,9.09245777130127,4855.0,1.181501030921936
CCGGTGGCTTCTGAGC-1,visium,19037,6506,9.984145164489746,7259.0,2.5693066120147705
CCGTATAATCTGGCCG-1,visium,11326,6011,9.468928337097168,5522.0,1.8378379344940186
CCGTCTTATGGACGAG-1,visium,12409,6810,9.718001365661621,5919.0,2.166977643966675
CCGTGAAGGATAACAG-1,visium,10755,14598,9.821951866149902,4347.0,0.4502793848514557
CCGTGCACATCTGGCA-1,visium,2226,5254,9.822494506835938,6306.0,3.632814407348633
CCGTGCACTACCAGAA-1,visium,16019,18862,10.224084854125977,7576.0,1.0051528215408325
CCGTGCTGGCAATATG-1,visium,3459,5248,9.898977279663086,6312.0,5.193631172180176
CCGTGGCGTCGGTGCT-1,visium,7541,19175,8.298041343688965,2463.0,0.07471980154514313
CCTAACGCGATTGCAT-1,visium,2379,4985,9.845063209533691,6242.0,3.8751060962677
CCTAACGCTGATGTCT-1,visium,16856,2226,9.292197227478027,5334.0,1.0136380195617676
CCTAACTACGAATATG-1,visium,15170,4113,9.221972465515137,5165.0,0.662317156791687
CCTAACTTATGTTGGA-1,visium,8452,16488,7.799343585968018,1555.0,0.3281378149986267
CCTAAGCATGCCTTGT-1,visium,12296,14590,9.808022499084473,5959.0,1.7108592987060547
CCTAAGGTTACAGTAA-1,visium,15634,4378,9.913833618164062,6904.0,2.3655169010162354
CCTAATAGCGGACAGA-1,visium,11083,18351,9.723822593688965,6373.0,0.8916816711425781
CCTAATCCACAAGGAT-1,visium,9372,15410,9.98975658416748,6635.0,4.637402057647705
CCTAATCGCTCACCAT-1,visium,17469,1686,9.295783996582031,5228.0,0.9181893467903137
CCTAATCGGCAGTCAC-1,visium,9459,2802,9.265301704406738,4889.0,1.126467227935791
CCTAATGGCACTGTTC-1,visium,15674,11889,8.258163452148438,2598.0,0.699844479560852
CCTACACCGACATTAC-1,visium,6260,10061,9.6910982131958,5416.0,3.611179828643799
CCTACCACTCCAGTTA-1,visium,11827,13251,9.212238311767578,4663.0,2.086244821548462
CCTACCATCGCAGTAT-1,visium,880,13041,9.885730743408203,6758.0,4.33144998550415
CCTACCATGTGATCAC-1,visium,3332,10345,9.7169771194458,5541.0,8.176669120788574
CCTACGAGCTGGCCGG-1,visium,11216,14327,9.396571159362793,4771.0,1.0044827461242676
CCTAGCCTAGTACCGG-1,visium,9793,7628,9.419303894042969,4931.0,1.4687981605529785
CCTAGCCTTCATCGGC-1,visium,8721,8975,9.259321212768555,4212.0,1.0760879516601562
CCTAGTCAGCGAACCA-1,visium,15645,6524,8.64223861694336,3148.0,0.4413062632083893
CCTAGTCAGTCCTTAT-1,visium,3816,14366,8.67180061340332,2938.0,0.7197943329811096
CCTAGTGAATGTCTGC-1,visium,4370,2560,9.481817245483398,5596.0,2.210702896118164
CCTATGATGGTCAATG-1,visium,7459,3617,9.259035110473633,4419.0,0.714421808719635
CCTATGCCAGCAATCC-1,visium,9790,7092,9.560293197631836,5575.0,2.0015504360198975
CCTATGCCGTCGGCAC-1,visium,5157,5507,9.596826553344727,5485.0,6.631786346435547
CCTATGCCTTCTTGTT-1,visium,14143,14043,9.633907318115234,5954.0,1.8463956117630005
CCTATGTCGAATAGAA-1,visium,5139,2288,9.649755477905273,5826.0,2.552039623260498
CCTATGTCTTACCGGC-1,visium,12412,7346,9.63436508178711,5563.0,1.969895362854004
CCTCACATGTACCTGG-1,visium,6384,4428,8.681859970092773,2919.0,0.6277570724487305
CCTCACATGTCTTACT-1,visium,5522,16235,8.932872772216797,3361.0,0.2903907001018524
CCTCACCTAGTGGCAA-1,visium,13063,13781,9.900583267211914,5892.0,1.0932250022888184
CCTCACGTTACTCGCA-1,visium,13388,16998,9.636783599853516,5384.0,0.3786642253398895
CCTCACTTCCTTCCGA-1,visium,716,11164,10.207547187805176,7119.0,5.227624893188477
CCTCATGATTATCTGA-1,visium,4124,14365,8.671114921569824,3218.0,0.48019206523895264
CCTCCGAAGCTGTACC-1,visium,6839,3084,8.632662773132324,3245.0,0.5168419480323792
CCTCGATAGAATAGGA-1,visium,10907,14329,9.8966646194458,4491.0,0.3524140417575836
CCTCGCCAACTACAAG-1,visium,15399,18329,9.943140983581543,6873.0,0.6584006547927856
CCTCGGATCTTGCGGT-1,visium,11646,8155,9.271059036254883,4306.0,0.7341176271438599
CCTCGGTATGACAGTA-1,visium,15351,9208,10.1516752243042,7458.0,3.175593852996826
CCTCTACCGTGATTGG-1,visium,9974,12724,9.378731727600098,4883.0,2.6282429695129395
CCTCTAGCTCTGGCAG-1,visium,16777,16444,10.019669532775879,6940.0,1.9276142120361328
CCTCTATGTTGCTTAT-1,visium,3759,3637,8.928905487060547,3143.0,0.5433341860771179
CCTCTTCGAGCGGTTG-1,visium,17068,13223,9.850930213928223,6079.0,1.6231883764266968
CCTGAAGCAATGCACG-1,visium,1833,18401,9.70838451385498,6141.0,1.9934362173080444
CCTGAAGCGTATAGCA-1,visium,5179,9799,9.811098098754883,5960.0,7.743774890899658
CCTGAAGTGCATGCAT-1,visium,6076,4429,8.282735824584961,2296.0,0.37936267256736755
CCTGCTCGCCGTCCAG-1,visium,4099,9536,9.781659126281738,6174.0,5.721547603607178
CCTGGATCTAGAGCCA-1,visium,15085,17257,9.536112785339355,5654.0,0.6281588077545166
CCTGGCAACGAACGTC-1,visium,17334,5174,9.461721420288086,5686.0,2.310025691986084
CCTGGCATACCTGTCA-1,visium,2608,19201,9.40360164642334,5378.0,0.37919381260871887
CCTGGCTTATGGTCTG-1,visium,13051,11635,9.110520362854004,4753.0,0.7846171259880066
CCTGTCATTGAATTAT-1,visium,18624,15897,9.737963676452637,6667.0,1.014868974685669
CCTGTCCTCAGTTGTA-1,visium,5185,10872,9.764283180236816,6029.0,5.597701072692871
CCTGTCGAGTGACAGA-1,visium,12330,21027,9.480672836303711,5497.0,0.4655422568321228
CCTGTCTAAGTAGGCT-1,visium,17224,13490,9.86951732635498,6711.0,3.646991729736328
CCTGTCTACCGTGGCA-1,visium,16694,886,9.671807289123535,6495.0,1.241883635520935
CCTGTCTGATAGGTGA-1,visium,8280,13001,9.68040657043457,5770.0,3.9625000953674316
CCTGTCTGCATAGGTC-1,visium,11498,9497,9.795289993286133,5945.0,3.025406837463379
CCTTAATTGGAATATT-1,visium,16010,17252,9.550235748291016,5647.0,0.711895763874054
CCTTAGATGTGCTACG-1,visium,16697,1422,9.149847030639648,4790.0,0.9137271642684937
CCTTAGCGTTCGCAGG-1,visium,10475,19964,9.828009605407715,6620.0,0.6255055069923401
CCTTAGTCTGTCACTG-1,visium,1793,10890,10.039241790771484,6630.0,6.2469987869262695
CCTTAGTGGATCCACG-1,visium,2209,2035,8.427268981933594,3004.0,0.4158459007740021
CCTTAGTTATACCAGA-1,visium,1038,13845,9.754465103149414,6109.0,4.695298671722412
CCTTATAGGTCTCAAC-1,visium,16706,3032,9.66592788696289,6339.0,1.9720988273620605
CCTTCATAGTACTTCA-1,visium,12939,19415,9.755741119384766,5998.0,0.9274287223815918
CCTTCCAACCTTCAGA-1,visium,4724,11143,9.513625144958496,5668.0,2.6731648445129395
CCTTCCGCTCCGGCAT-1,visium,8407,7904,9.792946815490723,5907.0,3.066011428833008
CCTTGTCTACTTAGAC-1,visium,16140,12691,8.974365234375,4273.0,0.9623907804489136
CCTTGTCTAGTTCTTG-1,visium,16406,4643,9.781319618225098,6455.0,2.4125657081604004
CCTTGTCTTACGGTTC-1,visium,4396,7389,9.763017654418945,5896.0,4.793416976928711
CCTTGTGATGGTCTAG-1,visium,11962,9763,9.728598594665527,5889.0,2.709946393966675
CGAACCAGAAGTCTGG-1,visium,10441,13526,9.734062194824219,5880.0,3.577775239944458
CGAACGTGAAGTCCAA-1,visium,4223,3903,8.8651704788208,3396.0,0.6355931758880615
CGAACTACAGATGTAA-1,visium,4721,10606,10.060748100280762,6612.0,5.896175861358643
CGAAGAACGACTCGAT-1,visium,19243,16430,10.825521469116211,9349.0,2.5453896522521973
CGAAGACCGCCAGGCG-1,visium,4433,14363,8.811056137084961,2860.0,0.4920232594013214
CGAAGAGCAGATGATT-1,visium,1298,4723,9.638675689697266,5934.0,1.9418740272521973
CGAAGATCCGAAGGCA-1,visium,4070,4172,9.19299030303955,4272.0,1.333061933517456
CGAAGTCGTTGGCTCG-1,visium,736,14919,9.243678092956543,4685.0,0.9479589462280273
CGAATCCTGATAGGTG-1,visium,2147,19472,9.7661771774292,6597.0,0.8833820819854736
CGAATGGACCGTCTTG-1,visium,13821,11363,9.509110450744629,5395.0,1.3574661016464233
CGAATTAAGTGGACTA-1,visium,1440,2308,9.446202278137207,4519.0,0.6793585419654846
CGAATTACTGCTCCGG-1,visium,12867,6003,9.713537216186523,6401.0,2.5515449047088623
CGACAAGCACTCAGCC-1,visium,10166,19966,9.411319732666016,5537.0,0.41717788577079773
CGACAAGTACTCCTTA-1,visium,7357,13543,9.85786247253418,5999.0,2.9622652530670166
CGACAAGTGATGCGCA-1,visium,14542,1970,8.263848304748535,2334.0,0.6701030731201172
CGACAATTATTCTGTC-1,visium,10118,10846,8.416709899902344,2425.0,0.4202609956264496
CGACAATTCGTCATGT-1,visium,10075,2798,9.183688163757324,4706.0,0.9038619995117188
CGACATTGTATGGAGG-1,visium,3660,14099,9.481512069702148,4376.0,1.3497025966644287
CGACCAAGGTGAGCCG-1,visium,18924,14286,10.016146659851074,7245.0,2.8949248790740967
CGACCAGAACTGTCAT-1,visium,6614,18643,9.137447357177734,4354.0,0.3227194547653198
CGACCAGAAGGATCCG-1,visium,10130,12992,9.487290382385254,4908.0,2.570128917694092
CGACCAGATTCAGTGA-1,visium,5329,8993,9.90971851348877,6248.0,6.107135772705078
CGACCAGCCTTGATTA-1,visium,13991,14312,9.94774341583252,7217.0,2.482778310775757
CGACCTATACTGACGT-1,visium,2744,15713,9.238149642944336,4136.0,0.5446941256523132
CGACCTATCTCGCAAG-1,visium,4676,2022,9.546884536743164,5455.0,3.0999999046325684
CGACCTGCATCTGCAT-1,visium,3499,12758,9.82951831817627,6247.0,3.9735100269317627
CGACCTTGGCGTTCTA-1,visium,1001,6870,10.066329002380371,6787.0,6.555913925170898
CGACGCAGCCTTAGTC-1,visium,13809,9217,10.056208610534668,6862.0,3.5666768550872803
CGACGCCAAGGTGCAA-1,visium,3032,11956,10.17343807220459,7152.0,5.542619705200195
CGACGCCGCAAGTAGC-1,visium,16898,10273,7.357556343078613,1099.0,0.5743458867073059
CGACGCCGGAGTTGAG-1,visium,6989,2278,8.695172309875488,3446.0,0.6027122139930725
CGACGCTCCGCACGTG-1,visium,6712,8181,9.937260627746582,5963.0,2.3204100131988525
CGACTAAGCGGCAGAC-1,visium,4059,2026,9.573732376098633,5936.0,2.0443639755249023
CGACTAATCGGCTCCT-1,visium,1372,18671,10.095842361450195,7260.0,2.6607813835144043
CGACTAGGAGATAAGC-1,visium,5638,8992,9.870706558227539,6176.0,5.71458101272583
CGACTAGGTCCTTAAC-1,visium,7482,7909,9.807527542114258,5872.0,2.074962854385376
CGACTGAACGAATGCT-1,visium,15074,15111,8.6459379196167,2994.0,0.5803728699684143
CGACTTAGCGCTATCT-1,visium,6214,1478,9.463353157043457,5456.0,3.1837244033813477
CGACTTCACTCGGCAT-1,visium,5182,10335,10.003287315368652,6569.0,6.72459077835083
CGACTTCGCAAGCGGT-1,visium,13855,17800,9.106977462768555,4627.0,0.6321393251419067
CGACTTGCACGCCTGC-1,visium,16172,18593,10.117671012878418,7298.0,0.730545699596405
CGAGAACGACAAGACC-1,visium,18483,18312,10.306416511535645,7736.0,1.6174849271774292
CGAGATGCCGCATCTT-1,visium,16771,15371,9.289613723754883,4377.0,0.6929046511650085
CGAGATGCGGTATGCG-1,visium,3321,8199,9.721245765686035,5918.0,4.235915660858154
CGAGCCTGCAAGGTTA-1,visium,2424,13569,9.781997680664062,6259.0,3.133645534515381
CGAGCGAGCCACGCTA-1,visium,4271,13023,8.903407096862793,3318.0,1.1963024139404297
CGAGCGGCACAGTAGG-1,visium,15688,14572,9.170975685119629,4579.0,0.9778425097465515
CGAGCGTAATGGAGTG-1,visium,16746,10542,7.558516979217529,1251.0,0.46972861886024475
CGAGCGTATGCCAGCG-1,visium,8534,2807,9.565634727478027,5826.0,3.056431770324707
CGAGCGTGAAGTTAGC-1,visium,17484,4369,9.454305648803711,5631.0,0.9559630155563354
CGAGCGTGCATTGTGG-1,visium,5453,3359,8.966484069824219,4129.0,0.9317166209220886
CGAGCGTGGACTGGAA-1,visium,12774,17538,8.972844123840332,3570.0,0.5453392267227173
CGAGCTAAGGCCTGTA-1,visium,17806,7049,8.722906112670898,3564.0,0.5048037767410278
CGAGCTATGTCCTCGC-1,visium,7991,16758,8.97271728515625,4256.0,0.4693048894405365
CGAGCTTAGAATACCT-1,visium,14901,11625,9.095266342163086,4381.0,0.5385996103286743
CGAGGAACGCTGTCCA-1,visium,10786,20499,9.78143310546875,6365.0,0.37850967049598694
CGAGGAAGACTTAGAT-1,visium,10888,10573,8.632484436035156,2630.0,0.32085561752319336
CGAGGAAGGCAGAAGG-1,visium,14791,19941,10.15062141418457,8018.0,1.3863937854766846
CGAGGACGTAATAGGC-1,visium,8687,2538,9.501441955566406,5782.0,2.7283599376678467
CGAGGAGCATGCTATG-1,visium,3292,2834,9.595534324645996,6071.0,2.007075786590576
CGAGGAGCGTTCGTTA-1,visium,12288,12980,9.406728744506836,5122.0,1.7914373874664307
CGAGGAGTCTAAGGAT-1,visium,9671,13799,9.300455093383789,3152.0,0.36556386947631836
CGAGGATTCGATCATA-1,visium,12582,10296,9.702227592468262,5974.0,3.2287652492523193
CGAGGCATCCAAGTCC-1,visium,6922,18642,9.162829399108887,4375.0,0.2202412188053131
CGAGTCACTCATAGAT-1,visium,8251,7637,9.702288627624512,4990.0,1.8772165775299072
CGAGTCATCCGCACCA-1,visium,6568,10060,9.036820411682129,3194.0,0.7494646310806274
CGAGTCCATGTCAACA-1,visium,5301,3629,8.331827163696289,2673.0,1.2280279397964478
CGAGTCCGTTGGAACT-1,visium,2257,11156,10.06696605682373,6742.0,5.825654983520508
CGAGTCGCGTAGACAT-1,visium,14844,895,7.696667194366455,1680.0,0.6363636255264282
CGAGTCTTGTACTGCC-1,visium,8839,2269,9.48356819152832,5667.0,2.6938588619232178
CGAGTGCGGCTCGTGG-1,visium,9496,9776,9.320539474487305,4581.0,1.0300967693328857
CGATAACTCCTTATGC-1,visium,2676,2838,8.700347900390625,3238.0,0.48301130533218384
CGATAAGAATTCCAGT-1,visium,7346,11397,8.872767448425293,3491.0,0.8830950856208801
CGATAAGGATAGGCAA-1,visium,3799,11147,9.077836990356445,3754.0,1.838319182395935
CGATAAGGTGCCTGAC-1,visium,12285,12444,8.69483757019043,2997.0,0.6866521835327148
CGATGACCAGATCTGT-1,visium,13405,20217,9.77605152130127,6418.0,0.5168692469596863
CGATGACCTCATCCTC-1,visium,5609,3627,8.707648277282715,3490.0,0.347222238779068
CGATGAGGCCAACGTA-1,visium,13354,10560,9.974271774291992,6583.0,2.4876549243927
CGATGATATTAGGCCG-1,visium,18330,18581,10.350382804870605,8121.0,2.6416783332824707
CGATGATCAGCTATAA-1,visium,5669,14893,9.802063941955566,6262.0,3.2042059898376465
CGATGATCCTGCAGCC-1,visium,1912,4183,9.990399360656738,6703.0,2.7595691680908203
CGATGCACCAGGCCTC-1,visium,9205,12996,9.084550857543945,3105.0,0.27220141887664795
CGATGCCGACCGTGAC-1,visium,8061,931,9.825850486755371,6788.0,2.3939476013183594
CGATGCCTGCTCACCG-1,visium,15173,4649,9.43492317199707,5771.0,0.7509786486625671
CGATGTCCGACTACAG-1,visium,8115,11125,9.728419303894043,6124.0,2.924882411956787
CGATTAACTAATCTTA-1,visium,7303,3350,8.938531875610352,3850.0,0.6956292986869812
CGATTGGAACAGGCCA-1,visium,563,11433,10.039241790771484,6875.0,5.098878383636475
CGCAACCATGCACCGA-1,visium,8441,14342,9.950896263122559,6217.0,2.1793036460876465
CGCAATGTATCCAATG-1,visium,1355,15452,9.60109806060791,4617.0,0.6292286515235901
CGCACGCAGCCGTTAT-1,visium,14953,21282,8.658692359924316,3376.0,0.22573363780975342
CGCACGCAGGTAAGTC-1,visium,4588,14630,9.235910415649414,3602.0,0.29245465993881226
CGCACGCATAATGGTG-1,visium,914,19478,10.429250717163086,8452.0,2.4738428592681885
CGCACGGCTGTCAGGT-1,visium,9688,17018,8.251142501831055,2538.0,0.5742625594139099
CGCACGTAGCATTGTT-1,visium,16120,8936,8.185628890991211,2304.0,0.6967669725418091
CGCACGTGACTGTTGG-1,visium,1482,10355,9.9540376663208,6097.0,8.475945472717285
CGCACTAACTACCGGT-1,visium,7838,17027,9.258177757263184,5004.0,0.6482982039451599
CGCACTGTGAGCCTGT-1,visium,7671,14614,9.761578559875488,5179.0,2.0111794471740723
CGCACTTAAGGCATGC-1,visium,14565,6262,9.211639404296875,4805.0,1.5181782245635986
CGCAGACACTGGCGTA-1,visium,4387,5779,9.594717979431152,5532.0,4.875391483306885
CGCAGAGCAGTCCGAG-1,visium,3208,15979,8.761706352233887,3143.0,0.6109022498130798
CGCAGATAGATGTTCT-1,visium,6876,10058,9.038721084594727,3207.0,0.6293042302131653
CGCAGATATGGACAGT-1,visium,11241,19155,10.468517303466797,8194.0,3.0577738285064697
CGCAGATTCGACCGAA-1,visium,4715,9533,9.878682136535645,6167.0,7.452970504760742
CGCATCTTGACTTAGT-1,visium,6747,14619,10.009782791137695,6514.0,3.3944790363311768
CGCATGAGGAGCGTCT-1,visium,12757,14319,9.930713653564453,6787.0,2.802783250808716
CGCATGGAATTCACGA-1,visium,15973,10278,9.515911102294922,5075.0,0.3610108196735382
CGCCAACCTGGCGAAT-1,visium,1531,19475,10.189268112182617,7648.0,2.201766014099121
CGCCACAATAGCTCAA-1,visium,4294,17314,9.164924621582031,3842.0,0.5232862234115601
CGCCACCTGGAAGACA-1,visium,17852,15633,9.769098281860352,6524.0,1.2239761352539062
CGCCATGAGGCGATGA-1,visium,5963,12209,10.127270698547363,7125.0,3.2500498294830322
CGCCGATTGTCCTTCG-1,visium,14786,18868,9.949512481689453,6998.0,0.78315269947052
CGCCGGACTAGGTACA-1,visium,14788,19405,10.48125171661377,8668.0,2.9096522331237793
CGCCGGATCATTAGAC-1,visium,15708,18327,9.77440357208252,6337.0,0.7566706538200378
CGCCGGTATCTAGCAC-1,visium,3471,7394,9.5862398147583,5631.0,5.019914627075195
CGCCTAACTTGATGGT-1,visium,18855,1411,9.219399452209473,5069.0,0.9613478779792786
CGCCTAGAGCGTGGAG-1,visium,15705,17790,9.151969909667969,4511.0,0.7103477716445923
CGCCTATTGCCTCGCC-1,visium,10939,20230,9.910612106323242,6832.0,0.6503822803497314
CGCCTCGAGCCACTCG-1,visium,13982,12703,9.691222190856934,6261.0,2.8007912635803223
CGCCTCGATAATGCGG-1,visium,15051,10819,9.369648933410645,4377.0,0.49462732672691345
CGCCTCGGAACTGTGC-1,visium,14158,16726,10.044986724853516,7643.0,2.5565345287323
CGCCTCGTACGAAGGC-1,visium,3771,5783,9.353574752807617,5160.0,3.1285207271575928
CGCCTCGTAGTCGTGA-1,visium,17959,6780,9.175230979919434,4829.0,1.0047649145126343
CGCCTCTAATTCGCGG-1,visium,4882,11946,9.583488464355469,4423.0,0.7368131279945374
CGCCTCTACTCGGAAC-1,visium,4998,4703,9.32874584197998,4452.0,2.2743425369262695
CGCCTCTGACTATTGT-1,visium,4067,3635,9.032648086547852,3444.0,0.6092461943626404
CGCCTTAAGGTACGCT-1,visium,1143,4455,9.474702835083008,5335.0,1.051823377609253
CGCCTTACGAGTAGCG-1,visium,5369,16504,8.502891540527344,2668.0,0.3246753215789795
CGCCTTAGCGGCCTCC-1,visium,14780,17795,9.123038291931152,4493.0,0.5565862655639648
CGCCTTAGGATCGGCA-1,visium,5318,6847,9.135401725769043,3410.0,0.4850706160068512
CGCCTTATCTTGGCGA-1,visium,13674,12705,9.497246742248535,5653.0,2.889956474304199
CGCCTTGACGTGAATC-1,visium,2286,16520,9.747126579284668,6110.0,3.0577642917633057
CGCCTTGTGAAGTCTA-1,visium,11354,11376,9.018089294433594,3227.0,0.46060606837272644
CGCTAATTACATTAGG-1,visium,17467,1150,9.285819053649902,5003.0,1.3354355096817017
CGCTACTCAGCCATAG-1,visium,8998,3072,9.327234268188477,5142.0,1.0143251419067383
CGCTAGACTTCATCAC-1,visium,6144,17305,9.1668062210083,4746.0,0.6058706641197205
CGCTAGATGTATTCTA-1,visium,18777,15628,9.757999420166016,6592.0,1.0005204677581787
CGCTAGCCGCATGCAT-1,visium,11948,7080,9.439068794250488,5222.0,2.0049328804016113
CGCTATAGCGATCGCC-1,visium,10686,1722,8.739055633544922,3330.0,0.5608075857162476
CGCTATAGTCTTCATC-1,visium,16457,14299,10.06785774230957,7261.0,3.4320380687713623
CGCTATGGTTGGTTAA-1,visium,13235,17267,9.596146583557129,5479.0,0.6119534969329834
CGCTATTAATCTATAA-1,visium,16740,9469,7.552237510681152,1249.0,0.42016810178756714
CGCTATTATGATACGT-1,visium,7674,15151,9.383453369140625,3869.0,0.4794347584247589
CGCTCGCAATTGGCGA-1,visium,5643,10065,9.76680850982666,6020.0,6.2714972496032715
CGCTCGGCCGGTTGTC-1,visium,9335,8436,8.828786849975586,3240.0,0.21971583366394043
CGCTCGGTACTGCGAA-1,visium,10893,11646,9.723163604736328,5937.0,2.916342258453369
CGCTGACATTGCGGTC-1,visium,18757,11873,7.659643173217773,1397.0,0.6603773832321167
CGCTGACGGCACATGA-1,visium,7292,1204,9.16628360748291,4871.0,1.2646321058273315
CGCTGCAATCGCTGTT-1,visium,2990,3909,9.668587684631348,5561.0,2.96610164642334
CGCTGCAATTAGGCGT-1,visium,17931,1416,9.185535430908203,4928.0,1.0969858169555664
CGCTGCGAGTCCACAT-1,visium,10545,4137,7.3440728187561035,1059.0,0.5174643993377686
CGCTGCGGTTGAGTAG-1,visium,13716,20752,9.840174674987793,6910.0,0.30364373326301575
CGCTGCTATGACAGAC-1,visium,16913,12956,9.18625259399414,4685.0,0.9732609391212463
CGCTGCTTCGCATACT-1,visium,12132,12713,9.290260314941406,4032.0,0.4247068464756012
CGCTGTGACATAGGCA-1,visium,11331,7084,8.695841789245605,3259.0,0.5353856086730957
CGCTTAGAATTCTTAC-1,visium,4698,6314,9.001469612121582,3727.0,1.7377372980117798
CGCTTAGGCTGAGTCC-1,visium,5595,945,9.931735038757324,6452.0,3.6505930423736572
CGCTTATGGTTAGGAT-1,visium,10424,10308,8.265393257141113,2199.0,0.5146680474281311
CGCTTGCGTACGGCAC-1,visium,1197,14648,9.43260383605957,4644.0,0.696668803691864
CGCTTGCTTGGTCTGG-1,visium,11091,19961,9.850825309753418,6826.0,0.8907394409179688
CGCTTGGCTTGGATCT-1,visium,13849,16727,9.955842971801758,6913.0,1.5659106969833374
CGGAACCGATTGAGTC-1,visium,15088,17794,9.157045364379883,4896.0,0.8016877770423889
CGGACACTATGTATCA-1,visium,15939,3840,9.924906730651855,6956.0,3.709866762161255
CGGACTGTGAGTATAG-1,visium,8260,9246,9.713658332824707,5512.0,1.9285413026809692
CGGAGCCATCTGGATA-1,visium,8684,2001,9.464672088623047,5562.0,1.6595579385757446
CGGAGCCGCAATAGCC-1,visium,14717,5993,8.9600830078125,4235.0,1.3102120161056519
CGGAGCGGTAAGACGC-1,visium,5960,11672,8.990815162658691,3326.0,1.121076226234436
CGGAGCGTAGAATCTT-1,visium,14172,19408,9.821409225463867,6812.0,1.2267274856567383
CGGAGCTCCGATACCT-1,visium,13094,19682,9.687505722045898,5917.0,0.881221354007721
CGGAGCTCTTCCAACG-1,visium,13922,1437,8.151333808898926,2281.0,0.9229881763458252
CGGAGGCTAGTCGGCA-1,visium,8308,18366,9.031213760375977,3438.0,0.46656298637390137
CGGAGTAAGGTGCGGT-1,visium,16008,16716,10.1958589553833,7516.0,2.9151580333709717
CGGAGTAAGTGCACAT-1,visium,3015,8737,9.579279899597168,5818.0,3.7134361267089844
CGGAGTCTTACGTGAA-1,visium,3021,9810,9.894850730895996,6105.0,6.965250015258789
CGGAGTGGCGACTAAG-1,visium,15040,8674,9.922260284423828,6514.0,3.032682180404663
CGGAGTGGTCAAGTAT-1,visium,10104,8163,9.488199234008789,4011.0,0.5756703615188599
CGGATGTTGAACCACG-1,visium,9323,6290,9.654513359069824,5840.0,2.3282663822174072
CGGATTCCAGACGGTT-1,visium,5018,8458,9.869827270507812,6100.0,6.769405841827393
CGGATTGCGTCTACCT-1,visium,8551,6026,9.404672622680664,4804.0,1.9762846231460571
CGGATTGTGCAGGAGC-1,visium,4520,1755,9.359966278076172,5247.0,2.4885904788970947
CGGCAACCACTAGCAT-1,visium,10760,15671,9.590487480163574,5562.0,1.4838621616363525
CGGCAACCTAAGTCCA-1,visium,12276,10834,9.565354347229004,5767.0,2.3490638732910156
CGGCAAGATGCGTCGG-1,visium,4894,14092,9.24116039276123,3398.0,0.4266873598098755
CGGCAATCAACGTGGA-1,visium,9629,5752,9.398229598999023,5192.0,2.7018065452575684
CGGCAATCGATAGCGA-1,visium,14333,20748,10.201404571533203,7642.0,1.3919821977615356
CGGCAATTAATTGGAC-1,visium,18259,5169,9.379745483398438,5360.0,0.7513718605041504
CGGCACTCCGGTTCGC-1,visium,4888,13019,9.122273445129395,3663.0,0.4368720054626465
CGGCATTATCGCGTGG-1,visium,10149,16747,8.449342727661133,2243.0,0.3639477491378784
CGGCCATCAACCGGCG-1,visium,14862,4114,8.980801582336426,4376.0,0.5535984039306641
CGGCCTAACGATAATG-1,visium,12562,6541,10.185276985168457,7434.0,3.081972122192383
CGGCCTGCGATCGATG-1,visium,407,11165,10.112126350402832,6914.0,5.466942310333252
CGGCGTAGCGCTAGGA-1,visium,7634,7640,9.676712036132812,5549.0,3.8454301357269287
CGGCGTTGGTTGCAGC-1,visium,2540,6326,9.879297256469727,6006.0,8.483172416687012
CGGCTCGTGGAGTACT-1,visium,1007,7943,9.373224258422852,4602.0,1.028212070465088
CGGCTGACCGCTCGCA-1,visium,16709,3568,9.812139511108398,6745.0,2.4324769973754883
CGGCTGTACATGATGT-1,visium,12014,19420,10.650246620178223,9042.0,2.6752288341522217
CGGCTGTCGGTATTAC-1,visium,18392,1145,9.529230117797852,5443.0,0.8142493963241577
CGGCTTACGTGCACGA-1,visium,1499,13574,9.198874473571777,4761.0,1.6388466358184814
CGGCTTATTCGCTAAT-1,visium,1511,15720,9.792779922485352,6029.0,2.440931558609009
CGGCTTCCAATAGGAA-1,visium,17619,881,9.480443954467773,5571.0,1.0534350872039795
CGGCTTCGATCTCCAA-1,visium,1137,3382,10.084600448608398,7107.0,3.4835212230682373
CGGCTTCTACGATATG-1,visium,12472,18612,10.179678916931152,7914.0,2.773035764694214
CGGCTTGTGCCGGCCT-1,visium,5159,6044,9.158309936523438,3367.0,1.3906446695327759
CGGTAGAACGTGACTT-1,visium,4107,11146,9.824228286743164,6254.0,5.456021785736084
CGGTAGATTCCTATGC-1,visium,4416,11144,9.48963737487793,5542.0,2.2464263439178467
CGGTAGGTACTCTACG-1,visium,19028,4897,9.810440063476562,7010.0,2.354297161102295
CGGTAGGTTCGATTCA-1,visium,16081,1425,9.11855411529541,4823.0,1.2497259378433228
CGGTATAGGATGAGCG-1,visium,7513,13810,9.5571870803833,4986.0,2.205726385116577
CGGTCAACGGCGGATT-1,visium,2721,11421,8.954415321350098,3871.0,2.5578091144561768
CGGTCAATTGGCCGAT-1,visium,17014,3030,9.445016860961914,5702.0,3.946536064147949
CGGTCATGGAGGACTC-1,visium,6410,9256,9.003315925598145,3429.0,1.6730225086212158
CGGTCCATACTTGAGC-1,visium,18109,5975,9.578380584716797,6087.0,2.4155592918395996
CGGTCCATGCGACTCC-1,visium,11089,19424,10.484557151794434,8240.0,2.880474328994751
CGGTCCATTACAACTA-1,visium,6418,10865,8.909370422363281,3220.0,1.2162162065505981
CGGTCCGGTTCTTAGC-1,visium,3629,8198,9.657587051391602,5841.0,4.55272102355957
CGGTCTAGATCGAATG-1,visium,8545,4953,8.640825271606445,3138.0,0.7777974009513855
CGGTCTGCTTGAATGA-1,visium,1004,7407,10.262943267822266,7182.0,5.794066429138184
CGGTCTTATCCAAGCT-1,visium,17085,16442,10.105488777160645,5867.0,0.5025330781936646
CGGTCTTGCTATTCTA-1,visium,2883,12762,9.84744644165039,6358.0,3.014437437057495
CGGTGAACGGTTAGAT-1,visium,3013,8201,9.846123695373535,6238.0,4.268163681030273
CGGTGAACTCACATTG-1,visium,4257,10340,9.881343841552734,6347.0,5.122437477111816
CGGTGAACTCCACCAG-1,visium,13775,2779,7.7706451416015625,1673.0,0.9708737730979919
CGGTGAGCATGTATAC-1,visium,17235,15636,9.404837608337402,5142.0,0.5351555943489075
CGGTTACCATCAACCA-1,visium,15637,4915,9.561419486999512,5909.0,1.0278071165084839
CGGTTACGTCCATGAA-1,visium,18448,11874,7.811568737030029,1527.0,1.1345218420028687
CGGTTATCTGTCTTAA-1,visium,9052,13266,9.26274299621582,2893.0,0.37012434005737305
CGGTTGATTGAGCGCC-1,visium,3525,17587,7.059617519378662,800.0,0.25795355439186096
CGTAACAGGTCTTGAA-1,visium,16477,18055,9.819453239440918,6735.0,0.6743895411491394
CGTAACATAAGTCATC-1,visium,12619,17270,9.04050064086914,3408.0,0.3200189769268036
CGTAACATTCGCGATA-1,visium,13221,14585,10.048625946044922,7453.0,2.7807810306549072
CGTAACATTGGCTGAG-1,visium,15065,13502,9.890706062316895,6984.0,2.6589009761810303
CGTAACCGGTATGCTA-1,visium,17192,7589,8.926517486572266,3588.0,0.6774707436561584
CGTAACCTGACATCGA-1,visium,7533,17566,9.360913276672363,5138.0,0.6796283721923828
CGTAACTAACAATCAT-1,visium,18027,19656,10.193840980529785,7933.0,1.2940869331359863
CGTAAGCCGACCGCTT-1,visium,2863,9006,9.829248428344727,6239.0,4.771650314331055
CGTAATGTTATCGCCG-1,visium,17716,19121,10.372835159301758,8578.0,3.2303459644317627
CGTACACGGCGTCTCC-1,visium,18468,15630,9.85424518585205,7098.0,1.2343733310699463
CGTACAGACGAGGACC-1,visium,8605,16219,8.665440559387207,2755.0,0.27595722675323486
CGTACAGGATTGGAAT-1,visium,19020,3288,10.345155715942383,8044.0,3.9832823276519775
CGTACAGGCCGCACTG-1,visium,10616,17549,9.303557395935059,5038.0,0.5284256935119629
CGTACAGTAAGTAATG-1,visium,15841,14303,10.090049743652344,7279.0,2.7592215538024902
CGTACATCACTGGATG-1,visium,5343,11676,9.473627090454102,4705.0,2.029052257537842
CGTAGCCAAGTCCGTC-1,visium,2874,11152,9.672060012817383,5881.0,4.544022083282471
CGTAGCCTTGAGCAAG-1,visium,10619,18086,10.123024940490723,7576.0,2.5332207679748535
CGTAGTACAAGGTACT-1,visium,7001,4424,9.147294044494629,4087.0,0.6604175567626953
CGTAGTACGCATAATG-1,visium,8577,10854,9.268514633178711,4935.0,2.4155502319335938
CGTAGTCCGAGCATGA-1,visium,14938,18599,9.97701644897461,6816.0,0.6689895391464233
CGTAGTCGGTTATCGA-1,visium,19187,5701,9.878170013427734,6817.0,1.0667213201522827
CGTAGTGACTCAAGGA-1,visium,14423,8677,10.232539176940918,7473.0,2.925302267074585
CGTAGTTATTGGTAGT-1,visium,17247,17782,9.966180801391602,7167.0,1.136523723602295
CGTAGTTCGTTGGTAG-1,visium,14910,13234,9.834351539611816,6556.0,2.609441041946411
CGTCAAGGCGGAATGT-1,visium,9810,10847,8.178077697753906,1935.0,0.25273799896240234
CGTCAGAACGTTGCCG-1,visium,11801,8423,9.419060707092285,5022.0,2.159090995788574
CGTCCAATCTGCGTCC-1,visium,6707,7108,9.028099060058594,3177.0,0.6600263714790344
CGTCCATAATCCGCTT-1,visium,3154,5786,9.557823181152344,5439.0,3.2146389484405518
CGTCCATCCTAGCATC-1,visium,8698,4684,8.965972900390625,4053.0,0.7151066064834595
CGTCCATCGTCCAATA-1,visium,7643,9249,9.828387260437012,5987.0,2.7705907821655273
CGTCCATGTAGCGTCT-1,visium,13331,6268,9.685829162597656,6142.0,2.5921552181243896
CGTCGGATCGCAGAAC-1,visium,13088,18609,9.734772682189941,6067.0,0.8997277617454529
CGTCGGCAGACGGTAT-1,visium,7807,11126,9.294865608215332,5043.0,1.626688838005066
CGTCGGCGGTAGATCA-1,visium,1805,13036,9.354007720947266,5277.0,1.2907137870788574
CGTCGGTTAGCGGTGA-1,visium,12794,21293,9.250329971313477,4926.0,0.24022293090820312
CGTCTTGCAACTTCTG-1,visium,1598,3112,9.982437133789062,6735.0,3.7796876430511475
CGTGAATGGTCCTGCG-1,visium,14013,18604,10.125910758972168,7482.0,1.9134541749954224
CGTGAGCAATGGACAT-1,visium,7159,5228,9.106534004211426,3622.0,0.5991345643997192
CGTGAGCTGTTATCGT-1,visium,11320,4938,8.907882690429688,3912.0,0.6902151703834534
CGTGAGGAACATAGGT-1,visium,3748,1491,9.36648941040039,5138.0,1.0180511474609375
CGTGAGGCATAATGGA-1,visium,19091,16700,10.525943756103516,8395.0,1.609917163848877
CGTGAGGCCTACAAGT-1,visium,597,17871,10.092081069946289,7136.0,2.5134575366973877
CGTGAGGCTCTTGTGC-1,visium,17860,17243,8.859505653381348,3612.0,0.44034090638160706
CGTGCGGATTCATGTA-1,visium,5363,15431,8.771990776062012,3208.0,0.43410855531692505
CGTGGCTCCTTGTCTT-1,visium,5191,11945,9.444622039794922,3859.0,0.6566975116729736
CGTGTACGATGATTGT-1,visium,15659,9207,9.103423118591309,4410.0,1.0016694068908691
CGTGTAGACACCTTCC-1,visium,17382,14294,4.2626800537109375,69.0,4.285714626312256
CGTGTAGTATTCTTGG-1,visium,2914,18663,4.605170249938965,92.0,0.0
CGTGTATGAGGCCAGG-1,visium,16403,4106,9.242517471313477,4919.0,0.9103235006332397
CGTGTTAACCTGAAGC-1,visium,1160,7674,9.743143081665039,5886.0,3.557173252105713
CGTGTTACCATATGTA-1,visium,868,10895,10.159369468688965,6867.0,5.946343421936035
CGTGTTAGATGGTATC-1,visium,4424,12754,8.815221786499023,3022.0,0.5939124226570129
CGTGTTGGACGTCTGG-1,visium,6461,18912,7.730614185333252,1548.0,0.3954305648803711
CGTTACAGTGCACTCA-1,visium,6294,16499,9.15334701538086,4590.0,0.6564319729804993
CGTTACGTGCAGATGG-1,visium,13931,3046,8.009695053100586,2076.0,1.096709966659546
CGTTCCTGTCACCGTG-1,visium,10933,19157,10.434497833251953,7937.0,2.9489591121673584
CGTTGGTCGTCACTGT-1,visium,6104,9794,9.703877449035645,5357.0,3.577533721923828
CGTTGGTGGCGTCTGC-1,visium,7856,20246,7.434847831726074,1166.0,0.23626698553562164
CGTTGTGAGCAAGTGG-1,visium,13979,12166,9.095266342163086,4486.0,0.8527827262878418
CTAACAAGGCTCACTT-1,visium,17011,2493,9.133134841918945,4748.0,1.2100259065628052
CTAACAGTATACCGGC-1,visium,13835,14045,9.949846267700195,7043.0,2.66373872756958
CTAACGTTAGGCAATG-1,visium,557,10360,10.258220672607422,7064.0,6.463264465332031
CTAAGAACCTTATTCC-1,visium,17102,19661,10.709025382995605,9017.0,3.760305881500244
CTAAGAATTGATTCAC-1,visium,16633,18322,9.97868824005127,7019.0,0.7559946179389954
CTAAGAGGCTATGTTC-1,visium,12477,19685,10.186295509338379,8064.0,2.5550196170806885
CTAAGCGTGCCTGCAA-1,visium,11977,12445,8.691650390625,2444.0,0.43682795763015747
CTAAGCTCCACGATCA-1,visium,10556,6283,8.8262939453125,3112.0,0.6167401075363159
CTAAGCTTACAGTACG-1,visium,11793,6813,9.338029861450195,5119.0,1.9364492893218994
CTAAGTCAAGATCATG-1,visium,9165,5486,8.569215774536133,2503.0,0.7216103076934814
CTAAGTGGCCGATTAG-1,visium,5194,12481,8.890548706054688,3235.0,0.5783531069755554
CTAATCACTCCGAGAC-1,visium,5298,3092,9.545598030090332,5883.0,2.310112953186035
CTAATCTGGCCGTGTT-1,visium,8902,14071,9.771782875061035,4524.0,0.7244309782981873
CTAATGACATCATTCT-1,visium,13380,15389,9.136801719665527,4615.0,0.7427341341972351
CTAATGAGCGAGGCTA-1,visium,11838,15397,9.858386039733887,6663.0,2.7880945205688477
CTAATTACGCAATGGA-1,visium,14627,18064,9.532931327819824,5870.0,0.7460524439811707
CTACAACCGCTGTCTA-1,visium,8755,15413,10.155451774597168,7069.0,4.4811506271362305
CTACAGAACCAGTTGA-1,visium,11227,16473,8.574140548706055,2971.0,0.7747543454170227
CTACAGAATTAATGAC-1,visium,10409,7625,9.843578338623047,6380.0,2.028031349182129
CTACAGATCGGTCGCC-1,visium,7043,12471,9.82989501953125,6205.0,3.643702983856201
CTACAGATGGTCATAC-1,visium,5199,13554,9.435721397399902,3938.0,0.38317233324050903
CTACAGCGTCTACACT-1,visium,10418,9235,9.046879768371582,3935.0,0.8715109825134277
CTACAGGTCGCTAAGC-1,visium,3468,6857,9.290444374084473,5206.0,2.196990728378296
CTACATCTACTGGCTT-1,visium,9343,10045,9.378816604614258,4635.0,0.7520703077316284
CTACCAGACCTCTTAG-1,visium,6727,10864,9.067854881286621,2846.0,0.4497750997543335
CTACCAGGAGACATCT-1,visium,6857,6303,8.985945701599121,3576.0,0.8261359333992004
CTACCATCGATGAGAA-1,visium,4528,3364,9.68638801574707,6065.0,3.2181906700134277
CTACCTGTAATAAGCA-1,visium,10842,1990,8.633909225463867,2938.0,0.44499820470809937
CTACCTTATCAACTGA-1,visium,15348,8672,9.941794395446777,6849.0,2.2425408363342285
CTACGAATTGGCTGGT-1,visium,14273,9482,9.805323600769043,6300.0,1.853384017944336
CTACGAGCCGGACGGT-1,visium,2421,13032,9.633841514587402,6062.0,3.4900472164154053
CTACGAGCCTGGAGAC-1,visium,1474,8746,10.040680885314941,6610.0,6.072362422943115
CTACGATGCGTCCGGC-1,visium,15023,5455,8.91031551361084,4000.0,0.39152154326438904
CTACGCCTCCGCGTAT-1,visium,18324,17508,9.072456359863281,4598.0,0.528067946434021
CTACGCTACATCTGTT-1,visium,7069,17300,9.516205787658691,5817.0,0.9354054927825928
CTACGCTTAGAAGTGC-1,visium,12766,15928,8.320935249328613,2413.0,0.4868549406528473
CTACTGAGTGACGGAC-1,visium,18022,18583,10.400163650512695,8268.0,3.517526865005493
CTACTGCTCCGACAGT-1,visium,14121,9751,9.865473747253418,6318.0,1.89061439037323
CTACTTATGAACATAA-1,visium,12316,18345,9.88308048248291,6981.0,1.5003827810287476
CTAGACGATTGAGCTA-1,visium,14420,8140,10.0993013381958,7145.0,3.889003038406372
CTAGCAACCAGTGCGG-1,visium,16118,8400,8.03138542175293,2150.0,0.42276424169540405
CTAGCACGATCACTGT-1,visium,14259,6800,9.935712814331055,6792.0,3.3020238876342773
CTAGCACGCCAAGCTT-1,visium,9855,19431,9.470394134521484,5804.0,0.8481764197349548
CTAGCATAGAGCGAGC-1,visium,9464,3875,9.062999725341797,4268.0,0.950283944606781
CTAGCCGAAGATGGAC-1,visium,7383,18371,9.684086799621582,4948.0,0.24908150732517242
CTAGCGCCTAGCTTAA-1,visium,9230,17825,8.566744804382324,3262.0,0.5330287218093872
CTAGGACGCAAGCATT-1,visium,5836,17306,8.616495132446289,3211.0,0.8331823945045471
CTAGGCCAGGAGTACG-1,visium,9951,8432,9.248213768005371,3555.0,0.47183436155319214
CTAGTCAGGCGACAGT-1,visium,1972,15449,9.488275527954102,5219.0,3.9006285667419434
CTAGTGTTCAGATCCG-1,visium,16556,3837,9.598252296447754,6030.0,1.6080878973007202
CTAGTTATGTCCAAGG-1,visium,1041,14381,9.594990730285645,5382.0,1.865214467048645
CTAGTTCTACATGACG-1,visium,14245,4118,8.647871017456055,2688.0,0.8776549100875854
CTAGTTGTCCACGTCA-1,visium,18491,19922,10.095512390136719,7756.0,1.4814509153366089
CTAGTTGTGCGTCACT-1,visium,18576,6777,9.589461326599121,6022.0,1.8824013471603394
CTATAACCAGCAGTAT-1,visium,405,10629,10.239673614501953,7254.0,5.566074848175049
CTATAACTACGCCTGG-1,visium,996,5797,10.265279769897461,7433.0,5.174635410308838
CTATAACTCCTGGAGG-1,visium,7156,4692,9.207536697387695,4227.0,0.5616286993026733
CTATACCGACTCGCAT-1,visium,9026,8437,9.088850021362305,3132.0,0.2823263704776764
CTATAGATCCACAAGC-1,visium,14610,14846,8.597850799560547,3090.0,0.4428861141204834
CTATAGGTTGATGCCT-1,visium,-8,20020,9.58651351928711,6190.0,1.0503913164138794
CTATCCATTAGCTCGA-1,visium,4583,13557,9.015176773071289,3264.0,0.5470459461212158
CTATCCATTGAGCCAC-1,visium,5021,8995,9.882468223571777,6068.0,6.214573860168457
CTATCCGCTGCAATTG-1,visium,3358,15173,8.905173301696777,3051.0,0.5156737565994263
CTATCCGTACGTTGGC-1,visium,295,18945,10.026369094848633,7494.0,2.131422996520996
CTATCGAATGGTCTGT-1,visium,6220,2551,9.130538940429688,4685.0,1.765597939491272
CTATCGAGATGCCTAC-1,visium,8611,17292,8.639764785766602,3419.0,0.47779151797294617
CTATCGATCTGCGTGA-1,visium,16559,4374,9.625293731689453,6097.0,1.9812442064285278
CTATCGCAGTCAATGG-1,visium,13555,19411,9.99195671081543,7089.0,1.0160648822784424
CTATCGGATATCGGAG-1,visium,9824,13530,9.221181869506836,3376.0,0.9794222116470337
CTATCGGCTTAACTAG-1,visium,2755,17859,9.097395896911621,4226.0,0.6382263898849487
CTATCGTATCAGCGTG-1,visium,2594,16519,9.570528984069824,5099.0,0.8859435319900513
CTATCGTATGGTGATG-1,visium,15713,19400,10.380342483520508,7779.0,1.3811726570129395
CTATCGTTACAACCTT-1,visium,10084,4408,7.827240943908691,1811.0,0.3988831341266632
CTATCGTTATCCGTCG-1,visium,16092,3571,9.530683517456055,6115.0,1.8148820400238037
CTATCGTTCCGCTCGT-1,visium,18423,7046,9.154616355895996,4767.0,1.4909590482711792
CTATGCAACAGAGTCG-1,visium,15244,18061,9.342245101928711,5183.0,0.6223157048225403
CTATGCACCAATCCAG-1,visium,14700,2774,9.153664588928223,4673.0,0.8467400670051575
CTATGCAGACCTCGCC-1,visium,16553,3301,9.747885704040527,6603.0,2.716597557067871
CTATGCCACGAGGCTG-1,visium,286,17336,10.116216659545898,7116.0,3.096200466156006
CTATGCCATTGGAGAA-1,visium,7914,2273,9.18625259399414,4892.0,1.1371785402297974
CTATGCCGTACAGCGT-1,visium,11037,9768,9.417110443115234,5186.0,3.4564085006713867
CTATGCCTATTGATCT-1,visium,16166,17520,9.190443992614746,4501.0,0.642725944519043
CTATGGCCAACGCCGG-1,visium,17829,11341,7.1785454750061035,928.0,0.687022864818573
CTATGTAGCGCAGATA-1,visium,13091,19146,10.002789497375488,6745.0,0.7923212647438049
CTATGTAGGCCGAACG-1,visium,11360,12449,9.612533569335938,5559.0,2.1605350971221924
CTATGTCAGGAACCTC-1,visium,16245,3302,9.609116554260254,6147.0,2.087388277053833
CTATGTGCCTGGTAGG-1,visium,18873,4630,9.880577087402344,7099.0,3.1515400409698486
CTATGTGCCTTCAGGT-1,visium,905,17869,10.09228801727295,7240.0,1.9333471059799194
CTATGTGCGGTTGACT-1,visium,9354,12191,9.095938682556152,3839.0,0.9194886088371277
CTATTAAGCCAGCACT-1,visium,6081,5502,9.301642417907715,4984.0,1.8256504535675049
CTATTACCGTCATATT-1,visium,8836,1732,9.651108741760254,5968.0,3.719912528991699
CTATTAGACTAAGTGG-1,visium,3284,1225,9.219696044921875,4678.0,1.238482117652893
CTATTAGCGGCTTCGT-1,visium,7836,16491,8.842893600463867,3843.0,0.3177354037761688
CTATTAGCTTCCATTC-1,visium,303,20555,10.24466323852539,7938.0,0.8495965003967285
CTATTAGTACTGGCTC-1,visium,416,12775,10.159059524536133,7163.0,5.177555084228516
CTATTATGAGATACGA-1,visium,3349,13564,9.604609489440918,5690.0,4.004854202270508
CTATTATGGCACCTCG-1,visium,2283,15984,9.79879379272461,6266.0,4.563877582550049
CTATTCCGGCCGTCGG-1,visium,11182,7889,9.334590911865234,4258.0,0.6182653307914734
CTATTCGTCTTACATA-1,visium,13026,6807,9.880167961120605,6454.0,3.5366978645324707
CTATTCTGTAGGACCT-1,visium,14446,12969,9.706254959106445,6219.0,2.661550521850586
CTCAAGAAGCACTGTA-1,visium,16952,20466,10.657024383544922,8638.0,2.5653698444366455
CTCAATACAGTATTCT-1,visium,1445,3381,10.150582313537598,7208.0,3.639914035797119
CTCAATACGTTAACCG-1,visium,9501,10849,8.624252319335938,2698.0,0.28756290674209595
CTCAATGACCATTAAG-1,visium,8888,11389,9.860580444335938,6229.0,3.7580246925354004
CTCAATGACCGTGGTA-1,visium,19031,5433,9.603665351867676,6056.0,0.7625860571861267
CTCACCAGGAATTGAC-1,visium,4379,4170,9.341105461120605,4371.0,0.5703755617141724
CTCACCAGTGTAAGTT-1,visium,16310,15641,10.177248001098633,7345.0,2.6504924297332764
CTCACCGTGACTCGGA-1,visium,14706,3847,9.0745210647583,4658.0,0.5728033185005188
CTCACCTGAGACTAAG-1,visium,9029,8974,9.236105918884277,4080.0,0.7894736528396606
CTCACCTGCCGACTAA-1,visium,14432,10286,10.127071380615234,7094.0,3.6185524463653564
CTCACCTGGCTTAGGT-1,visium,3915,3904,9.262838363647461,4200.0,0.5029417276382446
CTCACCTTAATAAGAT-1,visium,7320,6569,9.0763521194458,3504.0,0.4345340132713318
CTCACCTTCGGCGTCT-1,visium,17945,4098,9.862196922302246,6989.0,2.563835382461548
CTCACCTTCTGAAGTA-1,visium,8763,17023,8.379079818725586,2646.0,0.4823150932788849
CTCACCTTGGAAGAAC-1,visium,17472,2223,9.17988109588623,4862.0,1.1238272190093994
CTCACGAGTAGATGAG-1,visium,7796,8980,9.7806978225708,5760.0,2.5327906608581543
CTCACGATCTCCGGAG-1,visium,2571,12227,9.640498161315918,5830.0,4.253934860229492
CTCACGTATTCAAGCG-1,visium,13532,15120,9.682903289794922,6391.0,1.4463839530944824
CTCACGTGAACGTATT-1,visium,16078,889,9.449830055236816,5703.0,1.227863073348999
CTCACGTTCGGTCTGC-1,visium,11366,13522,9.10631275177002,3529.0,0.8212185502052307
CTCAGAAGACAACTCG-1,visium,8871,8170,9.293301582336426,4212.0,1.1689984798431396
CTCAGGATACGCGGCA-1,visium,6865,7912,9.845541000366211,5639.0,1.7273353338241577
CTCAGGCACGTCAGAC-1,visium,3957,11951,9.545526504516602,5532.0,4.148487567901611
CTCAGGTCACTACAGC-1,visium,7343,10860,8.404472351074219,2667.0,0.33587104082107544
CTCAGGTCGTGCTCGC-1,visium,1949,11157,10.065564155578613,6801.0,5.689259052276611
CTCATAATAGCACCGT-1,visium,16618,15640,9.946690559387207,7140.0,1.8389042615890503
CTCATAGCCAATGTCG-1,visium,13504,9755,9.978780746459961,6769.0,2.866020441055298
CTCATATGATAACTAT-1,visium,17835,12414,8.286773681640625,2425.0,1.838791012763977
CTCATATGTAACCGTG-1,visium,10534,1991,9.293394088745117,4677.0,0.6626783609390259
CTCATATGTCCGTGAC-1,visium,459,20822,9.543664932250977,5820.0,1.1322107315063477
CTCATATTACTATGGT-1,visium,18180,19387,10.471921920776367,8698.0,2.738678455352783
CTCATCCTCGGCAAGT-1,visium,18152,14022,10.239531517028809,7741.0,2.840604543685913
CTCATCCTGGCAAGTC-1,visium,13054,12171,9.288412094116211,5109.0,0.841735303401947
CTCATCTATTCGATAC-1,visium,2984,2836,9.092007637023926,4365.0,0.7092198133468628
CTCCAACCTTAGCCGG-1,visium,17325,3565,10.095965385437012,7324.0,4.207226753234863
CTCCAAGCGTCCTTCA-1,visium,15331,5453,8.739856719970703,3517.0,0.49631762504577637
CTCCAATGGTCGCAGA-1,visium,18785,17238,9.252824783325195,5219.0,0.8530623912811279
CTCCACGCTAGCTAGA-1,visium,5957,11136,9.537555694580078,5248.0,3.52559494972229
CTCCACTGGCTAATGG-1,visium,17054,10541,7.510430335998535,1285.0,0.7119386196136475
CTCCAGAATATTACAT-1,visium,390,7947,9.279026985168457,4839.0,2.222222328186035
CTCCATGGCGACCAGT-1,visium,8096,7369,9.665166854858398,4275.0,0.5838304162025452
CTCCGGATCCTCGCTC-1,visium,13948,6265,9.8411865234375,6461.0,3.278164863586426
CTCCGGCCTACAGCTT-1,visium,12729,8954,10.00996208190918,6752.0,3.7355031967163086
CTCCGGTTATGGCACG-1,visium,17631,3027,10.02131462097168,7244.0,4.013333320617676
CTCCGGTTCAGCGGAT-1,visium,2995,4982,9.872718811035156,6129.0,5.233847141265869
CTCCGTAAGGTCTGTT-1,visium,17091,17515,8.931419372558594,4206.0,0.4362194240093231
CTCCTACATTGTATCT-1,visium,9193,10851,8.804625511169434,3145.0,0.37515005469322205
CTCCTACCTCGTGGTA-1,visium,16143,13228,9.424403190612793,5528.0,1.3805910348892212
CTCCTACTTGAGTAAG-1,visium,14409,5994,8.95079231262207,4055.0,0.7908725142478943
CTCCTGTCGAAGCCAA-1,visium,2569,11690,9.77241039276123,6131.0,5.341465950012207
CTCCTTATCTTAAGAC-1,visium,11991,15128,9.604002952575684,5667.0,1.8080010414123535
CTCCTTATGGAACCTT-1,visium,4704,7387,9.763765335083008,5955.0,5.1463398933410645
CTCGACAGCACTCGGA-1,visium,9646,8970,9.745195388793945,5914.0,1.6577820777893066
CTCGACATAATTCTAT-1,visium,16783,17516,8.715880393981934,3579.0,0.32797640562057495
CTCGACTCCTAATGGA-1,visium,10279,12186,9.432924270629883,5119.0,2.529618978500366
CTCGATGCGGTGTTAA-1,visium,11017,6012,9.37847900390625,5264.0,2.459847927093506
CTCGATGTTGAACGGC-1,visium,12718,6808,10.041247367858887,6829.0,3.215265989303589
CTCGATGTTGCTATGT-1,visium,4430,13827,8.941938400268555,3299.0,0.49705690145492554
CTCGCATACTCAACTC-1,visium,2860,8470,9.90168571472168,6474.0,4.102590084075928
CTCGCTAGCACCATCT-1,visium,9490,8703,9.005773544311523,3789.0,0.6503865718841553
CTCGCTGTTCATAGAT-1,visium,9222,16215,9.2648286819458,3512.0,0.7765886783599854
CTCGGAAGGCCAATAA-1,visium,18720,4899,9.521714210510254,6055.0,1.7872837781906128
CTCGGAATTCTTGATA-1,visium,3635,9271,9.747943878173828,5974.0,6.519453048706055
CTCGGACTAACGTGGC-1,visium,3669,15708,8.574518203735352,2710.0,0.3400075435638428
CTCGGAGTCTTAAGGA-1,visium,3649,11953,9.765718460083008,6051.0,4.3041605949401855
CTCGGATCGGAATACG-1,visium,13040,9489,9.502038955688477,5394.0,2.771552324295044
CTCGGTCTCCAACTGC-1,visium,1174,10357,10.100820541381836,6551.0,7.207946300506592
CTCGTCGCGATTAATT-1,visium,6585,13279,9.744550704956055,5739.0,1.5767878293991089
CTCGTGTCTTGGCCGC-1,visium,19238,15357,9.701922416687012,6458.0,1.0215317010879517
CTCGTTCTGTCACGTT-1,visium,13660,10022,9.901585578918457,6664.0,3.0509493350982666
CTCGTTGCACCTTAGG-1,visium,16250,4375,9.725018501281738,6087.0,1.5122535228729248
CTGAAGCGGTTGCCAA-1,visium,1205,16258,10.040201187133789,7230.0,2.8915348052978516
CTGAAGGAGCCTCACT-1,visium,5974,14355,9.922015190124512,6370.0,3.038335084915161
CTGAAGGATCTGTACG-1,visium,3493,11686,9.744550704956055,5889.0,5.21688175201416
CTGAAGGTGCTCGAGG-1,visium,10726,9233,9.51192569732666,5306.0,1.4424142837524414
CTGAAGTGCTATGGCG-1,visium,17060,11614,6.955592632293701,810.0,1.2404580116271973
CTGAAGTGCTGAACTG-1,visium,12749,12709,9.804054260253906,6594.0,2.8001766204833984
CTGAAGTTGCAGACAT-1,visium,1958,12767,9.69769287109375,6261.0,2.967012643814087
CTGAAGTTGGATCGGC-1,visium,1448,3917,9.910661697387695,6578.0,1.9907660484313965
CTGAATACCAGCAACG-1,visium,18157,15095,9.38303279876709,5513.0,1.3211039304733276
CTGAATTCGCGTAAGG-1,visium,4565,10339,9.965569496154785,6472.0,5.888157844543457
CTGACCGCCAATTAGG-1,visium,4843,4436,9.383537292480469,4026.0,0.9251471757888794
CTGACGTATCCGCCAC-1,visium,4992,3630,9.29706859588623,4184.0,1.265474557876587
CTGACTCCGAATCTGC-1,visium,10562,7356,9.699288368225098,6118.0,2.0484514236450195
CTGACTCGAATTCGTG-1,visium,6254,8988,9.527483940124512,5275.0,3.7287886142730713
CTGACTGATTAGGCTG-1,visium,16270,8131,7.707512378692627,1593.0,0.22482015192508698
CTGACTGTGGCCGGTT-1,visium,10296,15405,9.831991195678711,6340.0,3.899242639541626
CTGAGGTTCAGGCCAA-1,visium,1146,4992,10.02994441986084,6688.0,4.163912773132324
CTGATATTAGTAATCG-1,visium,19178,4091,10.309985160827637,8374.0,2.780552864074707
CTGATCCAACGCACAA-1,visium,12791,20757,9.871532440185547,6598.0,0.42849770188331604
CTGATGCCAATGCTTC-1,visium,1842,20010,8.997023582458496,4126.0,0.24758602678775787
CTGATTAACAGCGGCC-1,visium,2387,6595,9.846335411071777,5928.0,8.90512466430664
CTGATTAACGCAAGAA-1,visium,6308,19182,8.00068473815918,2019.0,0.0
CTGATTACAATGTCCA-1,visium,6458,18376,8.885440826416016,3783.0,0.4290657639503479
CTGATTAGGTGCCGAA-1,visium,16573,7056,8.917981147766113,3997.0,0.5091103911399841
CTGCACTACACTCATT-1,visium,18570,5704,9.601841926574707,5910.0,1.3116084337234497
CTGCATAATGGACCGC-1,visium,15490,6257,8.331585884094238,2676.0,0.48169559240341187
CTGCCACGTGTTAATA-1,visium,3287,1761,9.228572845458984,4954.0,1.6596287488937378
CTGCCGATTGCGATGT-1,visium,7055,14617,9.97152042388916,6444.0,3.129817247390747
CTGCCGCTTCGGCTGC-1,visium,1208,16794,9.719924926757812,5875.0,1.7482727766036987
CTGCCGTGAAGTCGCA-1,visium,10265,9504,9.029417991638184,3855.0,0.8509109020233154
CTGCCTAGTGAATAAG-1,visium,11553,19690,10.122703552246094,7700.0,1.3453274965286255
CTGCCTCCAACACCAG-1,visium,14573,7871,10.139310836791992,7151.0,4.194643974304199
CTGCCTGACACGGATT-1,visium,6710,7645,9.862821578979492,6283.0,2.666388988494873
CTGCCTGTGAGCCAGG-1,visium,12011,18883,10.526507377624512,8392.0,3.526414632797241
CTGCGGAAGCAGGCAC-1,visium,1442,2844,9.703877449035645,4880.0,1.08669114112854
CTGCGGCATGTAAGTA-1,visium,5601,2017,9.616205215454102,5695.0,3.045651435852051
CTGCTCATTAGAGTGC-1,visium,8585,12463,8.936823844909668,3825.0,1.2884564399719238
CTGCTTACTGTCGCGA-1,visium,19022,3824,10.200698852539062,7710.0,3.6514244079589844
CTGGAACAATAGACAG-1,visium,4871,9801,9.927985191345215,6221.0,6.484508514404297
CTGGAATAGGAATTAG-1,visium,3298,3907,9.760021209716797,5909.0,2.1759207248687744
CTGGAATAGTGCAAGT-1,visium,9360,13264,8.91355037689209,2582.0,0.37679988145828247
CTGGAATGGATAGTTC-1,visium,5448,2287,9.43898868560791,5490.0,1.9175684452056885
CTGGAATGGATCAGCA-1,visium,8908,15144,10.165159225463867,7016.0,4.507139682769775
CTGGAATTCGGCGAAC-1,visium,16239,2229,9.427546501159668,5586.0,0.8611669540405273
CTGGCACTTCTGCGTC-1,visium,8531,2270,9.293485641479492,5110.0,1.5553101301193237
CTGGCCTGGAACAATT-1,visium,15156,1430,8.971956253051758,4391.0,0.8885504007339478
CTGGCCTTACCACTTA-1,visium,10087,4944,7.883823394775391,1756.0,0.376931756734848
CTGGCCTTGCATTCGG-1,visium,6554,7377,9.864694595336914,6163.0,2.9940743446350098
CTGGCGCACTTACTGA-1,visium,9072,17021,8.449128150939941,2725.0,0.556745171546936
CTGGCGCATATCCGTG-1,visium,15385,15646,9.67564582824707,6395.0,1.4192413091659546
CTGGCGGACAACGCAC-1,visium,2419,12496,9.923290252685547,6674.0,4.485514163970947
CTGGCTGGACGCTTGG-1,visium,3199,14370,9.003438949584961,3331.0,0.7134071588516235
CTGGTAATGAGCTCGT-1,visium,19111,20455,10.198282241821289,7789.0,1.210157871246338
CTGGTAATTAATCTGG-1,visium,17987,12145,7.375255584716797,1189.0,1.6927900314331055
CTGGTACTCGAAGTGG-1,visium,1534,20012,9.920541763305664,6938.0,0.8799095749855042
CTGGTGAGGTCTCGTC-1,visium,2993,4446,9.716254234313965,5834.0,5.366618633270264
CTGGTGATCCTGAAGG-1,visium,7165,6301,8.817150115966797,3070.0,0.7409602999687195
CTGGTGATCGCCGTAG-1,visium,5672,15429,8.715060234069824,2827.0,0.5908419489860535
CTGGTGCGAGAAGCTT-1,visium,3912,3368,9.436598777770996,4462.0,0.5263997316360474
CTGGTGCGTTCACGAG-1,visium,9980,13797,9.761232376098633,4084.0,0.32858705520629883
CTGGTGCTACAGTATT-1,visium,1465,7136,10.260357856750488,7161.0,8.84658432006836
CTGGTGCTTATGACCA-1,visium,4401,8462,9.691160202026367,5815.0,4.427131652832031
CTGGTGGCCAATAAGT-1,visium,11982,13518,9.209440231323242,4614.0,5.195195198059082
CTGGTGGCCTTCCGAC-1,visium,16415,6252,9.153876304626465,4537.0,0.5079364776611328
CTGGTTGCGTTAATTG-1,visium,993,5261,10.1190824508667,6972.0,4.562492370605469
CTGGTTGGACATCACC-1,visium,10305,17014,8.652422904968262,2769.0,0.419360488653183
CTGGTTGGCTTGTTAC-1,visium,6690,3889,8.986446380615234,3799.0,0.7256349325180054
CTGTATCGAAGTGGAT-1,visium,16259,5985,9.086362838745117,4581.0,0.4641684591770172
CTGTATCGGAAGCTCC-1,visium,17676,11610,6.638567924499512,639.0,0.6553080081939697
CTGTATCTTCGCCATA-1,visium,7957,10321,9.49612045288086,5574.0,1.1197113990783691
CTGTATGGCTCAACAT-1,visium,2560,10081,9.933968544006348,6114.0,8.759336471557617
CTGTCACTATGTGCAT-1,visium,12636,20489,9.937744140625,7128.0,0.8745651841163635
CTGTCACTCGGCCTTA-1,visium,11660,10837,9.227492332458496,4378.0,1.730239987373352
CTGTCAGATCGATGCG-1,visium,7216,15958,9.477615356445312,5232.0,0.6813136339187622
CTGTCAGGCTTCCTAA-1,visium,2073,5523,9.869982719421387,6196.0,5.594622611999512
CTGTCAGGTGGATCGT-1,visium,3598,2296,9.435880661010742,5327.0,1.7240002155303955
CTGTCTATCCACATCT-1,visium,3041,13566,9.847922325134277,6180.0,4.181203365325928
CTGTGCAGATGATAAT-1,visium,133,17605,10.081801414489746,7042.0,2.857381820678711
CTGTGCGTGAGCCGTC-1,visium,9456,2265,9.759559631347656,5938.0,1.0855756998062134
CTGTGGCTTGTCAGCT-1,visium,16604,12957,9.021235466003418,4524.0,0.7129048109054565
CTGTGGTAAGCTAATA-1,visium,16593,10811,8.041090965270996,1623.0,0.6119163036346436
CTGTTCCAGAAGCTGA-1,visium,10274,11113,9.20552921295166,4531.0,2.190734624862671
CTGTTCGTATGCACCA-1,visium,7782,6298,8.791181564331055,3308.0,0.806083619594574
CTGTTCTGCTCAGGAC-1,visium,13233,16731,9.829195022583008,5414.0,0.3339257836341858
CTGTTGCTACTCACAG-1,visium,13080,17000,9.736074447631836,5531.0,0.3606053590774536
CTTAATACGGCTAGCA-1,visium,16412,5716,9.128153800964355,4722.0,0.5428881645202637
CTTACGAACTCCGTCC-1,visium,9479,6557,9.570389747619629,5619.0,2.623316764831543
CTTACGACAACGATAC-1,visium,17999,14291,10.088056564331055,7385.0,2.0995302200317383
CTTACGCAACTCAACG-1,visium,15391,16719,9.87781047821045,6733.0,0.9234557747840881
CTTACGCCATGCACAG-1,visium,3344,12491,9.863862991333008,6424.0,5.389657497406006
CTTACGCTACGTAAGC-1,visium,6828,938,9.209540367126465,4637.0,0.7907117009162903
CTTACGGTAAGCCGAA-1,visium,9349,11118,8.905036926269531,3386.0,0.29858848452568054
CTTACGTCATCCTTAT-1,visium,7660,12468,9.392078399658203,4633.0,2.0346899032592773
CTTAGCAACTAGGACC-1,visium,2085,7669,9.95218276977539,6338.0,6.791446208953857
CTTAGCAAGGACAGCC-1,visium,15982,11888,8.08178424835205,2167.0,0.5875077247619629
CTTAGCACGACAGAAC-1,visium,1341,12770,9.940349578857422,6819.0,3.5325300693511963
CTTAGCCTAATGGTAA-1,visium,16287,11349,9.450302124023438,3773.0,0.2596176564693451
CTTAGCCTGTAAGACA-1,visium,15792,5182,9.243485450744629,4927.0,0.7449690103530884
CTTAGCGTAGCGTGCG-1,visium,3055,16248,8.979920387268066,3742.0,0.6674222350120544
CTTAGCTACCATCTCA-1,visium,9148,2267,9.661861419677734,5830.0,2.1265757083892822
CTTAGCTACGCAAGGT-1,visium,10585,11648,9.34399700164795,4718.0,2.266165018081665
CTTAGCTATCCTTGCG-1,visium,1508,15183,9.008591651916504,3549.0,0.6118453145027161
CTTAGCTTAGTTCTCG-1,visium,13066,14317,10.230270385742188,7828.0,3.187998056411743
CTTAGCTTCGCTGACC-1,visium,1018,10089,10.025351524353027,6579.0,6.347660541534424
CTTAGTAAGCCTTAGG-1,visium,19192,6774,9.534523010253906,5721.0,1.1932311058044434
CTTAGTAAGCGTGGCA-1,visium,3338,11418,8.975883483886719,2930.0,0.6701226234436035
CTTAGTAATGCAACGA-1,visium,987,4188,9.710509300231934,6141.0,1.012796401977539
CTTAGTCCTCATAAGT-1,visium,2130,16253,9.843365669250488,6370.0,4.832200527191162
CTTAGTCTATCGAGAC-1,visium,9507,11922,8.740976333618164,3187.0,0.9275548458099365
CTTAGTCTCGACAACT-1,visium,12607,15124,9.573871612548828,5962.0,1.334909200668335
CTTAGTCTTATTCGGA-1,visium,14109,7606,9.914971351623535,6656.0,3.124073028564453
CTTAGTGCGACCTATT-1,visium,7009,6034,9.447859764099121,5204.0,2.0820188522338867
CTTAGTGCGTTGACGC-1,visium,11694,17275,8.64259147644043,2727.0,0.45879656076431274
CTTAGTGGCTAAGACG-1,visium,8000,18368,9.49122428894043,4436.0,0.294517457485199
CTTAGTGGTACACGAC-1,visium,6271,12207,9.891718864440918,6425.0,3.693397283554077
CTTAGTTGAATCACCT-1,visium,18117,7584,8.914222717285156,4140.0,1.250672459602356
CTTAGTTGCTCGTTGT-1,visium,14916,14307,9.231514930725098,4557.0,0.5874865055084229
CTTAGTTGGAGCGACC-1,visium,4226,4439,9.479222297668457,5168.0,3.026597499847412
CTTATTCACTAGCTGG-1,visium,14766,15113,8.931684494018555,3766.0,1.2818819284439087
CTTATTGAGTTCTGTA-1,visium,18910,11604,7.360739707946777,1118.0,1.4631043672561646
CTTCAAGACGCAAGTG-1,visium,18794,18847,10.215887069702148,8028.0,2.4475908279418945
CTTCAAGTAACAGCTT-1,visium,9606,1460,9.703633308410645,6216.0,3.144846200942993
CTTCAAGTCGACCTTC-1,visium,14141,13507,9.996567726135254,7025.0,3.81776762008667
CTTCATGCCTAGACGG-1,visium,8619,18901,9.796069145202637,5259.0,0.3563077747821808
CTTCATTGGATACCAC-1,visium,5680,17039,8.774003982543945,3357.0,0.47965341806411743
CTTCCAATTGAAGATT-1,visium,7052,14081,9.751791954040527,5833.0,4.032821178436279
CTTCCACGATCCTGTA-1,visium,10628,19695,10.094438552856445,7702.0,1.5904489755630493
CTTCCACGCCTTCCTG-1,visium,1369,18135,10.104630470275879,7244.0,2.310365915298462
CTTCCATAACCTTACG-1,visium,18299,12680,8.170751571655273,2364.0,1.669024109840393
CTTCCGACGCACAACC-1,visium,12279,11371,8.98882007598877,3776.0,1.0609086751937866
CTTCCGTCGCTGCATC-1,visium,9830,14603,9.736133575439453,6017.0,3.440326452255249
CTTCGACCAAGCCGAG-1,visium,15501,8403,9.84955883026123,6782.0,2.21647572517395
CTTCGACTCCAGACTG-1,visium,16918,14029,10.087182998657227,7334.0,3.2831225395202637
CTTCGAGCTGCAGCCT-1,visium,17391,15904,9.792946815490723,5497.0,0.7315983772277832
CTTCGAGTGATGGAAT-1,visium,1683,19206,9.851457595825195,6692.0,1.1640769243240356
CTTCGATAACATTGGT-1,visium,10421,9771,8.795431137084961,3205.0,0.5300620794296265
CTTCGATACAGTCTCC-1,visium,18861,2484,9.048996925354004,4586.0,2.2446820735931396
CTTCGATACTCCGACC-1,visium,11046,11377,9.469237327575684,5166.0,2.670989751815796
CTTCGATATGTAGGAG-1,visium,12919,15659,9.16910171508789,4479.0,0.31266283988952637
CTTCGATGGACGTACC-1,visium,11544,18081,9.536545753479004,5809.0,0.7650115489959717
CTTCGCCGCAACATTA-1,visium,10395,4943,8.284252166748047,2305.0,0.2525252401828766
CTTCGGCTCACTACCT-1,visium,14616,15918,10.078238487243652,7212.0,1.4694769382476807
CTTCGTATTAATACGG-1,visium,7476,6836,9.258368492126465,3404.0,0.7816223502159119
CTTCGTCAAGACTCGT-1,visium,7340,10324,9.48668384552002,5393.0,2.1392810344696045
CTTCGTCACCAAGAGG-1,visium,11558,20763,9.939626693725586,6850.0,0.5883771181106567
CTTCTACTCAAGTCGT-1,visium,16714,4641,9.443830490112305,5548.0,2.1220998764038086
CTTCTGAGCCAGGAAC-1,visium,7536,18102,9.413036346435547,4848.0,0.4817899763584137
CTTCTGAGGTCGCATA-1,visium,603,18944,10.060832977294922,7356.0,2.7214081287384033
CTTCTGTACGGACATC-1,visium,7018,7643,9.794732093811035,5939.0,2.486341714859009
CTTGAACCGAGTTAAT-1,visium,1214,17867,10.220048904418945,7310.0,2.0475826263427734
CTTGAACTTAGAGGAA-1,visium,5943,8454,9.829787254333496,6377.0,5.210464000701904
CTTGAGCCTTGTTCCA-1,visium,5044,13287,9.445096015930176,4155.0,0.39541321992874146
CTTGAGTCCAAGGCTG-1,visium,8537,3343,9.144734382629395,4709.0,0.9397692680358887
CTTGAGTCTTACAGTG-1,visium,17843,14024,10.169767379760742,7532.0,2.743190050125122
CTTGATGCAATCACAA-1,visium,11634,6009,9.157150268554688,4547.0,0.7172238826751709
CTTGCCGGAAGACGCA-1,visium,13945,5729,8.919052124023438,4142.0,0.7628479599952698
CTTGCGTAACAGCAGT-1,visium,4738,13825,9.187788009643555,3665.0,0.45008185505867004
CTTGGAACTCCACGCC-1,visium,17388,15367,9.263880729675293,4798.0,0.5308560132980347
CTTGGACATTACAGGA-1,visium,4681,3095,9.764110565185547,6242.0,2.9430360794067383
CTTGGACTTGTCTGTC-1,visium,14011,18068,9.39789867401123,5308.0,0.6300779581069946
CTTGGAGGCCACCTGC-1,visium,14469,17261,9.744256973266602,6532.0,1.2195836305618286
CTTGGATCAACCGTAT-1,visium,17241,16709,9.489864349365234,5102.0,0.36297640204429626
CTTGGTGCAGCCTCCA-1,visium,18242,1950,9.285077095031738,5208.0,1.0858469009399414
CTTGGTTAGAGTCATC-1,visium,8743,13267,9.813945770263672,5216.0,1.0937329530715942
CTTGTAAGCGCTTCAT-1,visium,15552,18060,9.211539268493652,5035.0,0.7691539525985718
CTTGTATCGTATGATT-1,visium,16463,15372,9.831668853759766,6651.0,1.9502497911453247
CTTGTCAGTTCGGTAA-1,visium,7923,3883,8.836664199829102,3609.0,0.40691760182380676
GAACAAGGTCGAGCAA-1,visium,10551,5210,8.66871166229248,3347.0,0.5844936966896057
GAACAGATAACCTTAA-1,visium,11351,10839,8.358197212219238,2452.0,0.32833021879196167
GAACAGCCATGTTGCA-1,visium,17702,16439,9.510371208190918,5908.0,0.9556971788406372
GAACATTCGACACGTA-1,visium,7669,14078,9.897016525268555,6042.0,2.6522395610809326
GAACCGAACGAAGACT-1,visium,2696,6593,9.886035919189453,6100.0,7.520480632781982
GAACCTTAGTTGATTA-1,visium,8375,2003,9.28989028930664,5276.0,1.2561190128326416
GAACGCCACGGTGGTT-1,visium,4834,2826,9.782505989074707,6338.0,2.957110643386841
GAACGCCAGTGCATAC-1,visium,6859,6839,8.6429443359375,2514.0,0.3704356849193573
GAACGCTAGAAGGCTA-1,visium,15054,11356,8.982686996459961,3820.0,0.5525556206703186
GAACGCTTAGAACGTC-1,visium,1903,2574,8.897955894470215,3349.0,1.3395298719406128
GAACTAACATGTATCC-1,visium,18007,15901,9.966931343078613,7387.0,2.6702332496643066
GAACTAACTCTACGTG-1,visium,9985,14870,9.918917655944824,6521.0,3.2988674640655518
GAACTACAAGTAGGAG-1,visium,1955,12230,9.89404296875,6561.0,5.961334705352783
GAACTACCTTATCATA-1,visium,12115,9494,9.629051208496094,5582.0,2.973879814147949
GAACTATCGTCTCGTC-1,visium,1681,18670,10.070145606994629,7153.0,2.209430456161499
GAACTCATAGTGAGTG-1,visium,8557,7098,9.72292423248291,5769.0,1.9047620296478271
GAACTCCTCATACATA-1,visium,10548,4674,7.792348861694336,1603.0,0.5782734751701355
GAACTCCTGGAGGCTC-1,visium,6401,7646,9.634037971496582,5390.0,2.2847790718078613
GAACTGTAACTCAGGC-1,visium,11210,13254,9.77718734741211,6029.0,2.802677869796753
GAACTTGGTGAGGATA-1,visium,11643,7619,9.131946563720703,3946.0,0.9518658518791199
GAAGCGAGAACATGGA-1,visium,18460,14020,10.340612411499023,8059.0,3.0680789947509766
GAAGCGATTGCCGAAT-1,visium,2597,17055,8.95982551574707,3329.0,0.6681228280067444
GAAGCGGCTGATCAGT-1,visium,4237,6585,8.71028995513916,3147.0,1.3522427082061768
GAAGCGTATCATCGTT-1,visium,13244,18876,9.904387474060059,6574.0,0.9791676998138428
GAAGCGTCAGTAAGTC-1,visium,17563,19390,10.404990196228027,8505.0,3.870030164718628
GAAGCGTCCATAGTTG-1,visium,10078,3335,8.927977561950684,4003.0,0.6764823198318481
GAAGCTGTTCTACATC-1,visium,3810,13293,9.574080467224121,5487.0,5.366328239440918
GAAGCTTGACGCTTAA-1,visium,5756,2285,9.018695831298828,4436.0,1.2477285861968994
GAAGGATGGTATACGT-1,visium,4376,3633,9.139488220214844,4367.0,1.3848631381988525
GAAGTAAGTTCCTCGA-1,visium,18338,20191,10.033462524414062,7277.0,0.794731080532074
GAAGTAGCTGAGTCTA-1,visium,6059,1210,9.507328987121582,5457.0,3.4703128337860107
GAAGTCCAATCGTGTT-1,visium,15558,19132,10.207953453063965,7960.0,1.4898403882980347
GAATAAGGAGAACTAA-1,visium,9035,10047,9.672942161560059,5747.0,1.9016435146331787
GAATACAGACGAACTG-1,visium,14740,10285,10.022869110107422,6865.0,3.7186601161956787
GAATACCTGCCACGGC-1,visium,5759,2821,8.78155517578125,3614.0,0.2764127552509308
GAATACTAAGGCGAAT-1,visium,3966,13561,9.497922897338867,5101.0,2.8279948234558105
GAATCAATTACCGACC-1,visium,1035,13308,9.229947090148926,4928.0,1.2454643249511719
GAATCACCAGTGATAC-1,visium,18256,4633,9.637240409851074,6335.0,1.7684677839279175
GAATCATAGTCTGAAG-1,visium,4254,9804,9.933337211608887,6327.0,7.439941883087158
GAATCATGAACCAGTG-1,visium,9326,6826,9.818692207336426,6264.0,2.411146879196167
GAATGACAACAGAATA-1,visium,609,20017,10.51585865020752,9153.0,2.3580429553985596
GAATGACAACTAGTCA-1,visium,3920,4977,9.670672416687012,5667.0,4.8658881187438965
GAATGACACGACTAGG-1,visium,7490,9518,9.855714797973633,6211.0,3.105003833770752
GAATGACCACAATCGA-1,visium,8562,8171,10.144745826721191,6773.0,2.1448774337768555
GAATGACCACGTGCAG-1,visium,18881,6239,10.058780670166016,7457.0,2.5600411891937256
GAATGAGTATAGACCA-1,visium,15665,10280,9.243581771850586,4420.0,0.4450033903121948
GAATGGCCAAGGAGGC-1,visium,5471,6578,9.446598052978516,3638.0,0.4895767569541931
GAATGTATTGGATCAA-1,visium,4286,15705,8.919052124023438,3313.0,0.2275160551071167
GAATGTCAGAATTCTG-1,visium,18466,15093,9.267477035522461,4509.0,0.8784358501434326
GAATTAACCTTCAATT-1,visium,8392,5222,8.435114860534668,2803.0,0.6514657735824585
GAATTCACAACTGCAG-1,visium,17031,6249,8.790421485900879,3749.0,0.5631659030914307
GACAACATCATGCCGC-1,visium,1013,9016,10.290007591247559,7337.0,4.891968727111816
GACAACCTAGGAGTCT-1,visium,5767,4431,8.25088119506836,2231.0,0.3916448950767517
GACAACGGACTCAGCT-1,visium,9202,12460,9.0325288772583,3315.0,0.44205495715141296
GACAACGGCGATGTTA-1,visium,6093,7648,9.365034103393555,3850.0,0.9081562757492065
GACAACTTAACCAACC-1,visium,12129,12176,8.399535179138184,2603.0,0.22502250969409943
GACAACTTGATTGTGA-1,visium,569,12506,10.25699234008789,7323.0,5.438904285430908
GACAAGCCTCGTTAGT-1,visium,14319,18066,9.485773086547852,5570.0,0.6909643411636353
GACAAGCTGAATCTGG-1,visium,11204,12181,9.768755912780762,5953.0,2.305755853652954
GACAAGTGTTATAGGC-1,visium,18394,1681,9.33776569366455,5543.0,1.0741328001022339
GACAATCTATTAGATT-1,visium,7058,15154,9.442087173461914,4192.0,0.7694138288497925
GACAATGACAAGCTTA-1,visium,7691,18369,9.222763061523438,4230.0,0.40497827529907227
GACAATTGTATGCTTC-1,visium,6565,9523,8.980423927307129,3281.0,0.5412209033966064
GACAGCAACTCAGAAC-1,visium,1157,7138,10.339449882507324,7426.0,7.061562538146973
GACAGTCACTTCGCTC-1,visium,10426,10844,8.908424377441406,3517.0,0.6222102046012878
GACATCCTCAACCTCG-1,visium,1830,17864,10.110583305358887,6836.0,1.325149416923523
GACATCTGCGGTCTTG-1,visium,1624,7940,10.15591812133789,6995.0,6.499106407165527
GACCAATTGCGTCAGA-1,visium,10005,18625,10.266636848449707,7762.0,2.8933093547821045
GACCACATTCTTGAAT-1,visium,9357,12727,8.997518539428711,2871.0,0.3093293607234955
GACCACGGCGTACATA-1,visium,1321,9015,10.189643859863281,6862.0,7.162441253662109
GACCACTCCTGACGTT-1,visium,15232,15915,9.895203590393066,6970.0,1.5528889894485474
GACCACTTACGGACAT-1,visium,16930,16174,10.05663776397705,7126.0,1.9777767658233643
GACCACTTAGACAGGT-1,visium,14567,6798,10.084725379943848,6951.0,2.41938853263855
GACCGAAGACTGGCAG-1,visium,15478,4111,9.747126579284668,6617.0,2.215855836868286
GACCGAATCTAATACG-1,visium,10254,7358,9.895051956176758,6475.0,3.126418113708496
GACCGACAATAGGAAT-1,visium,699,7945,9.407632827758789,4990.0,1.609195351600647
GACCGAGGCAACGTTC-1,visium,17950,5171,9.510074615478516,5864.0,1.0152660608291626
GACCGGCCATGTACCG-1,visium,13827,12435,9.653678894042969,6263.0,1.6048272848129272
GACCGTATTAGACCGG-1,visium,4447,17045,8.45871639251709,2164.0,0.5302227139472961
GACCGTGAATGTAAGT-1,visium,18005,15364,9.811920166015625,6628.0,1.298701286315918
GACCTGCTGTACGAAG-1,visium,2407,10350,10.013641357421875,6251.0,8.54084587097168
GACCTGCTGTCGTGTA-1,visium,18100,4365,9.331938743591309,5453.0,2.1165425777435303
GACCTGTCGATTGCAG-1,visium,1839,19473,9.922260284423828,6872.0,1.7518892288208008
GACGAGAAGTTACAGA-1,visium,4526,2828,9.625822067260742,5865.0,2.8382837772369385
GACGAGCTGCACTCGT-1,visium,4571,11412,9.483187675476074,5762.0,2.0401949882507324
GACGAGTGCTGGAGAT-1,visium,2300,19203,9.830110549926758,6865.0,1.1246232986450195
GACGCAGCGTCAAGTT-1,visium,10876,8427,9.383621215820312,4724.0,1.0512151718139648
GACGCCTCGTCAGAGG-1,visium,2710,9275,9.856815338134766,6156.0,6.035521507263184
GACGCCTCTTGATTGT-1,visium,2439,16251,9.72148609161377,6069.0,3.731029748916626
GACGCTCAACTGAGTG-1,visium,17478,3296,10.08167552947998,7236.0,4.564853191375732
GACGCTCACCAACCGG-1,visium,15702,17254,9.752315521240234,6244.0,0.7386727333068848
GACGCTGTACAAGGCG-1,visium,11861,19689,9.97287368774414,7063.0,1.0776264667510986
GACGGCTTAGGTGCGA-1,visium,9686,16481,9.099297523498535,3118.0,0.5140813589096069
GACGGTACCTGGCCGT-1,visium,2718,10885,9.966508865356445,6247.0,5.863849639892578
GACGGTGGTTGATGTC-1,visium,7626,6030,9.235715866088867,4765.0,1.3845553398132324
GACGTACAGGAACGCT-1,visium,3476,8467,9.7653169631958,6218.0,3.915489912033081
GACGTACTGCGTGCGG-1,visium,984,3651,10.10634708404541,6917.0,2.3064048290252686
GACGTAGACTGCCGCA-1,visium,14695,1701,8.747034072875977,3710.0,0.90605628490448
GACGTCTTATCTCAGC-1,visium,17524,11879,7.239214897155762,1046.0,1.795976996421814
GACGTTCGGTCTTACC-1,visium,15620,1696,8.962648391723633,4256.0,0.8584240674972534
GACTACGAGTTCCATT-1,visium,10285,13259,9.666751861572266,4510.0,1.4255845546722412
GACTAGATTAGCTAAC-1,visium,7227,18104,9.459697723388672,4912.0,0.5845218300819397
GACTAGCTTCCTTGTA-1,visium,15000,1163,8.980298042297363,4354.0,0.9566969275474548
GACTAGGCAGACTTGG-1,visium,10630,20232,9.678717613220215,5960.0,0.45702123641967773
GACTAGTAATCTTGCT-1,visium,8124,12734,9.400217056274414,4988.0,1.9851115942001343
GACTCGGCTTGCGGAT-1,visium,16780,16980,9.616005897521973,5346.0,0.6932408809661865
GACTGAGGTGATTAAC-1,visium,17173,3834,9.795233726501465,6802.0,2.0894856452941895
GACTGCCATAGAATAC-1,visium,12599,13515,9.326521873474121,4899.0,2.181462049484253
GACTGCGGTCTGCGTG-1,visium,12763,15392,9.177507400512695,4765.0,0.8061182498931885
GACTTCATACCGCTGT-1,visium,4413,10608,9.966227531433105,6337.0,6.259979248046875
GACTTGAACGTCCGTA-1,visium,4554,8193,9.86042308807373,6129.0,6.7863850593566895
GACTTGAAGCCATAGC-1,visium,9920,2531,9.578588485717773,5568.0,1.5016261339187622
GACTTGACGATGCTGT-1,visium,18726,5972,9.719504356384277,6337.0,1.755018711090088
GACTTGCTTCTAGGAG-1,visium,13402,19680,9.90573501586914,6650.0,0.9030133485794067
GAGCAGACTAGTGGTA-1,visium,9145,1730,9.906682014465332,6656.0,3.738224506378174
GAGCATCTCCAGTCTG-1,visium,11611,1717,8.388222694396973,2091.0,0.5006827116012573
GAGCCAAGCGATCGTA-1,visium,4090,7927,9.733232498168945,5795.0,5.940241813659668
GAGCCAAGCGCCTCAC-1,visium,11094,20497,9.904437065124512,6699.0,0.35468077659606934
GAGCCAAGTTACTACA-1,visium,526,4459,9.814273834228516,5804.0,1.1261754035949707
GAGCCACTTATGCATT-1,visium,17105,20197,10.579463005065918,8373.0,3.4030213356018066
GAGCCAGCTTACGGTA-1,visium,12254,6542,9.540363311767578,5689.0,1.581709623336792
GAGCCAGGTGTCAGTT-1,visium,15105,21013,9.687505722045898,6202.0,0.359935462474823
GAGCCAGTATTGTCAA-1,visium,128,16532,8.945332527160645,3459.0,0.769130527973175
GAGCCTCACGTATGTA-1,visium,9521,14604,9.885170936584473,6105.0,3.3764514923095703
GAGCCTCCAGTACCGA-1,visium,3929,6587,9.365890502929688,5129.0,3.6123950481414795
GAGCGAATCGGTAGAA-1,visium,3793,10074,9.707472801208496,5851.0,5.3409576416015625
GAGCGATACTCCAGGC-1,visium,3833,17585,7.895435810089111,1499.0,0.29806259274482727
GAGCGGCAATGGAATA-1,visium,730,13846,9.470008850097656,5242.0,2.213822841644287
GAGCTAACCTACTTAC-1,visium,16610,14030,10.194588661193848,7490.0,4.368949890136719
GAGCTAAGGTTGCGTT-1,visium,3626,7661,9.795066833496094,5976.0,5.177217960357666
GAGCTACAAGATCAAG-1,visium,5024,9531,9.854297637939453,6047.0,7.705236911773682
GAGCTACAGCTCGGTA-1,visium,11671,12983,8.91838264465332,3347.0,0.5758671760559082
GAGCTTGATGGAAGCT-1,visium,14630,18601,9.659566879272461,6224.0,0.6573069095611572
GAGGAAGCCGATGTGA-1,visium,4214,2293,9.651687622070312,6040.0,2.9973628520965576
GAGGAAGGACAATGAA-1,visium,2978,1763,9.613268852233887,5996.0,1.8849008083343506
GAGGAAGGCAACGGCG-1,visium,5148,3898,8.110727310180664,1907.0,0.5106638669967651
GAGGACAGATCGCCTA-1,visium,2402,9277,9.846705436706543,6191.0,6.112728118896484
GAGGACGAGTCCTAGT-1,visium,3516,15977,8.53836727142334,2362.0,0.25460243225097656
GAGGATACCAGGTACG-1,visium,18137,11340,8.521782875061035,2549.0,0.6969335079193115
GAGGATCCAGAACTGG-1,visium,10288,13795,9.585071563720703,4538.0,1.0587830543518066
GAGGATGATAGGAAGG-1,visium,11063,14596,9.756436347961426,5878.0,1.1874420642852783
GAGGCCACAAGGTGCA-1,visium,5211,15700,8.807621955871582,2763.0,0.25433871150016785
GAGGCCACTTCTAGAT-1,visium,891,15187,9.333707809448242,4529.0,0.5038896799087524
GAGGCCAGCAGAGGTT-1,visium,6438,14621,9.89792251586914,6285.0,3.1928799152374268
GAGGCGCTCCATTCCT-1,visium,6599,15961,9.2112398147583,4679.0,0.529576301574707
GAGGTAACATTCGATC-1,visium,13383,15925,8.999495506286621,4114.0,0.4692516624927521
GAGGTAACTAGACAGT-1,visium,15541,15914,9.910463333129883,7033.0,1.3108893632888794
GAGGTAACTGCGAGAC-1,visium,5493,10870,9.881752967834473,6273.0,3.4237823486328125
GAGGTATTAATAGCGG-1,visium,9815,11920,8.718663215637207,2449.0,0.34341782331466675
GAGGTCACTGTAAGCT-1,visium,12568,7614,9.724839210510254,5976.0,3.1625516414642334
GAGGTCCAAGTAGCTA-1,visium,2532,4716,9.897418975830078,6313.0,3.964181661605835
GAGGTGAGATCATTGG-1,visium,3601,2833,9.25760555267334,4872.0,1.011160969734192
GAGGTGAGGATTCATT-1,visium,3454,4175,9.67996883392334,5748.0,2.7824673652648926
GAGGTGCATTCGGATC-1,visium,9657,11116,8.760139465332031,2937.0,0.15688735246658325
GAGGTGCCTCTTCGTG-1,visium,15164,3040,9.233763694763184,5121.0,0.9280969500541687
GAGGTGCGGCTGACCA-1,visium,8003,18904,9.376617431640625,4399.0,0.16090786457061768
GAGGTGGCTCGAGGTT-1,visium,16751,11615,7.595890045166016,1258.0,0.4524887204170227
GAGGTGTAGCAACTCA-1,visium,5819,14087,9.614471435546875,5055.0,1.4553709030151367
GAGGTTAGATCGAAGA-1,visium,-17,18410,8.513185501098633,3017.0,0.3816027343273163
GAGTAACGTGGCTTGA-1,visium,9937,5750,8.792701721191406,3071.0,0.7593014240264893
GAGTAGACGCAGGCTC-1,visium,4732,12752,8.719317436218262,2962.0,0.294165700674057
GAGTAGATACGTCAAC-1,visium,11858,19152,10.557660102844238,8557.0,3.2154924869537354
GAGTAGATTATGGTTC-1,visium,15535,14841,9.081710815429688,4027.0,0.5800727605819702
GAGTAGGATGGTAGTC-1,visium,10743,12452,9.620859146118164,4715.0,1.618573784828186
GAGTCACCGTCCTCCA-1,visium,16336,20470,10.924264907836914,9543.0,3.3726084232330322
GAGTCACGTCCTTAGA-1,visium,17809,7586,9.106534004211426,4233.0,0.7322756052017212
GAGTCCACGCCTGAAG-1,visium,13642,6803,9.998933792114258,6888.0,3.1906192302703857
GAGTCCACTCATAACA-1,visium,12737,10564,9.379914283752441,5084.0,2.1017980575561523
GAGTCCTCTAGCGACA-1,visium,4857,7118,9.80648136138916,6165.0,4.876033306121826
GAGTCTATTCCAGGAC-1,visium,1231,21086,8.831419944763184,3869.0,0.2775748670101166
GAGTCTCGAGATAGTC-1,visium,16126,10009,8.818925857543945,3589.0,0.5917159914970398
GAGTCTGACTATAGAA-1,visium,8758,15950,9.594650268554688,4833.0,1.1167858839035034
GAGTCTGGTGAATGAG-1,visium,10749,13525,9.9175386428833,5838.0,1.814416766166687
GAGTGCAGCGTCATCG-1,visium,5473,7115,9.259797096252441,4020.0,1.075575828552246
GAGTGCCGCATTAGGC-1,visium,9957,9505,9.862717628479004,6463.0,2.5260417461395264
GAGTGCGGATACAGTC-1,visium,6537,4158,9.164714813232422,3903.0,0.7013503313064575
GAGTGGAGCAAGCGCA-1,visium,13530,14583,10.241280555725098,7632.0,3.94136118888855
GAGTTAATCTCGTTAT-1,visium,11847,17006,8.803423881530762,3081.0,0.3305288553237915
GAGTTAATTCCACTGG-1,visium,9476,6021,9.0686616897583,3993.0,1.290619969367981
GAGTTACTCAATGGAA-1,visium,15368,12427,8.759040832519531,3591.0,0.8952410817146301
GAGTTAGCAGTAGATG-1,visium,16420,7325,8.646641731262207,3122.0,0.4217926263809204
GAGTTCTATCGTGCCT-1,visium,8282,13538,9.887154579162598,6118.0,3.6747143268585205
GAGTTGGTATTAATAG-1,visium,7539,18639,9.361429214477539,4819.0,0.14617368578910828
GATAAGCACGTGCGTA-1,visium,15993,14033,10.09559440612793,7032.0,3.2184858322143555
GATAATCAGCTATTGT-1,visium,3496,12222,9.874831199645996,6524.0,4.435525417327881
GATACCTCGCGACTGC-1,visium,7233,19177,8.696510314941406,3442.0,0.20063532888889313
GATACGACTGAACAGA-1,visium,203,1778,9.535390853881836,5123.0,2.4349710941314697
GATACTTCACTCAGCA-1,visium,8245,6564,9.753188133239746,6009.0,2.556950330734253
GATAGAGTCTGAATCG-1,visium,4862,8191,9.8089017868042,6069.0,5.391887664794922
GATAGAGTGATAAGCT-1,visium,3007,7128,9.84638786315918,6015.0,6.4376091957092285
GATAGATGTTGAAGAT-1,visium,10862,5745,9.459307670593262,5457.0,1.3020427227020264
GATAGCTAATGGATAG-1,visium,252,10898,9.756204605102539,5999.0,4.947856426239014
GATAGTGACACTCCAA-1,visium,7790,7907,9.935179710388184,6101.0,3.051882028579712
GATATCCATATGAGGC-1,visium,1615,6331,9.818909645080566,6579.0,4.048539161682129
GATATCTTGTGACACG-1,visium,3643,10880,9.290629386901855,4542.0,2.3350253105163574
GATATGCTCACGTTAC-1,visium,7926,4419,8.975883483886719,3936.0,0.6321911811828613
GATCACGGCGTCTGGA-1,visium,764,20284,10.325318336486816,8400.0,1.2100741863250732
GATCACGTGATAGTTC-1,visium,19094,17236,9.675331115722656,6010.0,0.8731704354286194
GATCACTTAACGGATT-1,visium,17238,16173,10.075716972351074,7107.0,1.6205068826675415
GATCCACCGCGTGCAA-1,visium,11965,10299,9.826120376586914,6138.0,3.079416513442993
GATCCACCTTACCTTG-1,visium,12480,20222,10.023667335510254,7574.0,1.5385979413986206
GATCCACGAGCGTGCC-1,visium,923,21088,9.167954444885254,4870.0,0.34432387351989746
GATCCATAGGATGTAA-1,visium,16941,18320,10.094686508178711,7525.0,1.065543293952942
GATCCGGACATACACC-1,visium,3974,15170,8.547722816467285,2911.0,0.21342647075653076
GATCGCGGAGTCTAAT-1,visium,16638,19395,10.62898063659668,8223.0,1.5297478437423706
GATCGGAGATACGCAG-1,visium,7968,12467,9.153135299682617,3754.0,0.9530869126319885
GATCGTAACATTAATA-1,visium,10002,18089,9.949368476867676,7016.0,2.072786331176758
GATCGTAAGAGTCGCA-1,visium,13844,15654,8.972336769104004,4119.0,1.3069406747817993
GATCGTCATGCGGAGG-1,visium,5306,4701,9.338205337524414,3885.0,0.8976502418518066
GATCGTGGCCACAACC-1,visium,7063,16227,9.452031135559082,5611.0,1.2173093557357788
GATCGTTGATGGATGC-1,visium,17838,12951,9.627734184265137,5321.0,1.844653844833374
GATCGTTGTATCTACT-1,visium,1745,1770,8.83724594116211,3791.0,0.9005083441734314
GATCTATGAAGATGCG-1,visium,7326,7642,9.510000228881836,4995.0,2.4605350494384766
GATCTTGTCATGATCT-1,visium,7465,4690,8.968778610229492,3677.0,0.6494333744049072
GATGACTCTGAATCTT-1,visium,7309,4423,9.064736366271973,3850.0,0.6941230893135071
GATGAGTGAACGGCTG-1,visium,6118,12476,10.084975242614746,6974.0,4.166145324707031
GATGCAACTCGCGTTG-1,visium,18169,17241,8.650849342346191,3549.0,0.665033221244812
GATGCCACATTATCAC-1,visium,8167,20781,7.315218448638916,1147.0,0.399467408657074
GATGCCAGACATAATG-1,visium,6764,17838,9.25951099395752,4880.0,0.6379129886627197
GATGCCATCTATAACC-1,visium,17266,21538,9.667068481445312,6328.0,0.46871039271354675
GATGCCGACAGATATT-1,visium,8311,18903,9.991040229797363,5956.0,0.3160932660102844
GATGCCTAGAGTCTGT-1,visium,9499,10312,8.6358642578125,2584.0,0.3020074665546417
GATGCGGTCCAGCTTA-1,visium,3900,1222,9.453207969665527,5295.0,0.8158142566680908
GATGGACCTGGACGGA-1,visium,7021,8180,9.865630149841309,6000.0,3.1886165142059326
GATGGACGGCAGATGA-1,visium,4548,7120,9.809561729431152,6107.0,4.619356155395508
GATGTAGCGAGGTCCA-1,visium,12884,9222,9.779793739318848,6275.0,3.299004316329956
GATGTAGGAGTTGGCC-1,visium,9513,12995,9.224834442138672,3147.0,0.42385411262512207
GATGTTCTATAGGATA-1,visium,12475,19149,9.809725761413574,6612.0,1.2301609516143799
GATTATGTGACATGAT-1,visium,866,10358,10.199621200561523,6784.0,7.188011169433594
GATTCCAAGTCCTGTA-1,visium,14078,1704,9.206934928894043,4994.0,0.7325639724731445
GATTCCATACTGAACC-1,visium,7505,12201,9.636914253234863,5688.0,3.322671413421631
GATTCCATTGAGTTGA-1,visium,12887,9758,9.870344161987305,6512.0,2.863492965698242
GATTCCGCTGCAAGAT-1,visium,9801,9238,9.903487205505371,6430.0,2.110105514526367
GATTCCGTCTAACGTT-1,visium,1751,2843,9.504724502563477,4786.0,1.0803159475326538
GATTCCGTGCGTATAC-1,visium,15521,12158,8.289790153503418,2623.0,0.5775991678237915
GATTCCTGCAGATCGT-1,visium,1468,7673,9.960009574890137,6512.0,6.4502410888671875
GATTCGCCATGTATCA-1,visium,1016,9553,10.182254791259766,7151.0,5.380453109741211
GATTGTCGCAACGAGG-1,visium,14132,11897,9.168684959411621,4758.0,0.6672922372817993
GCAACAGCCTGCTCTA-1,visium,2600,17592,9.388821601867676,4529.0,0.5019659996032715
GCAACAGCTCCTATGA-1,visium,7609,2812,9.170455932617188,4722.0,0.9887593984603882
GCAACAGGCCATTGAC-1,visium,5358,14358,9.898877143859863,6560.0,3.415883779525757
GCAACATACATCAGCA-1,visium,10916,15938,9.665166854858398,5872.0,0.9201675653457642
GCAACATCAGTCAAGT-1,visium,13858,18337,9.929739952087402,7112.0,1.0569382905960083
GCAACATGGTTCTTCA-1,visium,393,8483,10.103608131408691,7249.0,5.157593250274658
GCAAGAATGTTCCACC-1,visium,2880,12225,9.831615447998047,6316.0,4.760369777679443
GCAAGATAGGTTAACT-1,visium,9196,11387,9.22177505493164,4914.0,1.670951247215271
GCAAGCACTACCGCCA-1,visium,9383,17556,9.070273399353027,4487.0,0.6557754278182983
GCAAGCTTATTGACGT-1,visium,11086,18888,10.14944839477539,7656.0,2.0292460918426514
GCAATACATGAGGACA-1,visium,13688,15387,9.156095504760742,4809.0,0.4645760655403137
GCAATCAACTCCAGAT-1,visium,7759,2006,9.160414695739746,4763.0,0.8095037937164307
GCAATCCTCGAGCGTT-1,visium,2865,9543,9.858908653259277,5996.0,6.733936309814453
GCAATCGTGACTCCAA-1,visium,6698,5499,9.585758209228516,5834.0,2.6863622665405273
GCAATTAATCAACGTA-1,visium,15988,12961,9.207436561584473,4772.0,0.8324975371360779
GCAATTCCTATCATAC-1,visium,10095,6554,9.524713516235352,5487.0,1.5774482488632202
GCAATTCTGTGACAGA-1,visium,3623,7125,8.76060962677002,3285.0,1.3956406116485596
GCACAGCAGTCTGTAA-1,visium,16627,17249,9.533220291137695,5150.0,0.34033310413360596
GCACAGCTGTGGTTGA-1,visium,11798,7886,8.98205852508545,4154.0,1.2440311908721924
GCACAGGCTCTACCAT-1,visium,920,20551,10.299911499023438,8040.0,1.8197718858718872
GCACAGTCTTGATAGA-1,visium,17495,6515,9.057188987731934,4441.0,0.512880265712738
GCACATCGTCTGCGGA-1,visium,17872,19388,10.414003372192383,8520.0,1.803613305091858
GCACATGCCGGTCTGG-1,visium,9614,3069,9.275940895080566,4864.0,1.3393275737762451
GCACCGAAGATGTCTA-1,visium,11476,5205,9.227590560913086,4909.0,0.8355450630187988
GCACCTAGCCGAATCT-1,visium,5804,11405,9.5199556350708,5284.0,2.2894041538238525
GCACCTAGTAATTATC-1,visium,9770,3337,9.04864501953125,4256.0,0.9522689580917358
GCACCTTAATCGGATA-1,visium,8067,2004,9.087041854858398,4564.0,1.2444846630096436
GCACCTTACTGGCTAC-1,visium,11196,10572,8.657302856445312,2963.0,0.3825421631336212
GCACCTTAGCCTCGCA-1,visium,14918,14844,8.888481140136719,3313.0,0.3863667845726013
GCACGAGCAGTACCGA-1,visium,3211,16515,9.17988109588623,3615.0,0.2577585279941559
GCACGAGCTATTGTCG-1,visium,5915,3089,8.461257934570312,3007.0,0.44425642490386963
GCACGAGGTCACGGAC-1,visium,13461,1708,7.8240461349487305,1541.0,0.7603041529655457
GCACGCAACCATACCA-1,visium,2413,11423,9.520101547241211,5243.0,2.597212076187134
GCACGCATAGATTGCT-1,visium,6121,13013,9.988380432128906,6730.0,3.936429262161255
GCACGCATAGGCGATC-1,visium,11657,10301,9.82032299041748,6177.0,2.885399103164673
GCACGCTTCGTTGTTC-1,visium,8704,5756,8.874307632446289,2976.0,0.6717984676361084
GCACGGAAGGATAGTA-1,visium,3364,16246,8.717190742492676,2802.0,0.42581069469451904
GCACTACACTATTGCG-1,visium,5485,9261,10.014447212219238,6405.0,7.428622245788574
GCACTCCGACTGGCGT-1,visium,6067,2820,8.67470932006836,3339.0,0.5468215942382812
GCACTCTGTTGCCATA-1,visium,14576,8408,10.044466018676758,7123.0,2.4102139472961426
GCACTCTTGCTACCGA-1,visium,4840,3899,8.885302543640137,2944.0,0.4568106532096863
GCACTGAATATGACAG-1,visium,11179,7353,8.95376968383789,3517.0,0.36194413900375366
GCACTGCCTCGATGCG-1,visium,2580,13836,9.705219268798828,5864.0,3.1459577083587646
GCACTGGACGCAGCAC-1,visium,15221,13769,10.0372314453125,7439.0,3.013866424560547
GCACTGTTGCGGCCTT-1,visium,4727,11679,9.611597061157227,5756.0,5.135243892669678
GCAGACGCCTGGTTAT-1,visium,13645,7340,9.970959663391113,6815.0,3.5195138454437256
GCAGATACGTTGAACG-1,visium,3790,9538,9.751791954040527,5981.0,6.575884819030762
GCAGATAGTTGGAGAC-1,visium,606,19480,10.159988403320312,7728.0,1.1490695476531982
GCAGATCCTAATGTGG-1,visium,12432,11102,9.01639175415039,4176.0,1.2506070137023926
GCAGATCGGTAATTAT-1,visium,18446,11338,7.360104084014893,984.0,0.7638447284698486
GCAGCCGGATGCCGCA-1,visium,11852,18079,9.710691452026367,6171.0,0.9034683704376221
GCAGCGACAGTTCGGT-1,visium,3768,5246,9.60998821258545,5718.0,3.721834659576416
GCAGGCAGTGATCTAC-1,visium,2563,10617,10.060277938842773,6455.0,7.027442932128906
GCAGGCCATTCCTGCC-1,visium,10271,10577,8.642767906188965,2431.0,0.4057868719100952
GCAGGCTACCGTCCTT-1,visium,12602,14051,9.885527610778809,6880.0,3.711245536804199
GCAGGCTGGTTCCAAG-1,visium,7369,15689,9.3758544921875,4982.0,0.6186965107917786
GCAGGTCACTACCTCA-1,visium,14737,9748,9.914477348327637,6728.0,2.744807004928589
GCAGGTGCTGATGCTT-1,visium,5505,13016,9.071423530578613,3837.0,1.4709261655807495
GCAGTACTCAACGAAG-1,visium,17727,21267,9.893487930297852,7141.0,0.4595959484577179
GCAGTAGATGTCCAAT-1,visium,1649,12768,9.404425621032715,5307.0,0.8318919539451599
GCAGTTCGGCATTAGC-1,visium,16774,15907,9.778094291687012,6573.0,2.5507311820983887
GCAGTTGACAATAGAA-1,visium,4828,1753,9.83900260925293,6166.0,4.079999923706055
GCATAACCGAGGTGAT-1,visium,6557,7914,9.920738220214844,5927.0,2.4917678833007812
GCATACTAGCATCGAA-1,visium,7948,8711,9.816840171813965,5619.0,1.984840989112854
GCATGACGGATTATCA-1,visium,11501,10034,9.815530776977539,6150.0,2.964782953262329
GCATGCGTCCTATTAA-1,visium,19099,18309,9.570738792419434,6000.0,0.8090388774871826
GCATGCTGAGACAGGT-1,visium,6110,10867,9.576926231384277,5473.0,5.094614028930664
GCATGTCGAGTGTCTT-1,visium,14870,5724,8.774312973022461,3689.0,0.6032482981681824
GCATTACCTGTCAAGA-1,visium,11213,13791,9.32918930053711,3883.0,0.6127341985702515
GCATTGACTACAGCGA-1,visium,13515,11901,9.13259506225586,4622.0,0.7999135255813599
GCATTGGTTACCAAGC-1,visium,12760,14855,9.821246147155762,6637.0,3.170466899871826
GCCAACGAGCGGCATA-1,visium,17529,12952,9.459229469299316,5090.0,1.5594542026519775
GCCACGAAGGAATTCC-1,visium,702,8481,10.153468132019043,7203.0,4.034424781799316
GCCACGACCGTTAAGT-1,visium,3140,3104,8.74909782409668,3255.0,0.6027919054031372
GCCACGCCTTAGTACG-1,visium,1310,6869,10.197983741760254,6997.0,7.661651134490967
GCCACTATAGACCATA-1,visium,8444,14878,9.709296226501465,4589.0,0.9411621689796448
GCCACTCCGTCACCTC-1,visium,1194,14112,9.911952018737793,6514.0,3.0839407444000244
GCCAGACAGACGCCTA-1,visium,14155,16189,10.43099308013916,8345.0,3.3841795921325684
GCCAGACATCTATCAC-1,visium,11960,9226,9.667638778686523,5730.0,3.1145153045654297
GCCAGTAGACGATACC-1,visium,9965,11115,8.924921989440918,3427.0,0.43906331062316895
GCCAGTGCTCTACACT-1,visium,1075,20819,9.709478378295898,6320.0,0.41282176971435547
GCCAGTTCCTCGTGCC-1,visium,12262,8152,9.821843147277832,6309.0,3.141446352005005
GCCATTCTCGTGTAGA-1,visium,10775,18353,9.29458999633789,5108.0,2.9784886837005615
GCCATTGAGTGCTGCG-1,visium,11867,20762,9.974830627441406,6741.0,0.43765711784362793
GCCATTGCATGTTAAC-1,visium,5001,5240,9.626349449157715,5429.0,6.438843727111816
GCCATTGTAACTGATC-1,visium,13034,8416,8.949365615844727,4006.0,2.648662805557251
GCCATTGTAATGTCTT-1,visium,4288,16242,8.919854164123535,3239.0,0.387804239988327
GCCGAAGATGTATTGA-1,visium,17849,15097,9.202106475830078,4648.0,0.8369466066360474
GCCGAATCCACGACTC-1,visium,10220,920,8.611775398254395,3237.0,0.36396723985671997
GCCGAGTCCTCGTCCA-1,visium,11187,8962,9.95218276977539,6650.0,2.609896659851074
GCCGATACGGTATCAG-1,visium,139,18678,9.39299488067627,5358.0,0.6748313307762146
GCCGATCGAGTGAAGT-1,visium,8455,17024,8.552560806274414,3198.0,0.44410115480422974
GCCGATCTCGTGACTC-1,visium,10469,18891,10.36998462677002,7900.0,2.77856183052063
GCCGCACTTCGTCTAT-1,visium,11244,19692,10.224483489990234,7848.0,1.4835504293441772
GCCGCTAGATCACCTT-1,visium,18867,3557,9.96533489227295,7194.0,2.7826087474823
GCCGCTGATTGGCCAG-1,visium,10435,12453,9.46606731414795,5101.0,3.337721586227417
GCCGCTTCTAAGGTGA-1,visium,4136,16511,8.581856727600098,2710.0,0.3937745988368988
GCCGGCAATAGGCAGG-1,visium,9312,4144,9.210040092468262,4565.0,0.8303321003913879
GCCGGCGAACCATTGT-1,visium,5822,14624,10.120290756225586,6934.0,3.8404252529144287
GCCGGCGTAGGTGACG-1,visium,1836,18937,9.77911376953125,6327.0,0.9003397226333618
GCCGGCGTGAACTTGC-1,visium,7801,10053,9.743318557739258,6112.0,2.0482423305511475
GCCGGTATGCTCATGC-1,visium,10735,10842,9.087833404541016,3249.0,0.3504408895969391
GCCGTATGCCAGTCTT-1,visium,15835,13230,9.39532470703125,5336.0,0.8810572624206543
GCCGTATGCGTTATAG-1,visium,18927,14823,8.69366455078125,3495.0,0.9054325819015503
GCCTATAGCATACCTT-1,visium,4274,13559,9.089189529418945,3405.0,0.6321969032287598
GCCTCCAACAGTAGCC-1,visium,14327,19675,9.770012855529785,6453.0,0.5714285373687744
GCCTCCGTCTACCTCG-1,visium,860,9285,10.303001403808594,7332.0,5.673853874206543
GCCTCCGTGCTGTAAT-1,visium,18097,3829,10.051088333129883,7532.0,2.3813633918762207
GCCTCCTGCGGCCGTT-1,visium,10455,16209,9.303101539611816,4658.0,2.160240650177002
GCCTGGAACGTCTGCT-1,visium,12933,18342,9.759039878845215,6063.0,0.756831705570221
GCCTGGACAATGTATC-1,visium,18797,19384,10.580810546875,8640.0,3.7946712970733643
GCCTGGAGCAAGTTAG-1,visium,14002,16458,10.340516090393066,7936.0,2.0703463554382324
GCCTGGTAAGGCGACT-1,visium,13864,19410,10.136581420898438,7978.0,2.3882133960723877
GCCTGGTACATGGTCG-1,visium,8438,13805,9.895606994628906,6312.0,3.069247007369995
GCCTGGTCAGGTTGCC-1,visium,13049,11098,9.106423377990723,4527.0,1.1873058080673218
GCCTGTGAAGTCGGCG-1,visium,6545,5768,9.563810348510742,5298.0,1.2430648803710938
GCCTGTGACACCAGAA-1,visium,12616,16734,8.763114929199219,3604.0,0.531831681728363
GCCTGTGATAGATTGG-1,visium,8540,3880,9.119977951049805,4385.0,0.8210180401802063
GCCTTCGCTTATGTTC-1,visium,1491,11964,9.8507719039917,6519.0,4.390681266784668
GCCTTCTGATTCCGTC-1,visium,14873,6260,8.964056015014648,4276.0,1.1386898756027222
GCCTTCTGTCACGCTC-1,visium,6113,11403,9.368539810180664,4357.0,1.2806283235549927
GCCTTGAGATCTGAGC-1,visium,14455,14578,9.072227478027344,4439.0,0.48225975036621094
GCCTTGCCACTTCTGA-1,visium,8588,13000,9.644782066345215,5316.0,1.4637305736541748
GCCTTGCCTAGTCGAT-1,visium,2062,3377,9.834351539611816,6171.0,5.8779401779174805
GCCTTGGCGAACAATC-1,visium,9821,12993,9.372374534606934,4263.0,1.564892053604126
GCGAACAATAGAAGAC-1,visium,17006,1420,9.34294605255127,5435.0,0.8846457004547119
GCGAATAGTGGCTAAT-1,visium,14437,11359,9.359707832336426,4678.0,0.6718346476554871
GCGAATCGAGAACACG-1,visium,10729,9769,9.16157054901123,4134.0,1.0815919637680054
GCGAATGCAGTGTCAA-1,visium,14879,7333,10.055607795715332,7136.0,2.4608116149902344
GCGAATTGGCTAGCCA-1,visium,13790,5461,8.457655906677246,2899.0,0.5095541477203369
GCGACACTAAGCTAAG-1,visium,11357,11912,9.656563758850098,4628.0,0.7552967071533203
GCGACAGTGCCGCACC-1,visium,14743,10821,9.717398643493652,5412.0,1.4455218315124512
GCGACGTAGAGCGTTA-1,visium,8228,3345,8.435766220092773,2910.0,0.4991319477558136
GCGAGCGGACCATAAC-1,visium,9982,14334,9.646851539611816,4622.0,1.279731035232544
GCGAGCGGTTGTCATG-1,visium,16449,12690,8.91731071472168,4147.0,0.8043973445892334
GCGAGCTAACTCCTAG-1,visium,8070,2541,9.465447425842285,5445.0,2.1387059688568115
GCGAGGATCGACCTTA-1,visium,13365,12706,9.512073516845703,5671.0,2.1891870498657227
GCGAGTTGAACGTCGA-1,visium,17645,5709,8.902183532714844,4112.0,0.503606915473938
GCGATCTTGCTCACGC-1,visium,5813,13014,9.843153953552246,6315.0,3.032717227935791
GCGATGACCGTGTAAT-1,visium,13671,12168,9.129780769348145,4613.0,0.6504064798355103
GCGATGCCTCTAAGTC-1,visium,1381,20281,9.915959358215332,7229.0,1.066666603088379
GCGATGGAGCTACATT-1,visium,1756,3916,9.95958423614502,6629.0,3.663782835006714
GCGATGTACTGCTATT-1,visium,8081,4687,8.95518970489502,3858.0,0.8390344381332397
GCGATTCTAACAGTAA-1,visium,693,6872,10.241565704345703,7356.0,5.245328903198242
GCGGAGCCTGTAACAT-1,visium,6373,2282,9.481664657592773,5832.0,2.363525629043579
GCGGCAAGTGTTATGT-1,visium,8118,11661,9.856815338134766,6220.0,3.201131582260132
GCGGTCCATCACGGCA-1,visium,16491,20737,10.566948890686035,9188.0,2.2302918434143066
GCGGTCCGCTGTCTCA-1,visium,17555,17781,9.790095329284668,6534.0,0.8681042194366455
GCGGTCCTGTAGTCTG-1,visium,16443,11617,7.841886043548584,1299.0,0.31446540355682373
GCGGTCGGCGTACCTT-1,visium,744,16529,9.578795433044434,5672.0,1.8126471042633057
GCGGTCGTTGATCTTG-1,visium,13694,16460,7.820439338684082,1441.0,1.4859437942504883
GCGGTGAATCCTGTTA-1,visium,19261,19649,11.020970344543457,9520.0,3.2465410232543945
GCGGTGGCCGACGCAT-1,visium,8579,11390,9.732047080993652,5955.0,3.709639310836792
GCGGTTCTGTGGACGT-1,visium,1290,3113,9.944725036621094,6497.0,3.661052942276001
GCGGTTGCCTCGACGG-1,visium,1612,5794,10.041378021240234,6703.0,4.7830634117126465
GCGTAACGTTACAGGT-1,visium,2537,5789,9.816457748413086,5850.0,7.50600004196167
GCGTACCGGAACGACA-1,visium,1200,15185,9.093694686889648,3865.0,0.5282086133956909
GCGTACCGGATGGCTC-1,visium,7366,15152,9.477156639099121,4415.0,0.6892854571342468
GCGTACCGTGTATCAG-1,visium,11363,12985,9.585895538330078,5135.0,1.9166038036346436
GCGTACGAATCTAATC-1,visium,4574,11948,9.1779203414917,3700.0,0.6508264541625977
GCGTCCAGCAATTGGC-1,visium,1347,13843,9.689489364624023,6101.0,3.5364794731140137
GCGTCCTCTGCCGTTG-1,visium,14008,17531,9.196342468261719,4693.0,0.912778913974762
GCGTCGGAATGCTGCC-1,visium,11374,15131,9.332469940185547,5123.0,1.4869887828826904
GCGTCGGTCACGCCAG-1,visium,15826,11620,8.33519172668457,2270.0,0.5279577970504761
GCGTCGTAGGCTCATC-1,visium,18760,12409,7.701652526855469,1535.0,0.8141112327575684
GCGTCTCGCAACTCAT-1,visium,4744,14898,9.341193199157715,3875.0,0.44748619198799133
GCGTCTGGCCTGCAGC-1,visium,18336,19654,10.228899002075195,8038.0,1.711747407913208
GCGTGAACGTGACTCA-1,visium,15936,3304,9.361343383789062,5357.0,1.2812795639038086
GCGTTAATAGTCAGTA-1,visium,6695,4962,9.349058151245117,4727.0,1.140419602394104
GCGTTCGAGGCCACAA-1,visium,12777,18074,9.58080005645752,5675.0,0.7871297001838684
GCGTTCGATCTTGGCC-1,visium,15252,19671,10.210089683532715,8216.0,1.6743329763412476
GCGTTGTATCGGAGCT-1,visium,3937,8196,9.550591468811035,5281.0,5.515229225158691
GCTAACAGATTGGTAG-1,visium,11614,2254,6.674561500549316,543.0,0.5056890249252319
GCTAACCATAGGCGTT-1,visium,13648,7876,9.785548210144043,6365.0,1.8228874206542969
GCTAACGTCCATTCTG-1,visium,17322,3028,10.055521965026855,7313.0,4.445303440093994
GCTACATCTGTACTCA-1,visium,14084,2777,8.060855865478516,2216.0,1.0104199647903442
GCTACCATCCTGTAGA-1,visium,8602,15682,9.582731246948242,5424.0,2.5911378860473633
GCTACCTAGTCCGTTC-1,visium,8220,1735,9.193702697753906,4751.0,0.844010591506958
GCTACTTCTGACGCGA-1,visium,10257,7894,9.709417343139648,5863.0,2.1978023052215576
GCTAGTCGATAGGTGC-1,visium,18474,16703,9.524494171142578,5886.0,0.8108108043670654
GCTATGCGTGAACGGT-1,visium,6288,15426,9.27575397491455,4149.0,0.9274004697799683
GCTCAACCACGGCAAC-1,visium,12605,14588,10.1603364944458,7462.0,3.6239168643951416
GCTCATACAATTAGAC-1,visium,9668,13262,9.529666900634766,4424.0,1.315311312675476
GCTCATACCTCAGGCA-1,visium,18171,17777,9.636849403381348,6023.0,0.5092048645019531
GCTCATTGGTTCAACA-1,visium,4981,1484,9.765775680541992,5913.0,4.097325801849365
GCTCCGAGACTACATA-1,visium,14884,8406,9.954988479614258,6676.0,3.186739921569824
GCTCCTATGTCTTCGC-1,visium,2851,6860,9.748061180114746,5578.0,8.59813117980957
GCTCGATCGCAGCCAC-1,visium,831,3920,10.166313171386719,6958.0,1.2456268072128296
GCTCGATGCTCGCATG-1,visium,13077,16463,9.343209266662598,4769.0,0.29772329330444336
GCTCGCATCGTCATTA-1,visium,5776,6040,8.856233596801758,3026.0,0.513039767742157
GCTCGGAGATGAATGT-1,visium,9060,14875,10.266914367675781,7235.0,3.5460994243621826
GCTCGTCTGCCGCAAT-1,visium,874,11968,10.120210647583008,7189.0,5.129031181335449
GCTCTGACTCGACTTA-1,visium,18952,19651,10.36220932006836,8246.0,3.2648544311523438
GCTGAATGACCGTGAG-1,visium,13807,8680,10.065521240234375,6823.0,3.2784793376922607
GCTGACAGCCGGAGCG-1,visium,12755,13782,9.438272476196289,5323.0,3.0416433811187744
GCTGACTTGTCTCAAT-1,visium,5335,10066,9.866823196411133,6043.0,7.298096179962158
GCTGAGGACAAGAAGT-1,visium,8090,6296,9.195023536682129,3770.0,0.700721025466919
GCTGAGTGTTCAACCG-1,visium,2557,9545,9.982160568237305,6192.0,7.912737846374512
GCTGCCGCCTATGTAG-1,visium,12723,7881,9.947648048400879,6715.0,3.7651901245117188
GCTGCGCAATGGAAGC-1,visium,15158,1967,9.003438949584961,4380.0,0.7626076340675354
GCTGCGTTATGTGGAC-1,visium,3926,6050,9.698368072509766,5971.0,4.696132659912109
GCTGGATGACTCTACC-1,visium,12752,13246,9.833869934082031,6294.0,2.6803903579711914
GCTGTAGTGCTGTCGC-1,visium,11368,14058,9.132163047790527,3817.0,0.48664429783821106
GCTGTCGCGATGGTAG-1,visium,14242,3581,8.6290922164917,3304.0,0.7333213686943054
GCTGTCTAATTGGCAA-1,visium,17566,19927,10.660008430480957,8760.0,4.3551716804504395
GCTGTTATGGTTGCCG-1,visium,998,6334,10.26423454284668,7170.0,7.442395210266113
GCTGTTCAACCGAATA-1,visium,2384,6058,10.030693054199219,6386.0,7.700774669647217
GCTGTTCATCAGCGTC-1,visium,15017,4382,8.969033241271973,4412.0,0.4455760717391968
GCTGTTGATAGTCTTA-1,visium,12913,14586,10.196455955505371,7461.0,3.95046067237854
GCTTAATAGAGGCGAG-1,visium,580,14652,9.5767183303833,5622.0,5.470049858093262
GCTTACAGATGTGCAC-1,visium,17552,17244,8.63123607635498,3392.0,0.3391040563583374
GCTTAGACTACCAATG-1,visium,1762,4989,10.09249496459961,6919.0,2.802152395248413
GCTTCAATGTAACACC-1,visium,19025,4360,9.92431926727295,7284.0,2.365328073501587
GCTTCGATTGCGGTGC-1,visium,2514,1497,9.607571601867676,6025.0,1.9763376712799072
GCTTCGCTAAGCGACC-1,visium,18321,16972,9.245611190795898,5045.0,0.5599536299705505
GCTTCGCTCAAGCGAT-1,visium,3932,7123,8.983063697814941,3571.0,1.7825759649276733
GCTTCGGCATCAGAGT-1,visium,9637,7361,9.72639274597168,5963.0,2.4891064167022705
GCTTCTAAGTCTGACG-1,visium,15679,12962,9.088737487792969,4620.0,0.6550711393356323
GCTTCTAGCGTTCATT-1,visium,10899,12719,9.827794075012207,5816.0,2.480988025665283
GCTTCTCCAGAACCGC-1,visium,15654,8134,9.528575897216797,5833.0,1.6150152683258057
GCTTCTGAACCGCTAT-1,visium,1228,20550,9.646722793579102,5875.0,0.43309634923934937
GCTTCTGTATCGACGC-1,visium,1295,4186,9.84797477722168,6334.0,1.7601354122161865
GCTTCTGTTACGAGAA-1,visium,8248,7100,9.501142501831055,4624.0,1.0318528413772583
GCTTCTTGAATCGGTT-1,visium,2139,17862,9.483492851257324,4403.0,0.40334853529930115
GCTTCTTGGACGAGCG-1,visium,10758,15134,9.611395835876465,4876.0,0.9241277575492859
GCTTGACCTCCGCTTC-1,visium,15495,7330,9.611663818359375,6073.0,1.5063265562057495
GCTTGAGCTCTTGACA-1,visium,7225,17567,9.43035888671875,5311.0,0.7142857313156128
GCTTGCAATACAAGGC-1,visium,1768,6062,10.134678840637207,7031.0,6.186262607574463
GCTTGCCATAGTGGAT-1,visium,10919,16475,8.961750984191895,2893.0,0.3847140371799469
GCTTGCTCAGTGTCCG-1,visium,18728,6508,9.906283378601074,7006.0,2.8122663497924805
GCTTGCTTACTTAACG-1,visium,8135,14880,9.841133117675781,5391.0,1.8254389762878418
GCTTGGATCCAACCGG-1,visium,15996,14570,9.52149486541748,4550.0,0.7619605660438538
GCTTGGATGCTCGCTT-1,visium,10573,9502,8.903271675109863,3338.0,0.5710400938987732
GCTTGGCACTCCGTCT-1,visium,1281,1504,8.244071006774902,2321.0,0.683491051197052
GCTTGGCTGCGGTAAC-1,visium,14754,12967,10.028929710388184,6874.0,2.8581509590148926
GCTTGGTCAACCGTGG-1,visium,1332,11161,10.116863250732422,6811.0,5.23105525970459
GCTTGGTGTTCGAACA-1,visium,5929,5771,9.112175941467285,4307.0,0.6729920506477356
GGAACATCGTGGAATC-1,visium,6248,7915,9.314519882202148,3728.0,1.0813733339309692
GGAACGATAACATTAT-1,visium,591,16798,10.091584205627441,5424.0,0.4349987506866455
GGAACTTCGACATGTC-1,visium,6435,14084,9.796180725097656,5823.0,2.499443292617798
GGAAGAATAACTAACC-1,visium,11080,17815,9.26672077178955,4848.0,0.6616882681846619
GGAAGCAGTCATTCAG-1,visium,2223,4718,9.711297035217285,5987.0,2.8299598693847656
GGAAGCTATGGCACAG-1,visium,17541,15098,8.872627258300781,3745.0,0.6308705806732178
GGAAGCTGAGATAAGG-1,visium,10222,1456,8.702842712402344,3360.0,0.5814919471740723
GGAAGTCCTTGTCATC-1,visium,18245,2487,9.183791160583496,4843.0,1.7561876773834229
GGAAGTCTTGTCGCAT-1,visium,7776,5225,8.600798606872559,2699.0,0.40478381514549255
GGAATCCTTAGACTGT-1,visium,9038,10583,8.841592788696289,2633.0,0.4916847348213196
GGAATGCGCCGACAGG-1,visium,2053,1768,9.126523971557617,4766.0,1.131049394607544
GGAATGGCAACTTGGA-1,visium,12579,9760,9.496420860290527,5555.0,2.8547818660736084
GGAATGTCTTGTGCAC-1,visium,14633,19137,9.848873138427734,6965.0,1.0878748893737793
GGACAGGTCGCATAAT-1,visium,18573,6241,9.517751693725586,5785.0,1.2501838207244873
GGACAGTGCGGCAACA-1,visium,9063,15411,10.062284469604492,6742.0,3.4512181282043457
GGACCACTTATCGTTC-1,visium,15798,6255,8.754002571105957,3561.0,0.410418301820755
GGACCAGATAGGATGT-1,visium,3445,2565,9.546598434448242,5991.0,2.393540859222412
GGACCATCACCGCCAA-1,visium,4441,15972,8.883502006530762,2902.0,0.24961863458156586
GGACCGATCTGGATTA-1,visium,12593,12442,9.056022644042969,4081.0,0.8635779619216919
GGACCGCTTCCTGGCA-1,visium,8726,10048,9.526610374450684,5136.0,1.3047598600387573
GGACCGGCTAAGTAGA-1,visium,19258,19113,10.853193283081055,9796.0,3.2767224311828613
GGACGAGTCTGTTCAC-1,visium,17546,16171,9.873234748840332,6709.0,1.6183065176010132
GGACGGATCCATCTAA-1,visium,19181,4628,10.326628684997559,8252.0,3.1833364963531494
GGACGGCTATCGACCA-1,visium,10164,19429,10.048625946044922,7678.0,1.362280011177063
GGACGGCTGACTAGTT-1,visium,15722,21009,9.932851791381836,6988.0,0.5875212550163269
GGACGGTGCAGTAGGA-1,visium,11230,17009,9.20522689819336,3549.0,0.29151588678359985
GGACGTACATACCAGA-1,visium,6543,5231,9.746600151062012,6258.0,2.644047975540161
GGACGTACTTCGGACA-1,visium,2529,4180,9.949320793151855,6384.0,4.418015956878662
GGACGTAGCCGCGTAA-1,visium,17097,18588,10.089054107666016,7660.0,1.3373759984970093
GGACGTAGTGTAGAAG-1,visium,7997,17831,9.196646690368652,4686.0,0.6184730529785156
GGACGTCGAACGGCTT-1,visium,4249,8731,9.730264663696289,5808.0,6.142228603363037
GGACGTCGAGGATTCA-1,visium,16429,8934,7.889833927154541,1629.0,0.37467217445373535
GGACGTCGCACGAGAA-1,visium,14904,12162,8.86163330078125,3810.0,0.5244507193565369
GGACGTTACGTACATC-1,visium,9142,1194,9.633448600769043,5820.0,2.7839643955230713
GGACGTTAGATATTAC-1,visium,1641,11159,10.042075157165527,6644.0,5.480585098266602
GGACGTTGGAGGTGAT-1,visium,14599,12700,9.730323791503906,6229.0,1.9680123329162598
GGACTCACGGTCCAAT-1,visium,12158,17541,8.787678718566895,3478.0,0.4731380045413971
GGACTCGTTCCTCGGA-1,visium,17792,4367,9.615939140319824,6340.0,1.9398705959320068
GGACTCTGAACCTGAG-1,visium,8370,930,9.765546798706055,6368.0,2.3877854347229004
GGAGAAGCCAAGCGCT-1,visium,3638,9807,9.779680252075195,6022.0,7.311827659606934
GGAGATCCGTAGGATA-1,visium,15178,5722,8.842459678649902,3608.0,0.3756682574748993
GGAGATGCGTGCAGTA-1,visium,10240,4675,7.429521083831787,1220.0,0.35629454255104065
GGAGATGGCTCGAGAT-1,visium,5635,8455,9.906632423400879,6248.0,6.0612101554870605
GGAGATGTGCCATAAC-1,visium,447,18676,9.769899368286133,6513.0,1.1772774457931519
GGAGATTCACGACCAT-1,visium,18706,2216,8.995784759521484,4530.0,1.177491307258606
GGAGCACCAACTGATT-1,visium,18765,13482,10.245906829833984,7850.0,4.768160343170166
GGAGCGAATTGGACGG-1,visium,4899,15165,9.533727645874023,4899.0,0.8178330659866333
GGAGCGAGTGTAACTT-1,visium,12588,11369,8.99044132232666,3988.0,0.9096572995185852
GGAGCGGCACCTCGTA-1,visium,12438,12175,8.429672241210938,2285.0,0.2838428020477295
GGAGGCACATAGCGTA-1,visium,17798,5440,9.271059036254883,5050.0,0.6117647290229797
GGAGGTATTGGACACC-1,visium,17161,1688,9.553291320800781,6297.0,1.270404577255249
GGAGGTCGTAGGAGCT-1,visium,5952,10063,9.633252143859863,5380.0,3.5445194244384766
GGAGTCCAGATAGCTT-1,visium,12726,8418,9.819942474365234,6403.0,2.2178733348846436
GGAGTCTAAGGCCGCT-1,visium,10461,17282,9.065314292907715,4364.0,0.5781015157699585
GGAGTCTAAGTGGTCC-1,visium,16290,11886,8.451053619384766,2386.0,0.7480230927467346
GGAGTGTCCATGTATT-1,visium,11074,16742,8.5426664352417,2564.0,0.21450857818126678
GGATAAGTCAGGATAG-1,visium,3010,7664,9.615205764770508,5545.0,4.222815036773682
GGATAATTATGCTGGT-1,visium,1177,10893,10.09419059753418,6724.0,5.388206958770752
GGATAATTCAATGCTG-1,visium,9683,15945,9.887713432312012,6292.0,3.3983540534973145
GGATCGATACCTCCGG-1,visium,15317,2771,9.16649341583252,4734.0,0.9926854372024536
GGATCGCTGGCATATT-1,visium,7827,14882,9.817874908447266,4703.0,0.8824490904808044
GGATCGGACGTCTTGT-1,visium,14777,17259,9.527994155883789,5624.0,0.676954448223114
GGATCTTCTAAGCGAA-1,visium,15869,19667,10.696751594543457,8182.0,1.495103120803833
GGATGGATCACTCATA-1,visium,6562,8987,8.741456031799316,2907.0,0.7352941036224365
GGATTCCGACGTGATG-1,visium,3315,7126,9.413444519042969,5227.0,4.815933704376221
GGATTCGATGTCCGGA-1,visium,15484,5184,9.439386367797852,5596.0,1.2168933153152466
GGATTCGTGGTAATCA-1,visium,7295,1740,9.467924118041992,5560.0,1.8319549560546875
GGCAAGACAATCAGCT-1,visium,10090,5481,8.929699897766113,3835.0,0.5164194703102112
GGCAATGCGAACTTAA-1,visium,11386,17277,8.993303298950195,3395.0,0.31063616275787354
GGCACGACGGACGTCG-1,visium,10924,17548,9.201804161071777,4703.0,0.5245108008384705
GGCAGCATCGAGAACC-1,visium,18955,20187,10.127310752868652,7527.0,1.2152222394943237
GGCAGCCGGCACTTCC-1,visium,5208,15164,9.759212493896484,6226.0,2.235443592071533
GGCAGCGTATACGACT-1,visium,11343,9230,9.876270294189453,6222.0,3.5864763259887695
GGCAGGAAGTCTTCTA-1,visium,16307,15105,9.131946563720703,4367.0,1.135749101638794
GGCATAATCCTATCGC-1,visium,9369,14873,9.983684539794922,6546.0,3.682680368423462
GGCATAATCCTTCATG-1,visium,2382,5522,9.825364112854004,6149.0,5.7093424797058105
GGCATACATGGCTCAG-1,visium,5787,8186,9.831884384155273,6378.0,4.6462907791137695
GGCATACTATTGCACT-1,visium,8834,1196,9.852931022644043,6579.0,2.919055223464966
GGCATTCCGATGCTCG-1,visium,3165,7932,9.814383506774902,6019.0,4.843118190765381
GGCATTGCTAAGAATG-1,visium,8424,11123,9.817384719848633,6173.0,3.820371627807617
GGCCAAGATGGATGGC-1,visium,7530,17029,9.227688789367676,4833.0,0.7076862454414368
GGCCAATAACGCTACA-1,visium,17037,7322,8.937744140625,3735.0,0.3940627872943878
GGCCAGTAGGTATGAG-1,visium,4908,16775,8.926251411437988,3738.0,0.5447781085968018
GGCCGCCAACTATTGC-1,visium,8695,4147,9.376702308654785,4822.0,0.779066801071167
GGCCGGCGGTCTGTTA-1,visium,3751,2027,9.335826873779297,5165.0,1.570218801498413
GGCCGGCTTCGTCAAC-1,visium,12325,19954,9.891617774963379,7223.0,1.2245104312896729
GGCCGTCCAGTAGGAC-1,visium,9006,4682,8.913415908813477,3978.0,0.8748317956924438
GGCCTGCGTTATGCCG-1,visium,7632,7103,9.422625541687012,3947.0,0.9867357015609741
GGCCTTCGACCAGGTA-1,visium,11971,11372,8.770594596862793,2918.0,0.3105107843875885
GGCCTTGGATGTTGTC-1,visium,5618,5236,9.44153118133545,4893.0,2.0317459106445312
GGCGACCATAGCGTTA-1,visium,14271,8946,9.935615539550781,6545.0,2.9876041412353516
GGCGACCTATCTGGCG-1,visium,1454,4990,10.086725234985352,6741.0,3.9881770610809326
GGCGACTTCTTGATGT-1,visium,17498,7051,8.763427734375,3417.0,0.34401875734329224
GGCGAGGCAGCCTACT-1,visium,16754,12152,8.344742774963379,2535.0,0.9270263910293579
GGCGATCGGTCTGCTC-1,visium,424,14384,9.061260223388672,3659.0,1.3930810689926147
GGCGCAGGTCGCGTCT-1,visium,18013,16973,9.17294979095459,4858.0,0.40490031242370605
GGCGCCAAGGAGCGCT-1,visium,2272,13838,9.242517471313477,4463.0,1.249273657798767
GGCGCCACCGGAGCAA-1,visium,12109,8421,9.101752281188965,4241.0,1.549609899520874
GGCGCCACTCTGCGTT-1,visium,19077,14017,10.330681800842285,8038.0,3.242220640182495
GGCGCCACTGAACATC-1,visium,12902,12440,9.189627647399902,4727.0,1.3375535011291504
GGCGCCGTCGGACATA-1,visium,13640,6267,9.769613265991211,6381.0,2.7268049716949463
GGCGCCTTGGCCTAAG-1,visium,19045,8116,8.519590377807617,2476.0,0.478946328163147
GGCGCTAATATGCTCC-1,visium,5476,7651,9.915020942687988,6442.0,5.743660926818848
GGCGCTTCACCAGCGA-1,visium,14486,20479,10.332050323486328,8137.0,1.0912052392959595
GGCGGAAGTCTTGTAG-1,visium,8582,11927,9.60898208618164,5760.0,3.3228166103363037
GGCGGAGCACTGATAA-1,visium,9977,13261,9.451873779296875,4829.0,2.2072105407714844
GGCGGAGTTGAACTAT-1,visium,4747,15434,9.168267250061035,3588.0,0.271200567483902
GGCGGATACAACGCAC-1,visium,11012,4939,8.498621940612793,2931.0,0.36682289838790894
GGCGGATATTGATTGA-1,visium,2269,13302,9.8790922164917,6602.0,3.0844905376434326
GGCGTCGCCGTATGAT-1,visium,13337,7341,9.727764129638672,6041.0,3.963996171951294
GGCGTCGGTAGTGATA-1,visium,8701,5220,7.610357761383057,1392.0,0.7433102130889893
GGCGTGAACTCAACGG-1,visium,12786,19684,9.949225425720215,6881.0,0.9792214035987854
GGCGTGGACCTTAGAT-1,visium,14392,2776,9.137877464294434,4700.0,0.9032257795333862
GGCGTGGCACGGCACT-1,visium,11516,12716,9.500245094299316,3550.0,0.39664721488952637
GGCGTGTAATTACTTA-1,visium,8735,11658,9.736074447631836,5842.0,3.3282101154327393
GGCTAATGTCTAGCGT-1,visium,16322,17787,9.570808410644531,5529.0,0.41146525740623474
GGCTCAATCAACATGA-1,visium,10721,8160,9.855242729187012,6430.0,0.9602770209312439
GGCTCGATTAAGGCGG-1,visium,16236,1693,8.938925743103027,4252.0,0.9839937090873718
GGCTGACGCCGAATCA-1,visium,12126,11640,8.846353530883789,2889.0,0.14392630755901337
GGCTGCTAACTTCGCT-1,visium,15786,4109,10.120975494384766,7347.0,3.3429882526397705
GGCTGCTCCATAGCTG-1,visium,16711,4105,9.386560440063477,5420.0,1.341606616973877
GGCTGTGGAATAGCGT-1,visium,17419,21269,9.410338401794434,5417.0,0.35208383202552795
GGCTGTTCAATGTCAA-1,visium,2252,10083,10.056809425354004,6431.0,7.982670307159424
GGCTTGCCATAGGCTC-1,visium,11535,16471,8.025189399719238,1977.0,0.22905759513378143
GGTAACTCAACACTCC-1,visium,14483,19943,9.863655090332031,6992.0,0.6556353569030762
GGTAAGGCGACGATGA-1,visium,9654,10580,8.473031997680664,2367.0,0.48086974024772644
GGTACCACCTATACCT-1,visium,894,15723,9.4268217086792,4938.0,1.5705540180206299
GGTACCAGGTAGTGTT-1,visium,11377,15667,9.564863204956055,5840.0,1.6626911163330078
GGTACGAAGAACTCGA-1,visium,17642,5173,9.595942497253418,6038.0,1.4009792804718018
GGTACGATCGACTTAA-1,visium,13060,13244,9.838628768920898,6498.0,3.2812249660491943
GGTACGCTTACCTGCG-1,visium,7072,17836,9.23298168182373,4851.0,0.6941728591918945
GGTACGGAGCATCAGC-1,visium,8144,16489,8.307952880859375,2605.0,0.24660912156105042
GGTACGGTATGCTCCA-1,visium,9784,6019,8.887238502502441,3751.0,1.6302846670150757
GGTACGTGCCTTATCC-1,visium,18711,3289,10.060961723327637,7458.0,4.314395427703857
GGTACGTGCTCGGCAA-1,visium,1349,14379,9.570808410644531,5661.0,2.92907452583313
GGTACTGTGATCTTCC-1,visium,9470,4948,8.512984275817871,2613.0,0.6830052137374878
GGTAGCCAAGGTACTT-1,visium,136,18141,9.369904518127441,5022.0,0.9122687578201294
GGTAGCCATCAATCCG-1,visium,10910,14865,9.829626083374023,5991.0,1.3889636993408203
GGTAGCGTACATCTGT-1,visium,10692,2795,9.275472640991211,4639.0,0.6652923822402954
GGTAGCTTAGCCAATC-1,visium,6715,8718,9.528721809387207,5357.0,1.2219959497451782
GGTAGGCCACATGCAA-1,visium,758,19211,10.362936019897461,8174.0,2.934023857116699
GGTAGGTCTGGCTAAC-1,visium,17656,7855,8.342840194702148,2518.0,0.42867347598075867
GGTAGTACAGGTTAGA-1,visium,1626,8476,10.104753494262695,6771.0,5.834491729736328
GGTAGTACCGCAACAG-1,visium,5041,12750,8.999495506286621,3489.0,0.45690295100212097
GGTAGTTGAAGTCCAT-1,visium,444,18140,9.702349662780762,5550.0,0.8009783029556274
GGTATGCAACAGTGGC-1,visium,7473,6299,9.494767189025879,4785.0,1.286778450012207
GGTCACCGCATAACAA-1,visium,4585,14094,9.121071815490723,3725.0,0.579551637172699
GGTCATGCTCTGCCAA-1,visium,10625,19159,10.668606758117676,8483.0,2.6893727779388428
GGTCCGGACGAGTGAA-1,visium,14941,19136,10.111435890197754,7939.0,2.396230936050415
GGTCCTGCGAGTAGGT-1,visium,7516,14347,10.091625213623047,6584.0,2.237043619155884
GGTCTGAAGGTTCGAA-1,visium,15235,16452,9.94731330871582,6990.0,1.928691029548645
GGTCTGAAGTATGTCA-1,visium,13818,10826,9.974924087524414,6723.0,3.5242085456848145
GGTCTGCGAACTGTAT-1,visium,13974,11093,9.897469520568848,6572.0,3.3251171112060547
GGTCTGGTTGTAGAAC-1,visium,17215,11881,7.431299686431885,1208.0,0.6520450711250305
GGTCTGTTCACTAATC-1,visium,8319,20512,6.03787088394165,374.0,0.23923444747924805
GGTCTTATAGGCTGGC-1,visium,13824,11899,9.009936332702637,4270.0,0.6110228300094604
GGTCTTCCGCACATCC-1,visium,5966,12745,9.991498947143555,6698.0,3.9882779121398926
GGTCTTCCGGCTGGAC-1,visium,3047,14639,9.11822509765625,3637.0,0.570237934589386
GGTCTTGAACCGGCCA-1,visium,8885,10852,9.097395896911621,4151.0,0.7725898623466492
GGTCTTGATAACGTCA-1,visium,17385,14831,8.8378267288208,3891.0,0.5516040325164795
GGTCTTGATTCAACCT-1,visium,3137,2567,9.44841194152832,5561.0,2.2779221534729004
GGTGATGGTACAATGG-1,visium,1898,1501,9.748470306396484,6586.0,2.9660768508911133
GGTGCAACCATGAGGA-1,visium,3131,1494,9.258654594421387,5087.0,3.2971222400665283
GGTGCAATCAGACTTC-1,visium,16748,11079,7.654917240142822,1337.0,0.2369668334722519
GGTGCACTCCGGTTCG-1,visium,3986,17316,8.177515983581543,1943.0,0.44956448674201965
GGTGCAGGCACCGCGT-1,visium,14435,10823,9.954940795898438,6757.0,3.462360382080078
GGTGCAGTGGTCTTAT-1,visium,14466,16724,10.019536018371582,6925.0,1.0195903778076172
GGTGCAGTTCCATATG-1,visium,3465,6321,9.375515937805176,5091.0,1.4158540964126587
GGTGCATGATACGGAT-1,visium,1134,2846,9.462576866149902,4460.0,1.1190550327301025
GGTGGCTTATTGCGTG-1,visium,11334,7620,9.377633094787598,3898.0,0.3553299605846405
GGTGTATGTTCCGATC-1,visium,14019,19677,9.979615211486816,7437.0,1.0981881618499756
GGTGTCAAGCTGCACC-1,visium,5909,2016,9.612466812133789,5966.0,2.5888020992279053
GGTGTCACCAGCGAAC-1,visium,7372,16225,9.094817161560059,4452.0,0.9317467212677002
GGTTACCAAGGAATCT-1,visium,18417,5973,9.557964324951172,5923.0,1.3139305114746094
GGTTACGGACGATTAA-1,visium,2133,16789,9.58397102355957,5343.0,1.920297384262085
GGTTAGACTCACTAGC-1,visium,4557,8729,9.932851791381836,6216.0,6.399611473083496
GGTTAGACTCGGAGGT-1,visium,15382,15110,8.8004150390625,3338.0,0.5877034068107605
GGTTAGATGCCGTTGC-1,visium,14477,18870,9.64277172088623,6025.0,0.7463170886039734
GGTTAGCTTCATGAGT-1,visium,2235,6864,9.71190357208252,5887.0,7.969961166381836
GGTTAGTATGAGTGTC-1,visium,14579,8944,9.85623836517334,6414.0,2.5791571140289307
GGTTAGTCGGCAGCGA-1,visium,12166,19150,10.382513046264648,8139.0,3.2859489917755127
GGTTAGTGCTCCTACT-1,visium,16486,19664,10.67929744720459,8410.0,1.4546793699264526
GGTTCAAGGCGTGCGT-1,visium,679,4190,10.137768745422363,7379.0,2.492187261581421
GGTTCAAGGTTAAGCC-1,visium,10008,19162,10.368949890136719,8380.0,1.8239468336105347
GGTTCACCGACTCACG-1,visium,6724,10327,9.126741409301758,3375.0,0.4675437808036804
GGTTCATTCCGGCCTC-1,visium,13965,9484,9.892477035522461,6178.0,1.612740159034729
GGTTCTATACCGCTTG-1,visium,4133,15974,8.893298149108887,3149.0,0.28838232159614563
GGTTCTCCTATCAGTT-1,visium,2416,11960,9.918228149414062,6489.0,5.503547668457031
GGTTCTCGCTCACGCC-1,visium,18567,5168,9.625689506530762,6246.0,2.112490177154541
GGTTCTCGTGATGTGA-1,visium,15230,15379,9.134969711303711,4509.0,0.3666558861732483
GGTTCTGGAGTCTACC-1,visium,9066,15948,9.895254135131836,6017.0,2.2535922527313232
GGTTGCGATTGAACAG-1,visium,10161,18893,10.468033790588379,8129.0,2.9398386478424072
GTAACACCGAGCGTTA-1,visium,11184,8426,9.44153118133545,5313.0,2.047619104385376
GTAACACTGTACCACG-1,visium,17875,19925,10.422876358032227,8578.0,2.653261423110962
GTAACATACACCTGTT-1,visium,12899,11904,9.321166038513184,5160.0,0.59976726770401
GTAACCACAAGGCTGA-1,visium,6211,941,9.815311431884766,6522.0,2.938124656677246
GTAACCTAGCGTCACG-1,visium,9697,18627,10.098931312561035,7356.0,2.2701101303100586
GTAACGGCAGCCTACA-1,visium,1287,2577,9.697876930236816,5357.0,1.302051305770874
GTAAGTTGCGGAGCGT-1,visium,8565,8708,9.565634727478027,5365.0,2.544689655303955
GTAAGTTGCTGGTGGA-1,visium,4280,14632,8.74560260772705,3020.0,0.4297994077205658
GTAATAGTCCTAAGCC-1,visium,382,6337,10.295732498168945,7452.0,6.563080787658691
GTAATCACGCACAGCT-1,visium,10302,16478,9.194414138793945,3304.0,0.47759371995925903
GTAATCAGGCGGACGG-1,visium,2885,13298,9.897369384765625,6439.0,4.1052470207214355
GTAATCTTGTCTAGTT-1,visium,5632,7919,9.869775772094727,6516.0,4.597641468048096
GTAATGACGGTCTACG-1,visium,17362,10539,7.250635623931885,1077.0,1.2784091234207153
GTAATGATCACGTAAG-1,visium,8155,18635,10.024199485778809,6224.0,0.23487702012062073
GTACAACTCGGCAGAA-1,visium,12446,13784,9.670735359191895,5835.0,5.187428951263428
GTACAGAACAGGACTC-1,visium,13227,15658,8.95273494720459,3829.0,0.2846790850162506
GTACAGAACCGATTAT-1,visium,13394,18071,9.585071563720703,5810.0,0.756273627281189
GTACAGAACGCAGCGT-1,visium,16864,3835,9.462187767028809,5730.0,2.0290756225585938
GTACAGATGACATCGC-1,visium,5949,9527,9.82487678527832,6244.0,5.057608127593994
GTACAGCCGTTACAGA-1,visium,3511,14904,8.832003593444824,3096.0,0.49642282724380493
GTACAGCTGAGCCGGA-1,visium,3456,4711,9.703206062316895,5699.0,5.858634948730469
GTACAGCTGTTGTCCT-1,visium,1906,3110,9.838095664978027,6221.0,4.772326946258545
GTACAGGAACGAATGG-1,visium,4076,5245,9.672689437866211,5757.0,5.259180068969727
GTACAGTATCGGAATT-1,visium,8718,8439,9.275003433227539,3421.0,0.5906065702438354
GTACATAAGCTACGCC-1,visium,16112,7327,7.654443264007568,1545.0,0.9483166933059692
GTACCTACAATACGAA-1,visium,10070,1726,9.257891654968262,4458.0,0.7724584937095642
GTACCTCCTGATTCTT-1,visium,13558,19948,9.860371589660645,6607.0,0.5951448678970337
GTACCTGAAGTGAATG-1,visium,9818,12457,9.329545021057129,3318.0,0.7190412878990173
GTACCTTCATGTGCAA-1,visium,8305,17830,8.926650047302246,3993.0,0.6242529153823853
GTACGAAGATTATCCG-1,visium,4851,6045,9.720405578613281,5905.0,4.329550266265869
GTACGAATTACATAAT-1,visium,1364,17062,9.645946502685547,4880.0,0.9380255937576294
GTACGAATTCTACCAA-1,visium,6908,15959,9.059749603271484,3968.0,0.5813277363777161
GTACGACAGCTCCGGA-1,visium,6064,2283,9.041448593139648,4478.0,1.3617525100708008
GTACGAGGTAGTGCAC-1,visium,2119,14107,9.264165878295898,4750.0,2.6630022525787354
GTACGATTAGTCTACA-1,visium,13346,8951,10.125750541687012,7003.0,3.066821336746216
GTACGATTGCGATGGC-1,visium,1384,20817,9.52850341796875,5923.0,1.0258276462554932
GTACGCACTCAATTGC-1,visium,18780,16165,10.07668399810791,7608.0,2.4347167015075684
GTACGCCATAGATGGT-1,visium,10531,1455,8.98519515991211,4036.0,0.5636978149414062
GTACGCCTCGCTTCCA-1,visium,2399,8741,9.937405586242676,6384.0,5.534341812133789
GTACGCTCGCCAACAT-1,visium,1318,8478,10.185465812683105,7152.0,5.502753257751465
GTACGCTTGATACCAC-1,visium,1315,7942,9.514805793762207,5150.0,1.8808083534240723
GTACTACCGTTAGGTG-1,visium,7994,17295,9.288134574890137,4878.0,0.6291635632514954
GTACTGCATAAGGTTA-1,visium,2574,12763,9.911555290222168,6490.0,3.5514111518859863
GTACTTAACTTCAGCG-1,visium,11069,15669,9.748936653137207,6388.0,1.505690097808838
GTACTTACTTCATACC-1,visium,15976,10815,8.916640281677246,3228.0,0.4829621911048889
GTACTTCTGATCCTCG-1,visium,6913,17032,9.402447700500488,5277.0,0.8005281686782837
GTAGAAGGACATCATA-1,visium,13513,11364,9.51340389251709,5697.0,2.082871675491333
GTAGAAGTAAGCTGCG-1,visium,3652,12489,9.791549682617188,6280.0,4.887869834899902
GTAGAATCGCACATCG-1,visium,750,17602,10.17918586730957,7338.0,2.3341429233551025
GTAGACCAACTCCAAT-1,visium,18191,21533,10.509387016296387,9008.0,0.9575251340866089
GTAGACCTGTCAACCA-1,visium,4741,14361,9.303101539611816,3651.0,0.43751710653305054
GTAGACGTGCATGTGC-1,visium,976,2042,9.190953254699707,4209.0,1.468338966369629
GTAGCAACGACCGTGG-1,visium,8410,8440,9.943717002868652,6443.0,3.1364071369171143
GTAGCACGAGCTCAAG-1,visium,258,11971,9.970538139343262,6743.0,4.6806321144104
GTAGCAGAACATGGTG-1,visium,2868,10079,9.948125839233398,6202.0,8.703137397766113
GTAGCAGAGCAATAGC-1,visium,8851,4414,9.47638988494873,5135.0,1.1190311908721924
GTAGCATAGTTACAGG-1,visium,16616,15103,8.930758476257324,3657.0,0.5820105671882629
GTAGCATCGAAGGTCT-1,visium,5917,3625,8.789660453796387,3808.0,0.5178979635238647
GTAGCCAGCTTAATTG-1,visium,18239,1414,9.26870346069336,5255.0,0.990566074848175
GTAGCCAGTGCGGTTG-1,visium,14921,15380,9.780641555786133,6339.0,1.9053542613983154
GTAGCCGCACTCCATC-1,visium,13173,5465,8.744328498840332,3635.0,0.9722664952278137
GTAGCGCCTGAACTCA-1,visium,8152,18099,9.25760555267334,4187.0,0.4674234390258789
GTAGCGCTCATCAGGT-1,visium,5188,11408,9.981651306152344,6656.0,5.729479789733887
GTAGCGTGTAGCATGT-1,visium,12172,20223,9.4288330078125,5409.0,0.610883355140686
GTAGGAGCAACAGGCA-1,visium,1168,9284,10.187801361083984,7056.0,6.012944221496582
GTAGTCCAGCGGACAT-1,visium,13795,6534,9.958354949951172,6662.0,2.9015004634857178
GTAGTCCGTGTACTAA-1,visium,843,6066,10.189605712890625,7238.0,6.186147689819336
GTAGTTGTTCATGTAG-1,visium,17034,6785,9.092120170593262,4353.0,0.7203962206840515
GTATAACTTGTTGCGA-1,visium,17094,18051,10.218809127807617,8138.0,2.0355305671691895
GTATAAGGCGTCTTCA-1,visium,2681,3911,9.810220718383789,6012.0,4.868811130523682
GTATACATAAGGACTA-1,visium,512,1776,9.775824546813965,6198.0,2.959890842437744
GTATACATAGGTTGCC-1,visium,1457,5527,10.054447174072266,6787.0,6.376300811767578
GTATACATTGGCTCAG-1,visium,9162,4949,8.583916664123535,2597.0,0.580089807510376
GTATACGATACCTTGT-1,visium,16726,6787,9.082620620727539,4328.0,0.4431818127632141
GTATACGGTACACGCA-1,visium,9170,6559,9.893235206604004,6581.0,2.758272409439087
GTATACGGTTAAGATA-1,visium,16242,2766,9.15175724029541,4704.0,0.9968186616897583
GTATCTACAGATCTCC-1,visium,12418,8419,9.495970726013184,5535.0,3.5325064659118652
GTATCTAGCTACCAGC-1,visium,5790,8723,9.846705436706543,6085.0,6.409102439880371
GTATCTATGAAGATGT-1,visium,529,4995,10.437668800354004,7741.0,2.813599109649658
GTATCTCAGCCTTGGT-1,visium,18768,14019,10.31952953338623,7921.0,3.4533939361572266
GTATCTGTCAACGGTG-1,visium,11507,11107,8.705496788024902,3071.0,0.33140018582344055
GTATCTGTGGCGTCTA-1,visium,7764,3079,8.947675704956055,4069.0,0.7413187623023987
GTATCTGTGGTCCAGC-1,visium,14231,1435,8.953251838684082,4270.0,0.7242627739906311
GTATGACATAAGACGG-1,visium,14463,16188,9.789142608642578,6812.0,2.5955824851989746
GTATGATAGTATGGAT-1,visium,8761,16486,8.047189712524414,1636.0,0.35211268067359924
GTATGATCACTTGACG-1,visium,15694,15645,10.006585121154785,7207.0,2.3995308876037598
GTATGCCTATCTTGCG-1,visium,15176,5186,9.037177085876465,4444.0,0.4518967568874359
GTATGCCTTACTCCAC-1,visium,15323,3844,9.447859764099121,5989.0,1.0410094261169434
GTATGCTTGCGACTAA-1,visium,10769,17280,9.095266342163086,4348.0,0.4712747037410736
GTATGGTGCCGGCAGG-1,visium,19082,15090,8.923324584960938,4139.0,0.9195095896720886
GTATGGTGGAGCGGCC-1,visium,3301,4444,9.762845039367676,5941.0,4.391366958618164
GTATGTAGCAGGCATA-1,visium,4752,16507,8.867427825927734,3377.0,0.450958251953125
GTATGTAGCTCACCTT-1,visium,10718,7624,9.87452220916748,6645.0,1.7449041604995728
GTATGTAGGCTTAAGA-1,visium,15875,20740,10.257800102233887,8259.0,1.641932487487793
GTATGTGCAAGCCGGA-1,visium,7640,8713,9.845541000366211,6080.0,2.6704816818237305
GTATGTTAGTTCTACC-1,visium,9055,13802,9.500694274902344,3344.0,0.32166367769241333
GTATTAATGGTTGTGG-1,visium,15411,20474,10.039460182189941,7098.0,0.7026885747909546
GTATTACGAGTCAATC-1,visium,3366,16783,8.88834285736084,3102.0,0.5106265544891357
GTATTACGGCCATTAT-1,visium,3830,17049,7.853216648101807,1586.0,0.3109211027622223
GTATTACGGTATTGAG-1,visium,4860,7655,9.91911506652832,6195.0,6.862262725830078
GTATTAGATTGAGGTC-1,visium,16927,15638,9.555418014526367,5690.0,0.6090651750564575
GTATTAGGTTATCTGC-1,visium,863,9822,10.167619705200195,6905.0,6.4388556480407715
GTATTATGAGTTAGCG-1,visium,13668,11632,9.271435737609863,5006.0,1.100762128829956
GTATTCCAAGTTACCT-1,visium,11682,15129,9.877245903015137,5706.0,0.9855756759643555
GTATTCCGCTCGGATG-1,visium,8384,3612,8.865593910217285,3752.0,0.5788508057594299
GTATTCGTGACTTGAT-1,visium,8294,15684,9.624368667602539,5578.0,1.5732417106628418
GTATTCTAAGTGCTGT-1,visium,399,9556,10.20872688293457,6986.0,6.94966459274292
GTCAACAGACGCACGT-1,visium,3776,6856,8.728588104248047,3227.0,1.068652868270874
GTCAACAGCATAGATT-1,visium,3216,17588,7.645397663116455,1261.0,0.19138756394386292
GTCAACAGCGCACCGA-1,visium,6243,6843,9.094817161560059,3168.0,0.3255500793457031
GTCAACAGTTAAGTGA-1,visium,15676,12426,8.7777099609375,3653.0,0.7091105580329895
GTCAACATAAGATAGA-1,visium,14169,18872,9.770870208740234,6235.0,0.7593491077423096
GTCAACATGGTGCTAT-1,visium,3304,4980,9.810934066772461,5903.0,6.401185035705566
GTCAACCTGACGATAG-1,visium,11680,14593,9.064042091369629,3864.0,0.7177587747573853
GTCACCAAGAGCGGTG-1,visium,15642,5988,8.630521774291992,3305.0,0.4465083181858063
GTCACCTGAGATTGGA-1,visium,14025,20750,10.028621673583984,7428.0,0.6926980018615723
GTCACTAAGAGGAATA-1,visium,6548,6304,9.097955703735352,4027.0,1.3316919803619385
GTCACTAAGCCAGCGG-1,visium,14126,10824,10.07462215423584,6710.0,2.9074666500091553
GTCACTACTCGCGGAG-1,visium,15925,1158,9.52127456665039,6127.0,1.5828814506530762
GTCACTACTTAATGGA-1,visium,12715,6272,10.00129508972168,6974.0,2.983585834503174
GTCACTGAATCTCACC-1,visium,15507,9476,9.672500610351562,6139.0,1.9024821519851685
GTCACTGTGATAACTC-1,visium,18409,4364,9.942804336547852,7151.0,3.2065768241882324
GTCACTTATCCAAGAC-1,visium,6580,12206,9.98137378692627,6615.0,3.8715944290161133
GTCACTTATGAATGCG-1,visium,11795,7350,9.072227478027344,3694.0,0.7348719239234924
GTCACTTATGTCGTAT-1,visium,15518,11622,8.259458541870117,2468.0,0.5953921675682068
GTCACTTCTGGAGCGG-1,visium,2362,1766,9.60211181640625,6110.0,1.8316998481750488
GTCAGCCAACATCACG-1,visium,2713,9812,9.946020126342773,6334.0,6.833428859710693
GTCAGCCATTGTGCGG-1,visium,10466,18355,10.377856254577637,8033.0,3.0959270000457764
GTCAGCCTAATTACGT-1,visium,12630,19416,9.934501647949219,7075.0,1.5996897220611572
GTCAGCCTCCGAACCT-1,visium,6266,11134,9.196646690368652,3536.0,0.8719456195831299
GTCAGCGATGTAATTG-1,visium,13679,13777,10.00793743133545,6986.0,3.9187424182891846
GTCAGCGATTGATTCA-1,visium,5482,8724,9.950370788574219,6284.0,6.207357406616211
GTCAGCTAGATCGACA-1,visium,17020,4103,9.254070281982422,4985.0,0.7466973066329956
GTCAGCTGGTGAGGCG-1,visium,2606,18665,9.516205787658691,5718.0,1.0385210514068604
GTCAGGACAAGCCATG-1,visium,12627,18880,9.915514945983887,6803.0,1.111605167388916
GTCAGGATCAACCAAC-1,visium,7306,3886,9.594037055969238,4807.0,0.43608611822128296
GTCAGGTGGCTCACCT-1,visium,18644,19653,10.36910629272461,8331.0,3.2392728328704834
GTCAGTAATCCAATTA-1,visium,8243,6027,9.122710227966309,4036.0,1.9432313442230225
GTCAGTAGGTGACCGG-1,visium,7193,11666,9.58713150024414,5722.0,3.8970839977264404
GTCAGTGAGGATCGTT-1,visium,11527,14862,9.131837844848633,4127.0,1.1034184694290161
GTCAGTGCAGCGTTGT-1,visium,7448,1471,8.990192413330078,4296.0,0.8600274324417114
GTCAGTGCCAGAATAA-1,visium,15662,9743,9.468542098999023,5218.0,0.6025492548942566
GTCAGTGCTGACAGCG-1,visium,17221,12954,9.050289154052734,4246.0,1.0093896389007568
GTCAGTTCTGCCTGGA-1,visium,7355,13006,9.781659126281738,6084.0,3.9706296920776367
GTCAGTTGGAACCACG-1,visium,18236,877,9.718001365661621,5823.0,0.7343646883964539
GTCAGTTGTCGTATGT-1,visium,16850,1153,9.357725143432617,5582.0,1.1996203660964966
GTCATCACGTGGTTCA-1,visium,7663,13005,9.382696151733398,4600.0,1.6414141654968262
GTCATCACTATTGTGC-1,visium,5807,11942,8.902047157287598,3472.0,0.9392867088317871
GTCATCAGTAGACCAG-1,visium,5205,14627,9.840654373168945,6317.0,3.269261598587036
GTCCAGCACGTTCAGA-1,visium,5750,1212,9.494390487670898,5367.0,3.635952949523926
GTCCATCTATACAAGG-1,visium,6087,6575,9.588434219360352,3896.0,0.4865013062953949
GTCCGACAGCCGCATT-1,visium,14449,13505,10.102215766906738,7237.0,4.144122123718262
GTCCGTCGGCATGCGT-1,visium,18618,14824,8.826147079467773,3796.0,0.8811866641044617
GTCCTCCGGATTATAC-1,visium,19226,13212,10.170456886291504,7493.0,1.9028292894363403
GTCCTGCTTACGGCTG-1,visium,1477,9282,10.139349937438965,6930.0,5.391208171844482
GTCCTTATACATTACG-1,visium,10381,2260,9.25244140625,4641.0,0.7958577275276184
GTCCTTCATCAGATCA-1,visium,10432,11917,9.164924621582031,3921.0,1.6640503406524658
GTCCTTCATGGATTAG-1,visium,6842,3620,8.733110427856445,3401.0,0.6608639359474182
GTCCTTCGGAACCTGC-1,visium,5174,8726,9.814765930175781,6095.0,6.349379539489746
GTCGAAGTCGTGTTCT-1,visium,4540,5510,9.440658569335938,5110.0,5.878147602081299
GTCGAGACCGTCCGTT-1,visium,18544,876,9.638936042785645,6153.0,1.0228012800216675
GTCGAGACTGCCTAAG-1,visium,19224,12675,8.887652397155762,3702.0,1.6848500967025757
GTCGAGTGATTACTGT-1,visium,19221,12139,7.905810356140137,1903.0,1.179940938949585
GTCGCACGCAGCCTGC-1,visium,7623,5494,8.276140213012695,2165.0,0.5091649293899536
GTCGCAGATTACTGCA-1,visium,2854,7397,9.829733848571777,5947.0,7.035581588745117
GTCGCAGTATTAGGAT-1,visium,18488,19385,10.56527328491211,8720.0,3.7560622692108154
GTCGCATTACCAGGCA-1,visium,9309,3607,9.310638427734375,4852.0,1.0584403276443481
GTCGCTAAGTGAGGTT-1,visium,16596,11348,8.325305938720703,1731.0,0.5574406385421753
GTCGGCCGTTGTGAAT-1,visium,4404,8998,9.692828178405762,5373.0,3.6913580894470215
GTCGGCCTCCGGCATC-1,visium,6998,3888,9.469160079956055,4855.0,0.8415038585662842
GTCGGCCTCGGTTCAT-1,visium,16330,19397,10.617319107055664,8126.0,1.3370882272720337
GTCGTAGACTGACAAG-1,visium,3675,16781,8.427705764770508,2358.0,0.43754103779792786
GTCGTGTTCATGTCAG-1,visium,12259,7615,8.931684494018555,3996.0,3.4491875171661377
GTCTAAGATCGGACTA-1,visium,7335,9251,9.787290573120117,5766.0,2.5386126041412354
GTCTAAGCGGCACGCC-1,visium,11702,18885,10.59182357788086,8633.0,3.258220911026001
GTCTAATACGGCTAAG-1,visium,10452,15672,9.856553077697754,6339.0,3.2858188152313232
GTCTAATCGAATTGGA-1,visium,14480,19406,9.747827529907227,6584.0,0.812105655670166
GTCTAGCGTTGTGACC-1,visium,10231,3066,8.862767219543457,3935.0,0.6937562227249146
GTCTAGGACAGGATAA-1,visium,4755,17044,9.010058403015137,3667.0,0.5376344323158264
GTCTAGTCTAGCGACG-1,visium,13657,9486,9.920049667358398,6481.0,2.109870672225952
GTCTATAGAATCGAGC-1,visium,17187,6516,8.705496788024902,3461.0,0.44739022850990295
GTCTATCAATGGATTA-1,visium,7168,6838,9.24116039276123,3937.0,1.0861132144927979
GTCTATCAGTACTAAT-1,visium,13524,13510,9.981605529785156,6895.0,4.208287239074707
GTCTATCCAGGACGTC-1,visium,3462,5784,9.5076265335083,5623.0,2.8155412673950195
GTCTATGGTGAAGAGC-1,visium,3369,17319,7.334329605102539,1003.0,0.4572174847126007
GTCTATGTTAATAGAA-1,visium,4597,16240,8.86007308959961,2879.0,0.3691084682941437
GTCTATTAGTGAGGCC-1,visium,2436,15715,9.255982398986816,4669.0,2.407796621322632
GTCTATTGCGAGTTAC-1,visium,3185,11687,9.621323585510254,5295.0,2.725102663040161
GTCTCAATACTATGAG-1,visium,14692,1165,8.689464569091797,3567.0,0.8587304353713989
GTCTCATGACTAGTTG-1,visium,8113,10588,8.670600891113281,3313.0,0.6520246863365173
GTCTCGACTGACGAGT-1,visium,3604,3369,9.06496810913086,3376.0,0.508905827999115
GTCTGAACAAGGTTAG-1,visium,2068,4450,10.018065452575684,6798.0,2.488072395324707
GTCTGAAGGCCTTAAT-1,visium,19255,18576,10.399920463562012,8824.0,1.743973731994629
GTCTGATAGATTATAA-1,visium,8709,6829,9.868741035461426,6307.0,2.448747158050537
GTCTGATATCTGAATT-1,visium,11202,11645,9.677841186523438,5852.0,3.057835578918457
GTCTGCTCAACACCAA-1,visium,10234,3602,8.370779037475586,2780.0,0.2315887063741684
GTCTGTGGATCTGACG-1,visium,3983,16780,8.463370323181152,2692.0,0.42220816016197205
GTCTTCGATAGGTGTT-1,visium,10158,18356,10.282471656799316,7853.0,2.7759711742401123
GTCTTCGGTAGCTACA-1,visium,5012,7386,9.755972862243652,6118.0,4.937412738800049
GTCTTGAACAATTACA-1,visium,11329,6547,8.989818572998047,3893.0,0.5361596345901489
GTCTTGAAGATTCATG-1,visium,1536,20548,9.497997283935547,5744.0,0.33003300428390503
GTCTTGACAATAGCAA-1,visium,9366,14337,9.545097351074219,4592.0,1.8747763633728027
GTCTTGACCGGAGGCC-1,visium,5137,1752,9.831400871276855,6059.0,4.186371326446533
GTCTTGATTGCCACCT-1,visium,3508,14368,9.256078720092773,3695.0,0.5636763572692871
GTCTTGCGATGAATGC-1,visium,14310,16457,10.166582107543945,7919.0,3.113229274749756
GTCTTGCGGCGATTCA-1,visium,8571,9781,9.773550033569336,5978.0,1.6911513805389404
GTCTTGCTCAGATTAC-1,visium,17990,12682,8.30992317199707,2577.0,1.6736401319503784
GTCTTGTATTGTAGAT-1,visium,12882,8685,9.129021644592285,4640.0,2.3540899753570557
GTGAACATTCAACGAT-1,visium,10294,14868,9.895404815673828,6398.0,3.331989049911499
GTGAACGGTTCTAACG-1,visium,574,13579,10.07424259185791,7086.0,5.2733635902404785
GTGAACTCGTGGTATC-1,visium,5912,2552,8.758097648620605,3543.0,0.37729915976524353
GTGAACTGAGTTCGGC-1,visium,14853,2505,9.147613525390625,4681.0,0.7347460389137268
GTGAAGATGAGTGCCT-1,visium,9199,11924,9.814109802246094,6245.0,3.018207550048828
GTGAAGCCACAACCGG-1,visium,12622,17807,9.461332321166992,5183.0,0.6613756418228149
GTGAAGTATTGGTCAC-1,visium,2673,2301,8.962263107299805,4257.0,0.358882337808609
GTGAAGTGATCGTGCT-1,visium,14282,11092,9.72591495513916,6153.0,2.167811155319214
GTGAATTAGACATTGC-1,visium,10622,18622,10.360722541809082,7923.0,3.2317285537719727
GTGACAAGATGCTCAT-1,visium,10740,11915,9.644198417663574,5559.0,2.2876029014587402
GTGACAATTGCGATAA-1,visium,10839,1453,8.740496635437012,3504.0,0.4480000138282776
GTGACACCAAGTGAAT-1,visium,17693,14829,9.227983474731445,4476.0,0.6288689970970154
GTGACAGCCTAGCCTC-1,visium,17713,18585,10.526212692260742,8541.0,3.645484209060669
GTGACATACAGGTCCT-1,visium,15990,13497,9.89600944519043,6920.0,1.8488664627075195
GTGACATAGTTAGCTG-1,visium,15314,2234,9.375431060791016,5456.0,0.9665931463241577
GTGACATATGCTAGAT-1,visium,6611,18107,9.358760833740234,4464.0,0.4138287603855133
GTGACATGCAATTAAT-1,visium,17953,5707,9.417435646057129,5428.0,1.0894309282302856
GTGACATGTACCACCT-1,visium,13484,5999,9.502188682556152,5633.0,1.3594263792037964
GTGACCAGATCGAGAT-1,visium,16313,16178,10.12539005279541,7094.0,2.210829734802246
GTGACCGGAGTCATAC-1,visium,9487,8167,8.870522499084473,3397.0,0.7867377996444702
GTGACCGTGGATTAGC-1,visium,4854,6582,8.463581085205078,2503.0,1.1186155080795288
GTGACTATGGCATGGA-1,visium,8528,1734,9.356689453125,5047.0,1.166306734085083
GTGACTGTCCTGGTAT-1,visium,12585,10833,9.36074161529541,5026.0,1.488556146621704
GTGACTTCCTCACGAC-1,visium,11691,16739,8.787220001220703,3536.0,0.5344327688217163
GTGAGGTCACAGGCCA-1,visium,13247,19413,9.854874610900879,6357.0,0.787401556968689
GTGAGGTTGGACGGCG-1,visium,18621,15361,9.850245475769043,6554.0,0.8385191559791565
GTGATCTACGAGATCC-1,visium,8404,7368,9.595807075500488,3943.0,0.49653109908103943
GTGCAACGACGGTGTT-1,visium,9340,9509,9.590624809265137,5523.0,1.7639819383621216
GTGCAACTACTGTACG-1,visium,3318,7663,9.838521957397461,6052.0,5.0904436111450195
GTGCACCAATCATAAC-1,visium,739,15456,9.787346839904785,5652.0,0.7862518429756165
GTGCACCGAATGTTAA-1,visium,17339,6247,9.123147010803223,4743.0,1.0148407220840454
GTGCACTTGTAAGCAC-1,visium,6393,6037,9.377294540405273,4899.0,0.829383909702301
GTGCACTTGTTCCTGG-1,visium,17846,14560,9.475930213928223,5526.0,1.3419216871261597
GTGCAGAAGGTGCGAG-1,visium,16624,16713,10.054275512695312,7327.0,2.214672803878784
GTGCAGCCGGTCTGCA-1,visium,554,9823,10.250192642211914,7100.0,6.61081075668335
GTGCAGGACTCCAAGG-1,visium,5459,4432,8.971956253051758,3120.0,0.33003300428390503
GTGCAGGCACTCTAGG-1,visium,13213,12975,9.894144058227539,6612.0,3.992328405380249
GTGCAGTGGTAGATTC-1,visium,14386,1703,8.793460845947266,3862.0,1.0166919231414795
GTGCAGTTGTGGCGCT-1,visium,1791,10353,9.981605529785156,6226.0,8.698668479919434
GTGCATGGTTGAGTTC-1,visium,15843,14839,8.977903366088867,4100.0,0.7823343276977539
GTGCATTCCTGTGGTC-1,visium,5830,16233,9.213136672973633,4264.0,0.478707492351532
GTGCATTGCAATGTTG-1,visium,5465,5505,9.196038246154785,4261.0,4.960941314697266
GTGCCGCATCCTTCCT-1,visium,10081,3871,8.569975852966309,3108.0,0.4364326596260071
GTGCCGTCCTGTCAGC-1,visium,14726,7602,10.103649139404297,7241.0,3.36867094039917
GTGCCTGACACGTTGG-1,visium,9991,15943,10.105570793151855,7085.0,3.4643352031707764
GTGCGGCATGCTCATC-1,visium,18858,1947,9.227590560913086,5072.0,0.8846948146820068
GTGCGTTCACGGATAA-1,visium,11391,18350,9.93343448638916,6982.0,1.0821565389633179
GTGCTCAATGCAACCT-1,visium,10709,6014,9.646141052246094,5562.0,0.8343574404716492
GTGCTCGACGTGAACT-1,visium,17252,18855,10.055091857910156,7618.0,1.147252082824707
GTGCTCGCTTGATCGG-1,visium,10375,1187,8.53915023803711,3062.0,0.27397260069847107
GTGGAACAGAAGTCGA-1,visium,14279,10555,9.965381622314453,6732.0,3.3088927268981934
GTGGACCAACTAGGAG-1,visium,18737,8117,8.267449378967285,2461.0,0.48793014883995056
GTGGAGTACAATCAAT-1,visium,4062,2562,9.533292770385742,5879.0,1.3974368572235107
GTGGCGACCTAATATT-1,visium,10930,18621,10.006495475769043,7248.0,1.6689972877502441
GTGGCGACCTTGATTC-1,visium,16013,17789,9.510519027709961,5373.0,0.614814817905426
GTGGCGACTGATTAAC-1,visium,16570,6519,9.243678092956543,4853.0,0.5320177674293518
GTGGCGAGGAAGGCTA-1,visium,13993,14849,9.064851760864258,4542.0,0.7403123378753662
GTGGCGATAGGCAGAA-1,visium,6079,4966,9.438034057617188,5580.0,1.9831156730651855
GTGGCGATCTGCGATA-1,visium,12556,5468,8.916237831115723,4153.0,0.7381559610366821
GTGGCGCACCTGTTCC-1,visium,6885,11668,9.910512924194336,6449.0,4.419066429138184
GTGGCGCCACGCTGAG-1,visium,16870,4908,9.364262580871582,4857.0,0.8059675693511963
GTGGCGCCACTACGCT-1,visium,14881,7870,9.879297256469727,6595.0,3.15557599067688
GTGGCGCCAGACTCGA-1,visium,5213,16237,8.89631462097168,3058.0,0.3012048006057739
GTGGCGCCAGCTAACC-1,visium,15968,9205,8.951828956604004,3985.0,0.5310193300247192
GTGGCGGACATTCTCG-1,visium,16797,20199,10.904321670532227,9381.0,3.174049139022827
GTGGCGGTCCGGATGA-1,visium,17775,1148,9.517751693725586,5828.0,1.6840710639953613
GTGGCTGAATGCGAGT-1,visium,255,11434,9.91645336151123,6507.0,5.4886474609375
GTGGCTTCCTACCGTT-1,visium,14305,15384,8.728263854980469,3547.0,1.684483289718628
GTGGTACTGGTTCCAA-1,visium,5442,1214,9.662307739257812,5680.0,4.092153072357178
GTGGTACTGTTGTAGC-1,visium,13996,15385,8.872066497802734,3977.0,1.00995934009552
GTGGTACTTGGTTGGA-1,visium,1969,14913,9.216024398803711,4625.0,1.3027048110961914
GTGGTAGGTCTAAGAA-1,visium,5366,15968,9.047821044921875,3004.0,0.21178962290287018
GTGGTCGCTCTGTAGC-1,visium,8121,12197,9.514732360839844,5659.0,2.375156879425049
GTGGTTACCTTGCGCA-1,visium,17673,11074,6.851184844970703,716.0,0.9533898234367371
GTGGTTGCCGCTTCAA-1,visium,9960,10042,8.75352954864502,3027.0,0.4895767569541931
GTTAACAACTTCGGAT-1,visium,6749,15155,9.588229179382324,5069.0,1.5489000082015991
GTTAACTCCGACCACT-1,visium,9827,14066,9.65027141571045,4235.0,0.6892109513282776
GTTAATACATAATGCT-1,visium,15258,20744,10.09133529663086,7299.0,0.43096303939819336
GTTAATACGACACGCC-1,visium,18788,17774,9.089753150939941,4612.0,0.7898002862930298
GTTAATGGCGCAACGC-1,visium,17023,4639,9.47347354888916,5386.0,0.8455684185028076
GTTAGACAATGGATGA-1,visium,12720,7345,9.86516284942627,6304.0,1.922377586364746
GTTAGAGGTGTTAAGA-1,visium,15953,6523,8.528726577758789,3144.0,0.4548150897026062
GTTAGGAAGTATACGA-1,visium,17351,8393,7.3172125816345215,1054.0,0.6644518375396729
GTTAGGCCTGAACATC-1,visium,14933,17526,9.552936553955078,5805.0,0.8022719025611877
GTTAGGTACTAACTGG-1,visium,12308,16735,8.806124687194824,3095.0,0.29967036843299866
GTTAGGTCCACTGGCG-1,visium,1307,6332,10.118316650390625,6981.0,6.207647323608398
GTTATGATACGATTAT-1,visium,3802,11684,9.512738227844238,5200.0,3.976348876953125
GTTATGTTGCTTAGAT-1,visium,4735,13288,8.991935729980469,3548.0,0.4603707790374756
GTTATTCGCCGATCGC-1,visium,18454,12947,9.714080810546875,5853.0,2.127145290374756
GTTATTCGGCCATTCG-1,visium,9473,5484,9.281078338623047,4255.0,0.987700343132019
GTTATTCGTAACGTCC-1,visium,5346,12212,9.231416702270508,3621.0,0.59733647108078
GTTATTGACCTCATTC-1,visium,18310,14826,8.722743034362793,3444.0,0.8143322467803955
GTTATTGCTGAATCCG-1,visium,17374,12685,8.67743968963623,3244.0,1.4826176166534424
GTTATTGGCATGTAGA-1,visium,17317,1955,9.311361312866211,5374.0,0.9763153195381165
GTTATTGTCTATTCAT-1,visium,19252,18040,9.847868919372559,6714.0,0.6819263100624084
GTTCATACCTTGGTTA-1,visium,4874,10337,9.90693187713623,6315.0,5.894957065582275
GTTCATCTTACATTCC-1,visium,7810,11663,9.478763580322266,5529.0,2.798593044281006
GTTCCAGTGCCTTACC-1,visium,7657,11932,9.358932495117188,4840.0,1.7326092720031738
GTTCCATGAATCGCAT-1,visium,16853,1690,9.300638198852539,5384.0,0.9959795475006104
GTTCCGAGTATGATCG-1,visium,13708,19142,10.209794998168945,7945.0,2.6465933322906494
GTTCCGGCTGAGCCGA-1,visium,18304,13753,10.113869667053223,7452.0,4.517462253570557
GTTCCGGCTGCAGTCA-1,visium,17184,5980,8.881558418273926,4061.0,0.36126163601875305
GTTCCGTAACTAATAC-1,visium,16641,19931,10.761555671691895,9352.0,2.4591381549835205
GTTCCGTACCTCCACT-1,visium,3222,18661,8.824236869812012,3788.0,0.25014713406562805
GTTCCGTCATACGGCT-1,visium,16115,7863,8.110126495361328,2394.0,0.5109708309173584
GTTCCGTCTTATCTTA-1,visium,10856,4672,7.744136810302734,1630.0,0.5201560258865356
GTTCCTGAACCTTCAA-1,visium,4427,13290,8.826000213623047,3000.0,0.6609870791435242
GTTCCTTGAGGAACGC-1,visium,3646,11416,8.679821968078613,2758.0,1.1220673322677612
GTTCGAATCACGTACG-1,visium,16086,2498,9.312987327575684,5238.0,0.9386281371116638
GTTCGCTGGTATTAGA-1,visium,9623,4679,8.615589141845703,3108.0,0.6163886785507202
GTTCGTAGGTAGTGAA-1,visium,4713,8997,9.804771423339844,5849.0,4.994756698608398
GTTCTACTATACGAAC-1,visium,17659,8391,7.855932235717773,1656.0,0.19379845261573792
GTTCTACTTATGGTAG-1,visium,7917,2810,9.179056167602539,4635.0,2.4249303340911865
GTTCTGGACACGCAAC-1,visium,17869,18852,10.438078880310059,8215.0,4.239175319671631
GTTCTTACTGAAGTAT-1,visium,3307,5517,9.613670349121094,5627.0,4.650230407714844
GTTCTTGATCTGTTGA-1,visium,14749,11894,8.855236053466797,3809.0,0.570613443851471
GTTGAACCAGGATCGC-1,visium,19195,7310,9.265870094299316,5049.0,0.6622516512870789
GTTGAACTACCGTTCA-1,visium,6523,1476,9.080118179321289,4228.0,2.3923444747924805
GTTGAAGGAAGTCGGC-1,visium,14771,16186,9.658226013183594,6178.0,1.0927215814590454
GTTGAATAAGTCAGCA-1,visium,7323,7105,9.326788902282715,3967.0,1.3441338539123535
GTTGAATCAACCTGGC-1,visium,15849,15912,10.213652610778809,7773.0,1.6830447912216187
GTTGAATGGTACAGTA-1,visium,13187,8147,10.11123275756836,7077.0,4.2734694480896
GTTGAATGTCCTTCTG-1,visium,523,3922,10.42091178894043,7890.0,2.890948534011841
GTTGAATGTTGCTGCC-1,visium,1497,13037,9.489335060119629,5600.0,1.6796549558639526
GTTGAATTATTCGGTG-1,visium,17492,5978,9.183072090148926,4803.0,0.4830421507358551
GTTGAATTCATAAGAT-1,visium,18115,7048,9.298168182373047,5112.0,2.262526273727417
GTTGACATGAACCAAC-1,visium,5046,13823,9.352360725402832,4444.0,0.7201735377311707
GTTGACGAACCAGAAC-1,visium,10591,12721,9.762903213500977,4509.0,0.8057090640068054
GTTGACGGATAGCCAT-1,visium,15529,13768,10.096295356750488,7497.0,3.4100279808044434
GTTGACGTCAGATTAG-1,visium,12095,5738,9.179262161254883,4814.0,1.0523056983947754
GTTGACTACAACATAC-1,visium,611,20553,10.477766990661621,8388.0,1.2107219696044922
GTTGACTAGAGCACGT-1,visium,9346,10582,8.519590377807617,2303.0,0.1995609551668167
GTTGACTTCTATGCTG-1,visium,9612,2533,9.704304695129395,5776.0,1.385244369506836
GTTGAGAATCACGGAG-1,visium,16717,5177,9.40054702758789,5169.0,1.3147015571594238
GTTGAGCTTCGTCCGG-1,visium,5796,9796,9.826930046081543,5965.0,7.341430187225342
GTTGCAGCCGGCTTGG-1,visium,18556,3022,10.022869110107422,7287.0,4.468604564666748
GTTGCCACAAGTCATA-1,visium,17832,11878,7.367708683013916,1196.0,1.0107390880584717
GTTGCCACGACAAGAA-1,visium,8390,4685,9.036462783813477,4123.0,0.8092347383499146
GTTGCCATCTACGCAC-1,visium,15464,1429,9.203214645385742,5151.0,1.1784850358963013
GTTGCCGGTGGAAGTA-1,visium,18397,2218,9.071423530578613,4675.0,1.022753357887268
GTTGCTACGTCTTAAT-1,visium,9467,4411,8.810011863708496,3736.0,0.7611939907073975
GTTGCTAGATCGTTGA-1,visium,13552,18875,10.093942642211914,7672.0,1.7482950687408447
GTTGCTAGTCCATACC-1,visium,18561,4095,9.671871185302734,6435.0,2.0360565185546875
GTTGCTCCTGAGATTC-1,visium,15546,16987,9.921965599060059,6552.0,0.7608482241630554
GTTGCTGACTCATTCG-1,visium,17705,16975,9.289613723754883,5064.0,0.28640058636665344
GTTGGCGTGAGCGACC-1,visium,1819,15718,9.770413398742676,5977.0,4.803792953491211
GTTGGTCCGCCAATCT-1,visium,6124,13549,10.080000877380371,6820.0,4.027661323547363
GTTGTCCTGTGATGTA-1,visium,11810,10032,9.83857536315918,6312.0,2.678476095199585
GTTGTCCTTGAGCGGT-1,visium,16389,1424,8.962776184082031,4300.0,0.7686395049095154
GTTGTCGAACCATGTT-1,visium,4364,1488,9.497547149658203,5581.0,2.1611886024475098
GTTGTCGTAATATGGA-1,visium,11550,19154,10.656200408935547,8954.0,2.6428604125976562
GTTGTCGTGGCATTAC-1,visium,17549,16708,9.39665412902832,4921.0,0.3071303963661194
TAACAGCAGGCCTTAC-1,visium,15080,16184,9.853667259216309,6957.0,2.3440372943878174
TAACAGGAACCGACAA-1,visium,7210,14885,9.824661254882812,5950.0,2.0018393993377686
TAACAGGTCCATACCA-1,visium,7035,10862,8.984317779541016,3264.0,0.3635907769203186
TAACAGTCTACTATGG-1,visium,15467,1965,9.241451263427734,4967.0,0.8725157976150513
TAACAGTTCCACTTCG-1,visium,15472,3038,9.282010078430176,5187.0,1.0240178108215332
TAACATGCGTGCGAAC-1,visium,14887,8943,10.06138801574707,7012.0,3.0145175457000732
TAACATGGCCACCTCC-1,visium,12146,15395,9.463896751403809,5612.0,1.3736903667449951
TAACCAAGGTGCTCTA-1,visium,7850,19173,9.007734298706055,3886.0,0.17146356403827667
TAACCAGATACGCTTC-1,visium,17487,4905,9.350797653198242,5299.0,1.9640218019485474
TAACCGGATGGACAGG-1,visium,10698,3868,7.468513488769531,1201.0,0.685322642326355
TAACCGTACTTCTAAC-1,visium,16947,19393,10.640556335449219,9154.0,2.409379243850708
TAACCTTGAGACTTCG-1,visium,16304,14568,9.524201393127441,4667.0,0.7672073841094971
TAACGAATCCTAGATA-1,visium,13677,13241,10.28356647491455,7483.0,4.537217140197754
TAACGACCTTGCCTAT-1,visium,15959,7596,8.31409740447998,2636.0,0.3921568989753723
TAACGACTGGCCGTCG-1,visium,2517,2034,8.934850692749023,4162.0,0.5796337723731995
TAACGAGCCGAAGGTC-1,visium,7654,11395,9.032289505004883,4184.0,1.3623327016830444
TAACGAGCGTCTGGCC-1,visium,8223,2272,9.086136817932129,4487.0,2.4572529792785645
TAACGAGCTATCCGTC-1,visium,19034,5970,9.845805168151855,6843.0,1.9652506113052368
TAACGAGTTGCCAACC-1,visium,11219,14864,9.386308670043945,5397.0,1.6438815593719482
TAACGCATTGGTCCAA-1,visium,5977,14891,9.855609893798828,6384.0,3.6456148624420166
TAACGCCGAGTACACG-1,visium,19249,17503,10.177286148071289,7407.0,0.6578446626663208
TAACGCGGCTATAGGT-1,visium,16630,17786,9.50136661529541,5712.0,0.575614869594574
TAACGCGTAATATGGC-1,visium,7510,13274,9.684896469116211,5797.0,3.198108434677124
TAACGCGTCCTACAAC-1,visium,5309,5238,9.642252922058105,5564.0,6.480098724365234
TAACGCTAGTACGCAG-1,visium,18166,16704,9.298168182373047,5265.0,0.39388108253479004
TAACGCTCACATTCTA-1,visium,17688,13756,9.90897274017334,6834.0,3.2473020553588867
TAACGCTCATACGGCA-1,visium,6141,16768,9.366745948791504,5159.0,0.7954156994819641
TAACGCTTATGCCATA-1,visium,13201,10829,9.83365535736084,6290.0,3.372654438018799
TAACGCTTCGGCACTT-1,visium,1479,9818,10.053028106689453,6538.0,7.595263481140137
TAACGTCACTATAATC-1,visium,9666,12726,9.040618896484375,2967.0,0.6399620771408081
TAACGTGATTCACTAG-1,visium,1047,15454,9.50524616241455,4370.0,0.6329585313796997
TAACGTGCCATAGTTA-1,visium,3327,9272,9.839322090148926,6411.0,5.726167678833008
TAACGTTGCGTCGATG-1,visium,15377,14037,10.076852798461914,7179.0,2.9262139797210693
TAACTCCAACATGGAC-1,visium,9634,6825,9.126197814941406,4370.0,1.4577893018722534
TAACTCCAGGTAGGCT-1,visium,16562,4910,9.678717613220215,6176.0,1.7028735876083374
TAACTCCGATACGTAA-1,visium,18610,13215,10.222450256347656,7804.0,3.2893543243408203
TAACTTAACCTCGGTG-1,visium,16480,18591,10.184900283813477,7508.0,0.739650547504425
TAACTTGCACGGCGGA-1,visium,12570,8150,9.735069274902344,6071.0,3.7812888622283936
TAAGAACAGGTGTAAC-1,visium,6226,3624,9.16576099395752,4412.0,0.8261006474494934
TAAGAATATGAGATAG-1,visium,15515,11085,9.229652404785156,3679.0,0.3727682828903198
TAAGACCGAGTGAACA-1,visium,6096,8185,9.773435592651367,6021.0,4.299544334411621
TAAGACCTCAAGTGCC-1,visium,16089,3035,9.34653091430664,5359.0,1.0123931169509888
TAAGATTGAGATTACA-1,visium,5352,13285,9.32607650756836,3603.0,0.400855153799057
TAAGATTGCAAGTTCT-1,visium,16489,20201,10.58180046081543,9057.0,2.704897165298462
TAAGATTGCTCACTTC-1,visium,3796,10611,9.738672256469727,5763.0,6.29127311706543
TAAGATTGGCGGTCGT-1,visium,14163,17799,8.768418312072754,3559.0,0.6534931063652039
TAAGCAAGTAATGTGG-1,visium,11628,4936,9.006876945495605,4049.0,0.7109585404396057
TAAGCACGAGACCTAC-1,visium,14757,13504,10.124028205871582,7409.0,3.7619314193725586
TAAGCAGTAGATACTC-1,visium,5824,15160,9.624302864074707,5711.0,2.1683084964752197
TAAGCCACAATTGCCT-1,visium,8922,17826,8.461892127990723,3029.0,0.6553910970687866
TAAGCCATACGACACG-1,visium,17074,14296,10.106714248657227,7540.0,3.011507272720337
TAAGCCTGGCTTCAGT-1,visium,8859,6024,9.331052780151367,3507.0,0.5850026607513428
TAAGCCTGTAGCGTCC-1,visium,12879,8149,9.974505424499512,6643.0,3.9541707038879395
TAAGCTCCTTCACGCC-1,visium,16454,13763,9.97557544708252,7139.0,2.5681586265563965
TAAGGACGCCTGGTTG-1,visium,9210,14069,9.662879943847656,3993.0,0.38799136877059937
TAAGGATCTGAAGATA-1,visium,13334,6805,9.877400398254395,6415.0,2.9870662689208984
TAAGGTACGGATAGTG-1,visium,18140,11876,7.374001979827881,1143.0,1.3182674646377563
TAAGGTATGAATGCTA-1,visium,14104,6533,9.866616249084473,6528.0,2.7029831409454346
TAAGGTCCGTGACCGT-1,visium,3361,15710,8.685416221618652,3191.0,0.4395604729652405
TAAGTGGCCGCTCACC-1,visium,8427,11659,9.873028755187988,6281.0,3.608433485031128
TAAGTGTCAAGGTGGC-1,visium,17080,15369,9.303375244140625,4909.0,0.4465099573135376
TAATACCATTCTAGAT-1,visium,450,19213,10.370298385620117,8133.0,3.533247470855713
TAATACCGTTAATTGC-1,visium,12743,11636,8.890823364257812,4004.0,0.5506607890129089
TAATAGCGCTGTACTC-1,visium,8724,9512,9.873852729797363,5897.0,1.7100179195404053
TAATAGGCTTGCTGAA-1,visium,8989,1463,9.856867790222168,6556.0,4.4111480712890625
TAATCGACATTGTTGG-1,visium,13535,15656,8.732304573059082,3408.0,0.4355541467666626
TAATCGCAATGTAATA-1,visium,3375,18392,8.785539627075195,3524.0,0.3823799192905426
TAATCTGATAAGATGT-1,visium,15538,15377,9.613268852233887,5826.0,1.1362876892089844
TAATGACGAAGCGGCT-1,visium,1024,11162,10.093446731567383,6813.0,5.528677463531494
TAATGATCCGGTTATT-1,visium,5064,17042,9.173053741455078,4464.0,0.68514484167099
TAATGATCTACTAACC-1,visium,589,16261,9.853456497192383,6538.0,2.218367099761963
TAATGGCAGATGTCGG-1,visium,18183,19923,10.025837898254395,7460.0,0.9202725291252136
TAATGTGCACGATCTG-1,visium,8910,15681,9.975436210632324,6597.0,4.513517379760742
TAATTAAGGAGTACTG-1,visium,14924,15917,9.591239929199219,5993.0,0.8746156692504883
TAATTACCGGTGCGAG-1,visium,6263,10598,9.718001365661621,5759.0,5.682297229766846
TAATTAGCTCGATTGT-1,visium,3632,8734,9.741615295410156,5756.0,6.966490268707275
TAATTCCTGCAGAAGG-1,visium,17826,10805,7.626082897186279,1454.0,0.5365853905677795
TAATTGACGTCGTTCC-1,visium,1932,7938,9.906283378601074,6321.0,5.365245342254639
TAATTGATTCTGTCGC-1,visium,8387,4149,8.969796180725098,4031.0,0.7505406737327576
TACAACGGACGGCTCA-1,visium,9781,5483,9.200390815734863,4075.0,1.0303031206130981
TACAAGCAGATCGTTG-1,visium,1202,15721,9.750627517700195,6055.0,3.69960355758667
TACAAGCGCCTCTACA-1,visium,11951,7617,9.110077857971191,4356.0,1.9789940118789673
TACAAGCGGAAGTACG-1,visium,10299,15941,9.721965789794922,6034.0,3.399484157562256
TACAAGGTCGACAAGT-1,visium,1915,4719,9.769155502319336,5777.0,1.2296253442764282
TACAAGTCCACGGTGA-1,visium,17408,19123,10.230378150939941,8243.0,1.950814962387085
TACAAGTCGAATGCAA-1,visium,12319,18881,10.197834968566895,7769.0,2.1382803916931152
TACAAGTGGTCTGAGG-1,visium,15250,19134,10.33851146697998,8480.0,1.7638111114501953
TACAAGTGTCTGTCCG-1,visium,9691,17554,9.266815185546875,5082.0,0.6899811029434204
TACAAGTTATACGCTG-1,visium,6834,2011,8.544419288635254,2894.0,0.856531023979187
TACACCTCGTACTCCA-1,visium,4243,7658,10.035786628723145,6831.0,4.704748630523682
TACACCTTGCGGCAGG-1,visium,16901,10810,7.191429138183594,954.0,1.1303691864013672
TACACGAACAGCTACT-1,visium,8678,928,9.975017547607422,6914.0,3.3656082153320312
TACACTCAGCGTATAA-1,visium,4825,1217,9.662370681762695,5857.0,3.722795009613037
TACACTCAGTAGAATG-1,visium,6617,19180,8.131237030029297,2239.0,0.26486170291900635
TACACTGAATAGCAGA-1,visium,16932,16711,9.790487289428711,5740.0,0.6606203317642212
TACACTGCAGGTTAGA-1,visium,12893,10831,9.47700309753418,5191.0,1.8383761644363403
TACACTGCGTCCGGAC-1,visium,2733,13567,9.772353172302246,5995.0,4.366911888122559
TACACTGTAGTCAACG-1,visium,6378,3355,8.99293041229248,4170.0,0.5842137932777405
TACACTGTCGAACCAA-1,visium,7363,14616,9.759963989257812,5660.0,3.128427267074585
TACACTTAGTCGTGGT-1,visium,11864,20225,9.899027824401855,6680.0,0.6529382467269897
TACACTTCGAGGTGAC-1,visium,12155,17005,9.255122184753418,3331.0,0.31557807326316833
TACACTTCGCACCGAT-1,visium,1638,10622,10.101723670959473,6580.0,7.422900199890137
TACAGTACTTAGTGTA-1,visium,1774,7134,9.862300872802734,6402.0,7.112338542938232
TACAGTCTCGGCACGG-1,visium,572,13042,10.086684226989746,7092.0,5.054121494293213
TACATAGCAGACCAAG-1,visium,6925,19178,8.537975311279297,3038.0,0.1763322800397873
TACATATGCACCAGTG-1,visium,7219,16494,9.410747528076172,5460.0,0.6465870141983032
TACATCGGACAACTGG-1,visium,883,13577,9.2510986328125,4818.0,1.9107056856155396
TACATCGTCAGCGGTT-1,visium,11533,15935,9.311361312866211,5247.0,0.6599168181419373
TACATCTAACATGTCC-1,visium,897,16260,9.90971851348877,6695.0,3.9057838916778564
TACATTGAATGAACGT-1,visium,16884,7591,9.061027526855469,3785.0,0.46446818113327026
TACATTGACTGAGTCC-1,visium,7145,2546,9.028219223022461,4396.0,1.199903964996338
TACCACAGGCCATTGC-1,visium,17648,6246,9.07680892944336,4411.0,0.5829237699508667
TACCAGACAACCTCAG-1,visium,13230,16194,9.411646842956543,4776.0,0.3107367753982544
TACCATCTCGGCCGAA-1,visium,1148,5528,10.008928298950195,6668.0,5.602303981781006
TACCATGGCGCCTTGT-1,visium,17936,2489,9.180190086364746,4994.0,2.978767156600952
TACCATTGATCATTAG-1,visium,5906,1479,9.590487480163574,5675.0,3.4600656032562256
TACCATTGGTCTCCAA-1,visium,14016,19141,10.165121078491211,7843.0,2.478829860687256
TACCGGACCGTTAGGT-1,visium,1759,4452,9.713839530944824,6088.0,1.4325435161590576
TACCGTAGGTATAACA-1,visium,515,2313,8.604654312133789,2630.0,1.4112902879714966
TACCTCAGGCAACAGA-1,visium,4127,14901,8.793915748596191,3270.0,0.1516760140657425
TACCTGATCGATCTCG-1,visium,13872,21019,9.747943878173828,6605.0,0.29209017753601074
TACCTGCGGTTGTCCT-1,visium,4436,14900,8.95363998413086,3098.0,0.23270848393440247
TACCTGTTAACGGCCT-1,visium,4687,4168,9.334590911865234,3750.0,0.41512101888656616
TACCTGTTCGGTAACT-1,visium,18717,4362,9.843524932861328,6993.0,2.9094769954681396
TACGACCGAGCGCAAC-1,visium,130,17068,10.050786018371582,7054.0,2.8999266624450684
TACGACGCGATTCAAG-1,visium,7502,11664,9.202106475830078,3969.0,1.1092064380645752
TACGACGTCTCATATT-1,visium,4093,8463,9.750802040100098,5839.0,5.8892059326171875
TACGACGTGAAGTATC-1,visium,682,4726,10.07995891571045,7060.0,2.2088100910186768
TACGACTACCTTCCTC-1,visium,15564,20205,10.173171043395996,7579.0,0.9812905192375183
TACGACTAGCCTTACC-1,visium,19014,2215,9.252154350280762,5144.0,1.0550546646118164
TACGACTCTGAACACT-1,visium,13176,6001,9.578380584716797,5928.0,2.0279624462127686
TACGACTGATAATCGC-1,visium,1689,20279,9.219696044921875,4759.0,0.3665907084941864
TACGAGATTGGTCTGT-1,visium,13074,15927,8.72127628326416,3091.0,0.407763808965683
TACGCCAGCACCGGAA-1,visium,18700,1143,9.451560020446777,5609.0,0.7307299375534058
TACGCCGGAGTTCTGA-1,visium,13495,8145,9.94482135772705,6799.0,2.705944538116455
TACGCCTTGCCGTGTT-1,visium,12772,17001,9.186662673950195,4143.0,0.40962621569633484
TACGCTCCGGTTGGTA-1,visium,4438,15436,8.669742584228516,2884.0,0.22325262427330017
TACGCTCCTTGAGCAA-1,visium,16794,19662,10.501252174377441,8647.0,1.842684268951416
TACGCTTCCGCAAGCT-1,visium,17342,6784,8.74767017364502,3454.0,0.39714059233665466
TACGGAACAGACGCGG-1,visium,7222,17031,9.323579788208008,5016.0,0.7769244909286499
TACGGAATACTCGTTC-1,visium,7332,8714,9.781207084655762,5885.0,3.19828200340271
TACGGAATTGAACCAA-1,visium,2735,14104,9.335826873779297,4872.0,3.2462949752807617
TACGGACACCTCCATA-1,visium,18494,20458,9.669662475585938,6202.0,0.7581022381782532
TACGGAGGAAGCACCT-1,visium,1960,13303,9.808462142944336,6308.0,3.651160478591919
TACGGAGTCAACGAAG-1,visium,16005,16179,10.374272346496582,8000.0,2.88533616065979
TACGGATCAGCCATCC-1,visium,7974,13540,9.809287071228027,6178.0,4.159112453460693
TACGGATCCTTGCGAT-1,visium,7312,4959,8.840291023254395,3248.0,0.5357660055160522
TACGGCCTTGTAGGAG-1,visium,3980,16243,8.232706069946289,2027.0,0.2924754023551941
TACGGTAGTTGCGTGA-1,visium,15190,7868,10.04763126373291,7030.0,2.6753246784210205
TACGGTGAGCCGATGT-1,visium,1437,1771,8.951181411743164,3493.0,0.4536029100418091
TACGGTTAATGTACTA-1,visium,13801,7607,10.019669532775879,6921.0,3.1162354946136475
TACGTACACCTTAAGC-1,visium,1923,6329,9.916650772094727,6657.0,5.151993751525879
TACGTATCCTATCACG-1,visium,16466,15909,10.228790283203125,7502.0,2.9651834964752197
TACGTATCGAGGTTGT-1,visium,13841,15118,9.188197135925293,4728.0,0.6441717743873596
TACGTGACGGATCCAC-1,visium,18316,15899,9.88308048248291,7093.0,1.7810665369033813
TACGTGATGGTAGGAT-1,visium,13250,19949,9.87704086303711,6360.0,0.8163474798202515
TACGTGGAGGCATGGC-1,visium,6231,4697,8.95363998413086,4011.0,1.2023271322250366
TACGTGGCATCATATG-1,visium,7301,2813,9.038483619689941,4388.0,1.4251781702041626
TACGTGTACATCCGTG-1,visium,5145,3361,9.624699592590332,6101.0,2.4780280590057373
TACGTGTTGCCACTGA-1,visium,18791,18311,10.0439453125,7043.0,0.6821637749671936
TACGTTACTGGTAGCG-1,visium,12625,18343,9.729134559631348,6190.0,1.0000594854354858
TACGTTATCCAGACGC-1,visium,6520,940,9.000359535217285,4216.0,1.0240591764450073
TACGTTCCACGCTCGT-1,visium,2831,3105,8.623173713684082,2585.0,0.5397624969482422
TACGTTCTACCGCCAT-1,visium,16083,1962,9.298076629638672,5154.0,0.8519603610038757
TACTAAGGAACATCAA-1,visium,18414,5437,9.506882667541504,5761.0,0.9664708971977234
TACTAGACTAGTGACA-1,visium,14330,20212,9.798294067382812,6850.0,0.7610265612602234
TACTAGGATCAATGGC-1,visium,10554,5747,9.315871238708496,5026.0,0.9089272618293762
TACTAGTACACCTAAG-1,visium,17996,13755,10.0216703414917,7164.0,4.274035930633545
TACTAGTACCGGATGG-1,visium,14149,15116,8.842315673828125,3986.0,0.5202311873435974
TACTAGTGAGACAATG-1,visium,16644,20468,10.77205753326416,9166.0,2.9096479415893555
TACTATGTTGAATCTT-1,visium,11999,16737,8.224699974060059,2067.0,0.1876172572374344
TACTCACTACTCACTC-1,visium,1992,19204,9.884100914001465,6955.0,0.9176650047302246
TACTCCGAAGTAGAAT-1,visium,6882,11131,9.219894409179688,3650.0,0.7330361604690552
TACTCCGCCAATACAA-1,visium,3004,6591,9.702533721923828,5917.0,6.0643110275268555
TACTCCTACATCAACT-1,visium,9674,14335,9.796125411987305,5138.0,1.7090685367584229
TACTCCTGAAGGATTA-1,visium,2603,18128,9.07199764251709,4079.0,0.36752039194107056
TAGAACGATTGCCTCC-1,visium,17416,20732,10.082345008850098,7561.0,1.4676367044448853
TAGAATTCAACGTGGC-1,visium,5926,5235,9.588982582092285,5702.0,2.8009862899780273
TAGACACCGGCGTCAA-1,visium,283,16799,9.465370178222656,4146.0,0.6509609222412109
TAGACAGGAGATCATT-1,visium,16437,10544,8.470730781555176,2334.0,0.37720033526420593
TAGACAGGATGCAATA-1,visium,15716,19936,10.444415092468262,8076.0,1.3245611190795898
TAGACATACGTCTAAT-1,visium,13207,11902,9.279586791992188,5249.0,1.6330721378326416
TAGACATATGGCGAGG-1,visium,16248,3839,9.64659309387207,6174.0,1.8101887702941895
TAGACATGGTTAGGTC-1,visium,6916,17569,9.284055709838867,4937.0,0.7060572504997253
TAGACCAGGTACGATC-1,visium,9914,1458,9.271341323852539,4980.0,1.3643207550048828
TAGACCATCGATTGAG-1,visium,1938,9011,9.89358901977539,6257.0,5.7822442054748535
TAGACCATTGCTTAGA-1,visium,5620,5773,9.269457817077637,3903.0,0.9615384936332703
TAGACCGAAGCAGAGC-1,visium,9386,18092,9.23853874206543,4790.0,0.6611570119857788
TAGACCGCGGAAGGAC-1,visium,6268,11671,9.413689613342285,5062.0,2.51346492767334
TAGACCGGCCAGTACG-1,visium,9677,14872,10.006585121154785,6324.0,2.1920526027679443
TAGACCTGAGGAGCTG-1,visium,5666,14356,9.848133087158203,6337.0,2.911954402923584
TAGACTAATATGGCGA-1,visium,19079,14554,9.461021423339844,5620.0,1.3854296207427979
TAGAGCAGACAGTCCA-1,visium,3680,17854,7.99799919128418,1846.0,0.2689979672431946
TAGAGGCGATTGATTC-1,visium,9651,10043,8.99293041229248,3629.0,0.5469235777854919
TAGATGAGCCGTCATT-1,visium,3148,4713,9.781997680664062,5949.0,6.363276958465576
TAGATGAGGACGCTTA-1,visium,14783,18332,9.679469108581543,6293.0,0.6068188548088074
TAGATGCGTGCCAGCG-1,visium,4718,10070,10.005682945251465,6437.0,6.8303914070129395
TAGATGCTGTATCGTA-1,visium,14234,1972,8.315321922302246,2633.0,0.7833537459373474
TAGATGGCTGTATGCC-1,visium,6432,13548,9.88139533996582,6445.0,4.012881755828857
TAGATGGTTCCTGATG-1,visium,18480,17776,9.393494606018066,5429.0,0.4579898416996002
TAGATGTCACGGTCGA-1,visium,19105,19382,10.616339683532715,8696.0,3.7725210189819336
TAGCAATTATGGACCG-1,visium,10389,3870,7.927685260772705,1901.0,0.07215007394552231
TAGCAGTCGTCATGAA-1,visium,733,14383,9.706925392150879,5707.0,3.2318928241729736
TAGCAGTGATTCTGTC-1,visium,2716,10348,9.921769142150879,6015.0,8.876668930053711
TAGCCGCAATACCTGC-1,visium,5997,18647,8.471776962280273,2433.0,0.5024073719978333
TAGCCGCTGTGGCTGG-1,visium,16319,17251,9.456497192382812,5282.0,0.4612978994846344
TAGCGGACCACTGTTA-1,visium,16921,14565,9.31686019897461,5349.0,1.4474512338638306
TAGCGTACCTTGACAT-1,visium,5785,7650,9.731215476989746,5913.0,4.865153789520264
TAGCGTACGGAGCGCC-1,visium,10936,19693,10.187236785888672,7852.0,1.6151500940322876
TAGCGTATAGCGCTAA-1,visium,10262,8967,9.16649341583252,3744.0,0.5015674233436584
TAGCGTCACGACAGGC-1,visium,16440,11080,8.688117027282715,2637.0,0.2866295576095581
TAGCGTCTCAAGGTGG-1,visium,15091,18330,9.860527992248535,6465.0,0.5324146747589111
TAGCGTCTCGGTCTAT-1,visium,10319,19697,9.743846893310547,6728.0,0.8388080596923828
TAGCGTGGCGCAAGCC-1,visium,18799,19920,10.233474731445312,8202.0,1.8009921312332153
TAGCTACCATACTGCT-1,visium,10715,7087,9.06519889831543,3881.0,0.4972247779369354
TAGCTACCTGTAGGAT-1,visium,9850,18358,10.255727767944336,7750.0,2.780902862548828
TAGCTAGAAGCGATCA-1,visium,14146,14580,9.4409761428833,5805.0,1.143492341041565
TAGCTAGACACTGGTT-1,visium,12328,20491,9.853140830993652,6684.0,0.6415312886238098
TAGCTAGAGCACGCCG-1,visium,15193,8405,9.9509916305542,6798.0,2.41274094581604
TAGCTAGAGGCCTGAA-1,visium,9176,7632,9.881446838378906,6243.0,2.606961965560913
TAGCTATGTTGAGCAC-1,visium,2277,14911,8.972209930419922,4087.0,1.2055838108062744
TAGCTCGAATCGTCCG-1,visium,11493,8424,9.602652549743652,5676.0,2.675133466720581
TAGCTTAACTAGGTTC-1,visium,17877,20461,9.888322830200195,6563.0,1.0051782131195068
TAGCTTAAGCTGGCGT-1,visium,10746,12988,9.514805793762207,5008.0,2.89865779876709
TAGGACATCAGCATGG-1,visium,6257,9525,9.560222625732422,5279.0,4.6729631423950195
TAGGACCAATTGCCAA-1,visium,18944,18042,9.644522666931152,6030.0,0.5700958967208862
TAGGACGGCCAGCCGA-1,visium,5629,7382,9.440340042114258,5041.0,3.6392531394958496
TAGGACTTCATGTTAT-1,visium,6848,4693,9.184612274169922,4378.0,0.7798870801925659
TAGGAGGCGTATTGCC-1,visium,14867,5187,8.915700912475586,4149.0,0.3894185721874237
TAGGATGCACCGTTCA-1,visium,10885,10037,9.108197212219238,4023.0,0.8307487964630127
TAGGCATCGGAGCCTC-1,visium,8772,18632,9.007367134094238,3604.0,0.5635873675346375
TAGGCATCTGCGGACC-1,visium,8594,14073,9.81460189819336,5709.0,1.3662694692611694
TAGGCGAGCGATCGGT-1,visium,8141,15953,8.953511238098145,3428.0,0.7370054125785828
TAGGCGCATATCTAAC-1,visium,5052,14896,9.806426048278809,6011.0,1.8623616695404053
TAGGCTCCGGCATACA-1,visium,4141,17584,8.306718826293945,2157.0,0.4691358208656311
TAGGCTTATCTAGCTC-1,visium,10392,4406,7.430706977844238,1249.0,0.35587188601493835
TAGGTCCGTAGCCTAT-1,visium,18112,6511,9.229750633239746,4850.0,0.8729769587516785
TAGGTCGCCGCAACTC-1,visium,19011,1678,9.63115406036377,6194.0,0.7616046071052551
TAGGTCTACTCGTGAA-1,visium,13538,16192,9.908524513244629,6860.0,2.1293532848358154
TAGGTCTGCCTCTGTA-1,visium,6766,18374,9.320807456970215,4651.0,0.4477477967739105
TAGGTCTTGGCTCGTC-1,visium,11049,11914,9.542876243591309,5369.0,3.0192198753356934
TAGTATAACCTCGACA-1,visium,16760,13225,9.671366691589355,6041.0,0.996468186378479
TAGTATCCAATTACGT-1,visium,11530,15398,9.567595481872559,5819.0,1.7631007432937622
TAGTATTGCCGAGTTG-1,visium,577,14115,9.93755054473877,5835.0,1.3773438930511475
TAGTCACTGGATAGGC-1,visium,11167,5207,9.204523086547852,4878.0,0.8952821493148804
TAGTGAACATGCAGAT-1,visium,1963,13840,9.195125579833984,4656.0,1.1169780492782593
TAGTGAATGTTCAGTG-1,visium,5652,11674,9.43779468536377,4219.0,0.5656018257141113
TAGTGACTCAATTGCT-1,visium,11513,12179,9.480062484741211,4560.0,0.824742317199707
TAGTGACTCGCTCCGC-1,visium,4113,12219,9.300911903381348,4736.0,3.8275327682495117
TAGTGAGGACATGTTG-1,visium,10902,13256,9.750627517700195,5813.0,2.8023769855499268
TAGTGAGGACGCGAAT-1,visium,17025,5176,9.5626859664917,5996.0,1.631160855293274
TAGTGAGGTATCGACC-1,visium,4600,16776,8.852092742919922,3147.0,0.48654839396476746
TAGTGAGGTGCCATCA-1,visium,17167,2761,9.511629104614258,6054.0,2.256751775741577
TAGTGATGACTCCTGG-1,visium,11057,13523,9.623773574829102,4929.0,1.4088232517242432
TAGTGCACTATTGTCA-1,visium,12904,12977,9.566265106201172,5855.0,3.278688430786133
TAGTGCAGTGCGGTAG-1,visium,5799,10332,9.774459838867188,6200.0,3.5498921871185303
TAGTGCTGTAGCGTTG-1,visium,433,15994,9.565423965454102,5283.0,1.5355490446090698
TAGTGGTTGAACCAAT-1,visium,16123,9473,8.901366233825684,3334.0,0.43590790033340454
TAGTTACATAGAAGAT-1,visium,2447,17861,9.45602798461914,4340.0,0.30506885051727295
TAGTTCAAGGTCCACG-1,visium,4523,2291,9.362631797790527,5093.0,1.442803144454956
TAGTTCAATCGACCTC-1,visium,1952,11694,9.501142501831055,5591.0,2.6095409393310547
TAGTTCCGATAGAATC-1,visium,5646,10601,9.904586791992188,6409.0,4.580190658569336
TAGTTCGAAGACATGC-1,visium,18949,19114,10.283771514892578,8449.0,2.3450586795806885
TAGTTCGAATTAGCGG-1,visium,9484,7630,9.851667404174805,6273.0,2.1117489337921143
TAGTTCGAGTAGGAAG-1,visium,6721,9791,9.09088134765625,3446.0,0.38318493962287903
TAGTTCGATCCTCACG-1,visium,6845,4157,9.158731460571289,3950.0,0.5686604976654053
TAGTTCGTTGCTAATT-1,visium,12780,18611,9.769498825073242,6112.0,0.8690183758735657
TAGTTGAGCCAGCCAG-1,visium,17040,7858,9.042276382446289,4282.0,0.9465215802192688
TAGTTGAGTTCTGCAC-1,visium,9315,4680,8.657476425170898,3174.0,0.7649513483047485
TAGTTGGCTTAGGCCT-1,visium,16434,10007,7.924796104431152,1739.0,0.8321273326873779
TATCAACGAATATGAG-1,visium,15524,12695,9.039315223693848,4150.0,0.6763972640037537
TATCAAGGCCGCGTGG-1,visium,14587,10554,10.02588176727295,6898.0,3.596867561340332
TATCAAGGCTCGTCGG-1,visium,1918,5256,9.862248420715332,6265.0,4.048772811889648
TATCAATGCCGCTCAC-1,visium,14302,14847,8.756997108459473,3632.0,0.5193579196929932
TATCACATAGCGAACT-1,visium,13184,7610,9.865785598754883,6669.0,2.8921542167663574
TATCACCGGCATCGTG-1,visium,3335,10882,9.424160957336426,5012.0,3.06064772605896
TATCACTTCGAGCCGT-1,visium,13665,11095,9.840441703796387,6078.0,2.1728711128234863
TATCATGGATGTTGCC-1,visium,5055,15433,9.052399635314941,3603.0,0.45678144693374634
TATCCAAGCGCCGTAG-1,visium,13340,7878,9.71444320678711,6277.0,2.0659658908843994
TATCCAATACCGCAAT-1,visium,14098,5460,8.40715503692627,2920.0,0.9379187822341919
TATCCACTTGCGTATC-1,visium,10121,11382,9.360053062438965,4169.0,1.1451696157455444
TATCCGATCTTGGCGG-1,visium,6769,18911,8.751632690429688,3356.0,0.3164556920528412
TATCCGTAAGCCAGCG-1,visium,8681,1465,9.684896469116211,5556.0,1.3066202402114868
TATCCTGCGGTTGATC-1,visium,8913,16217,9.04829216003418,3185.0,0.4116194248199463
TATCCTGGCCGGCATA-1,visium,379,5801,10.238637924194336,7191.0,6.176239013671875
TATCTAATCACCTCGG-1,visium,17535,14025,9.927301406860352,6501.0,1.054636001586914
TATCTAGGAGTGGACA-1,visium,17538,14562,9.387314796447754,5503.0,1.240050196647644
TATCTAGTCGCATGCA-1,visium,7680,16224,8.337348937988281,2570.0,0.5986589789390564
TATGAACTACGCGGTG-1,visium,3157,6322,9.610323905944824,5805.0,5.14178466796875
TATGAAGCGACCGTCC-1,visium,13385,16462,9.830917358398438,5671.0,0.8441314101219177
TATGACAATGCTTGAA-1,visium,9968,11651,9.520028114318848,3473.0,0.30082911252975464
TATGACAGCGAGAAGC-1,visium,4266,11950,9.11723804473877,3548.0,0.603732168674469
TATGACCGATGAAGTG-1,visium,260,12507,9.971006393432617,6609.0,5.328098773956299
TATGACGCCTTCCGTG-1,visium,18477,17239,9.00932502746582,4400.0,0.6725360751152039
TATGACGCGTATGTCG-1,visium,4283,15169,8.67470932006836,2928.0,0.23923444747924805
TATGACGGAGATTGGC-1,visium,13527,14047,10.048625946044922,7260.0,3.3559658527374268
TATGACTCAATGATCG-1,visium,3069,18930,8.680671691894531,3122.0,0.3397316336631775
TATGAGCCGCAATCCG-1,visium,19172,3018,10.485870361328125,8659.0,3.5749197006225586
TATGAGCGATCCATTA-1,visium,6718,9254,9.245611190795898,3891.0,1.0330179929733276
TATGAGGATCTACTGG-1,visium,6896,13813,9.797571182250977,6108.0,3.802323818206787
TATGAGTTCCGAGTGA-1,visium,15979,11351,9.408370971679688,3895.0,0.3199606239795685
TATGCCACAGCCGGTG-1,visium,10539,3064,8.95982551574707,3998.0,0.5139406323432922
TATGCTCCTGGTTAGT-1,visium,9541,18360,9.26274299621582,4921.0,1.0344500541687012
TATGGCAGTTCGTCTA-1,visium,12098,6275,9.386476516723633,4990.0,1.1153039932250977
TATGGCCATAATAGAC-1,visium,10251,6821,9.024733543395996,3469.0,0.6502107381820679
TATGGCCGGCGACACT-1,visium,7485,8445,9.832635879516602,6042.0,3.0433149337768555
TATGGCCTCACGTACA-1,visium,2088,8206,10.003966331481934,6528.0,4.0338263511657715
TATGTAGAGCTGATCA-1,visium,9626,5215,8.83025074005127,3617.0,0.45341524481773376
TATGTCATAAGCGTCG-1,visium,12559,6004,9.240578651428223,4987.0,2.1443819999694824
TATGTCGAGGTTGAAG-1,visium,12907,13513,9.853667259216309,6260.0,1.9919061660766602
TATGTCTAAGACGCAA-1,visium,7142,2009,9.364520072937012,5253.0,1.7915310859680176
TATGTTAGGCCGAACC-1,visium,14474,18333,9.585826873779297,5973.0,0.6732618808746338
TATGTTGCAGTCTAGG-1,visium,8087,5760,8.577912330627441,2644.0,0.6024096012115479
TATGTTGGAGTTGTAA-1,visium,667,2044,9.191157341003418,3819.0,1.2131716012954712
TATGTTGGCGAGAACA-1,visium,18601,11605,8.64382553100586,2416.0,0.6873457431793213
TATGTTGGTAGGTCGT-1,visium,14418,7604,10.012880325317383,7076.0,2.747523546218872
TATGTTGGTCCAGTGA-1,visium,7176,8447,9.865630149841309,5878.0,2.2382633686065674
TATTAACTTCCGCTCA-1,visium,5196,13018,9.033364295959473,3461.0,0.39393576979637146
TATTAAGCAGCGCCGG-1,visium,8078,4150,8.877660751342773,3740.0,0.6137536764144897
TATTAATATGTCGACT-1,visium,4073,4708,9.586994171142578,5476.0,4.30247688293457
TATTCCGGTTGTTAAT-1,visium,5004,5776,9.677778244018555,5675.0,5.232485294342041
TATTCGACAACCGTGA-1,visium,15809,8401,9.140990257263184,4539.0,0.7289098501205444
TATTCGATGATCTAGT-1,visium,14548,3043,9.238636016845703,4888.0,0.884697675704956
TATTCGGTGGAGATTC-1,visium,10093,6017,8.648396492004395,2776.0,0.9824560880661011
TATTCGTCTGCGGTGG-1,visium,767,20820,9.492130279541016,5248.0,0.663950502872467
TATTCGTTAACAGGCA-1,visium,747,17065,9.56092643737793,4458.0,0.42259475588798523
TATTCGTTATCGCCTG-1,visium,9931,4677,7.998671531677246,1905.0,0.5712365508079529
TATTCTAAGGCTCATC-1,visium,9168,6022,9.00908088684082,3256.0,0.5259295701980591
TATTCTAGAATCGGAC-1,visium,15956,7059,7.628031253814697,1462.0,0.4381694495677948
TATTCTCAGCGGCTGG-1,visium,10407,7089,9.146655082702637,3386.0,0.6608399152755737
TATTCTCCTATGATGG-1,visium,6862,7376,9.770641326904297,5817.0,2.7354235649108887
TATTGAATCCGACTAA-1,visium,7666,13541,9.793728828430176,5072.0,1.5178571939468384
TATTGAGCATGGACCG-1,visium,18890,7848,8.904766082763672,4023.0,0.7466738820075989
TATTGATCGTGATCTT-1,visium,11804,8959,9.737787246704102,5913.0,2.9684274196624756
TATTGATCTACTTCGG-1,visium,8845,3341,9.207135200500488,4744.0,0.8227149844169617
TATTGTTAACCGAGAC-1,visium,17993,13218,9.715590476989746,6138.0,3.728956699371338
TCAACAATGGAGGCCT-1,visium,8098,7906,9.958874702453613,6236.0,2.758065938949585
TCAACACCAATCATTA-1,visium,3615,5515,9.594650268554688,5787.0,3.7861764430999756
TCAACAGGCCATGCCG-1,visium,13699,17533,9.54995059967041,5561.0,0.7690664529800415
TCAACATGGATACAAC-1,visium,7617,4421,9.055789947509766,4049.0,0.44356250762939453
TCAACCGGAGACCTCG-1,visium,3946,9805,9.802285194396973,6040.0,7.2645792961120605
TCAACGTCTTCGGTCC-1,visium,16542,1155,9.262838363647461,5247.0,1.0533307790756226
TCAAGGAACCTATTGC-1,visium,2433,15178,9.17626667022705,4254.0,0.7346854209899902
TCAAGGCAACGCGGCT-1,visium,14602,13236,10.074326515197754,7218.0,3.1064276695251465
TCAAGGCCATAGCCTG-1,visium,10155,17820,9.339261054992676,5110.0,0.6681318879127502
TCAAGGCGTCTACTCC-1,visium,15795,5719,8.879194259643555,4056.0,0.34818941354751587
TCAAGGTACACGAAGA-1,visium,2144,18935,9.880218505859375,6778.0,2.047187566757202
TCAAGGTATCAACTTA-1,visium,8876,9243,9.240869522094727,3535.0,0.5820156931877136
TCAAGGTCTGAATATG-1,visium,8401,6831,9.886595726013184,6293.0,2.5834012031555176
TCAAGTGATGGTTAAT-1,visium,9159,4413,9.158309936523438,4538.0,1.0219131708145142
TCAATATTCCGGTTAG-1,visium,15334,5990,8.359837532043457,2690.0,0.44486069679260254
TCAATCAGATGACGTG-1,visium,4670,949,9.600420951843262,5730.0,1.2728503942489624
TCAATTAATAGAACCT-1,visium,15034,7601,10.1061429977417,7069.0,2.8662421703338623
TCAATTATACCAGAAC-1,visium,17575,21536,10.250722885131836,8398.0,0.6925305724143982
TCACAAGACTTAGCTT-1,visium,17968,8390,7.958926677703857,1785.0,0.38461539149284363
TCACAAGATGACTCGA-1,visium,14732,8675,10.048842430114746,7070.0,2.6158769130706787
TCACAAGCTCGAGGCA-1,visium,9046,12193,9.648918151855469,5756.0,2.9992260932922363
TCACAAGGAGAACAAG-1,visium,12712,5735,9.465292930603027,5612.0,1.0772688388824463
TCACAGCACCAAGGTT-1,visium,5058,15969,8.865311622619629,2843.0,0.31069058179855347
TCACATAAGCGTTGCC-1,visium,1010,8480,10.243667602539062,7384.0,4.985232830047607
TCACATAGACCTCCGT-1,visium,2591,15982,9.436997413635254,5238.0,2.989715337753296
TCACATCCTGTCGCGG-1,visium,14763,14576,8.69366455078125,3372.0,0.33534541726112366
TCACATCCTTATACAG-1,visium,13253,20486,9.795178413391113,6341.0,0.5070767998695374
TCACATCCTTCTCAGT-1,visium,6741,13546,9.801454544067383,5934.0,2.6856415271759033
TCACATGGATAACTGT-1,visium,17786,3294,10.117267608642578,7479.0,4.167003154754639
TCACATTGTCGGTGAC-1,visium,7983,15149,9.569412231445312,4677.0,0.7821775078773499
TCACCATAGATTGTTA-1,visium,5027,10068,9.773094177246094,5764.0,8.106413841247559
TCACCGTTGCTAATGG-1,visium,8127,13270,9.926862716674805,6366.0,4.2448225021362305
TCACGACATCAGAAGG-1,visium,14760,14040,9.884407043457031,6856.0,2.1915295124053955
TCACGATACCTAGCCA-1,visium,12421,8956,9.469082832336426,5475.0,3.3894379138946533
TCACGCTATCCACTAC-1,visium,13487,6536,9.909817695617676,6584.0,3.030905246734619
TCACTACGACTCTGCG-1,visium,13691,15923,9.377209663391113,5136.0,1.0833686590194702
TCACTCCGCTCACTGG-1,visium,4537,4974,9.656883239746094,5721.0,4.191195011138916
TCAGAATCCTACGGTG-1,visium,13097,20219,9.911307334899902,6564.0,0.6400079727172852
TCAGAATCGATATCAT-1,visium,9182,8705,9.031332969665527,3637.0,0.5143540501594543
TCAGAATCTAATAGTC-1,visium,2404,9814,9.87704086303711,6129.0,6.81829833984375
TCAGACCGGCCTGCTC-1,visium,2373,3912,9.970257759094238,6444.0,4.415341377258301
TCAGATTACCAGGTTA-1,visium,1485,10891,9.994926452636719,6429.0,5.042438507080078
TCAGCGCCTAGTCTTA-1,visium,9928,4140,8.69533920288086,3478.0,0.719785749912262
TCAGCGTGACCTTACC-1,visium,9363,13800,9.686574935913086,3822.0,0.20498168468475342
TCAGCTACCAACTCCG-1,visium,11072,16206,9.223947525024414,3903.0,0.34530386328697205
TCAGCTAGGATGTACT-1,visium,7196,12202,9.953800201416016,6600.0,3.651752233505249
TCAGCTATTAATCGCT-1,visium,7507,12737,9.668081283569336,5665.0,3.397873878479004
TCAGCTCGATGACTTC-1,visium,17399,17513,9.122928619384766,4589.0,0.2837808430194855
TCAGCTCGCCAGGATG-1,visium,12896,11367,9.182969093322754,4820.0,0.6578271389007568
TCAGGAATAGAACCTG-1,visium,2212,2572,8.731821060180664,3175.0,1.2911555767059326
TCAGGAGCAACGGTCG-1,visium,8732,11121,9.787627220153809,6122.0,3.514681816101074
TCAGGATACACTACAA-1,visium,11685,15666,9.941023826599121,7091.0,1.8349065780639648
TCAGTATGTAGGACAA-1,visium,6905,15423,9.200289726257324,3695.0,0.383877158164978
TCAGTCATTGCAAGTG-1,visium,13637,5730,9.299083709716797,5145.0,0.6955248117446899
TCAGTCCAACGGAAGT-1,visium,3182,11151,8.583168029785156,2803.0,1.1610486507415771
TCAGTCCGGCGATTGG-1,visium,19167,1946,9.616671562194824,6332.0,0.8193445205688477
TCAGTCGAAGTATCTA-1,visium,9852,18894,10.481195449829102,8272.0,2.455244302749634
TCAGTCGCCAAGGTTG-1,visium,8263,9783,9.220884323120117,4234.0,0.6729341745376587
TCAGTCGTCACTGAGC-1,visium,11250,20765,9.579971313476562,5903.0,0.41462233662605286
TCAGTCGTGCCGGCAG-1,visium,13371,13779,9.611462593078613,5737.0,2.4173028469085693
TCAGTGAAGAGTTCTA-1,visium,9306,3071,9.112948417663574,4488.0,0.9150038361549377
TCAGTGCCAAGTAGCA-1,visium,18627,16434,10.256711959838867,7840.0,1.9808934926986694
TCAGTGTAGGACGTCG-1,visium,14325,19139,9.350015640258789,5089.0,0.6261958479881287
TCAGTTCAGAATCTCG-1,visium,10000,17552,9.394327163696289,5252.0,0.5491305589675903
TCAGTTCTCCGGACCG-1,visium,10732,10306,8.618485450744629,2680.0,0.2711496651172638
TCAGTTGACAGTGCCA-1,visium,3952,10878,10.110502243041992,6681.0,6.5978288650512695
TCAGTTGCAGTTCTTA-1,visium,15617,1160,9.271246910095215,5327.0,1.279759168624878
TCAGTTGCTAAGCCTA-1,visium,2070,4987,9.894144058227539,6345.0,2.952606678009033
TCATAATTCGTGCAGA-1,visium,2828,2569,8.908559799194336,3995.0,0.6491749882698059
TCATACTGGTGAACCG-1,visium,18915,12677,8.8401460647583,3634.0,1.5496017932891846
TCATAGCTTCCAGTAC-1,visium,8271,11392,9.850614547729492,6175.0,3.7956666946411133
TCATAGGTAGTGACGA-1,visium,7315,5496,8.742574691772461,3020.0,0.6227047443389893
TCATAGGTATTGCGTG-1,visium,2679,3374,9.068777084350586,3517.0,1.4402581453323364
TCATAGGTGAGTCGAC-1,visium,16135,11618,8.668540000915527,2783.0,0.6017881631851196
TCATAGTACTAGTTCA-1,visium,306,21091,9.289336204528809,4560.0,0.3788928985595703
TCATCCACGTGGTCAC-1,visium,1027,11699,9.969040870666504,6751.0,4.4019856452941895
TCATCCATGCCAAGCG-1,visium,8854,4951,8.623713493347168,3159.0,0.7013127207756042
TCATCGCTGCGTATTG-1,visium,6062,1747,9.570878028869629,5360.0,2.37099027633667
TCATCGCTGTGCAACA-1,visium,4546,6583,8.671114921569824,2881.0,0.6688389182090759
TCATCGGCCTGTGCGG-1,visium,10245,5748,8.719807624816895,3480.0,0.751388430595398
TCATCGGTCTCAGTTC-1,visium,18547,1412,9.036820411682129,4608.0,0.9398048520088196
TCATCGTTATGTATCT-1,visium,15218,13233,9.639847755432129,5806.0,1.223639726638794
TCATCTATCCACGATT-1,visium,2707,8739,9.851773262023926,6212.0,5.376230716705322
TCATCTCATGATACGT-1,visium,19198,7847,8.963031768798828,4146.0,0.5507172346115112
TCATCTCCAACCACCT-1,visium,7024,8716,9.989343643188477,6365.0,2.5330395698547363
TCATCTCCAGCCGGTG-1,visium,1828,17328,9.610591888427734,4848.0,0.9382749199867249
TCATCTGCCGCTATTC-1,visium,13490,7072,10.115853309631348,7123.0,3.4450690746307373
TCATCTTCCACGTATG-1,visium,5360,14895,9.805654525756836,6221.0,2.5861592292785645
TCATCTTCGACACCGT-1,visium,2534,5253,9.81760311126709,6117.0,4.358960151672363
TCATGAGGCTTGACGC-1,visium,2753,17323,8.393442153930664,2239.0,0.5433552265167236
TCATGAGGTTGATATG-1,visium,2727,12494,9.72280502319336,6150.0,2.5399868488311768
TCATGAGTAAGACATC-1,visium,16768,14834,9.06519889831543,4334.0,0.48566144704818726
TCATGATTCACTCAGT-1,visium,18932,15896,9.947839736938477,7313.0,1.5593609809875488
TCATGATTCTGATACT-1,visium,10613,17013,8.648221015930176,2898.0,0.4562203884124756
TCATGCAGCGCCTTCG-1,visium,14398,3849,9.065661430358887,4256.0,0.6703652143478394
TCATGGTTCCGAACTT-1,visium,16483,19128,10.646519660949707,8192.0,1.355690360069275
TCATTCACGCGAGCTC-1,visium,10536,2528,8.980927467346191,4068.0,0.5157881379127502
TCATTCACTGTAATGG-1,visium,15207,11087,9.274160385131836,3969.0,0.2908613383769989
TCATTCTGATGGTGCG-1,visium,17170,3297,9.807802200317383,6750.0,3.3399362564086914
TCATTGATAGACTTGC-1,visium,7830,15418,9.29155158996582,4399.0,0.5624712109565735
TCATTGATAGGTGGAA-1,visium,2758,18396,9.06021499633789,4306.0,0.2905287444591522
TCATTGCAAGTGCTCA-1,visium,15006,2236,9.262458801269531,5064.0,0.8543763160705566
TCATTGGCGACCGACG-1,visium,1180,11430,9.99145221710205,6638.0,4.757761478424072
TCATTGTTCAATGCGT-1,visium,7202,13275,9.785323143005371,5991.0,3.095104217529297
TCCAACATGACCGGTC-1,visium,18613,13751,10.296407699584961,7860.0,4.5333333015441895
TCCAACGAAGATGCTT-1,visium,10868,6818,8.854522705078125,3276.0,0.44254106283187866
TCCAACGCGACGTTGG-1,visium,17942,3561,9.604475021362305,6013.0,2.063385009765625
TCCAACGTGGTTGTTC-1,visium,5640,9528,9.873595237731934,6212.0,6.378155708312988
TCCAACTAAGACTCCA-1,visium,10282,12723,9.621191024780273,4882.0,1.6445623636245728
TCCAACTGAATAAGGT-1,visium,7038,11398,9.354873657226562,5030.0,2.6138134002685547
TCCAACTGCCGCCATA-1,visium,13198,10293,9.95854377746582,6503.0,3.3410627841949463
TCCAACTGGCTGAAGA-1,visium,9536,17287,8.952863693237305,4213.0,0.6469142436981201
TCCAAGACCGCTTGAT-1,visium,12107,7884,9.282474517822266,5007.0,2.586768388748169
TCCAATAACGTGCTAG-1,visium,9617,3606,9.13335132598877,4421.0,0.8425145149230957
TCCAATACTATCTGTT-1,visium,1813,14645,9.510222434997559,5552.0,1.4893301725387573
TCCAATACTGGAGCGT-1,visium,14395,3312,9.158625602722168,4717.0,0.8425487279891968
TCCAATCCAGATACAT-1,visium,2113,13034,9.859169960021973,6506.0,3.7528746128082275
TCCAATCTAACACGCA-1,visium,15060,12429,9.408206939697266,4840.0,0.7631081938743591
TCCAATTAGCAATCAA-1,visium,6605,17034,9.429154396057129,5462.0,0.8999598026275635
TCCAATTGGTTACAGT-1,visium,7637,8176,9.711054801940918,5372.0,1.7274820804595947
TCCACCAAGTGACGAA-1,visium,4232,5512,9.52112865447998,5397.0,4.368220806121826
TCCAGAGGCAAGAACT-1,visium,18550,1949,9.226410865783691,5126.0,1.0628875494003296
TCCAGATCGGTCGAGT-1,visium,17572,21000,9.088172912597656,4669.0,0.9153576493263245
TCCAGCTCTGCTATAG-1,visium,15928,1694,9.09245777130127,4692.0,0.9114437103271484
TCCAGTACCGAGCGCA-1,visium,12248,5469,9.121399879455566,4683.0,0.7870572805404663
TCCAGTACGTGCTATG-1,visium,9213,14606,9.867912292480469,6049.0,3.3730571269989014
TCCAGTCAGTACATTA-1,visium,11015,5476,9.311090469360352,4947.0,1.0127497911453247
TCCAGTGATGCGTATC-1,visium,266,13580,10.017753601074219,6931.0,5.8519182205200195
TCCAGTGATTGGTGCT-1,visium,2266,12765,9.979059219360352,6729.0,5.1787285804748535
TCCAGTTGAAGTAGCA-1,visium,14859,3578,8.96635627746582,4395.0,0.6765381693840027
TCCAGTTGTACCTGTC-1,visium,17699,15902,9.730917930603027,6554.0,1.8480005264282227
TCCATAGCGACTCAGT-1,visium,15628,3306,9.133243560791016,4864.0,0.8858160972595215
TCCATCGGCTAGACGA-1,visium,15962,8132,8.512381553649902,3185.0,0.80402010679245
TCCATGATGTGATCAA-1,visium,11985,14055,8.824972152709961,3764.0,5.896191596984863
TCCATGCGTCCACCAG-1,visium,11844,16470,8.254528999328613,2323.0,0.4162331223487854
TCCATGCGTCGGTTAC-1,visium,1165,8747,9.963641166687012,6442.0,6.139648914337158
TCCATGTCGGACCGAC-1,visium,756,18674,9.873595237731934,6892.0,2.122617244720459
TCCGAACATAGTCTGA-1,visium,15210,11623,8.627481460571289,3327.0,0.5374417901039124
TCCGAACCTCAACCAT-1,visium,8435,13269,9.848397254943848,6079.0,2.41982364654541
TCCGAAGTGACAGGCT-1,visium,4367,2024,9.19156551361084,4898.0,1.9362071752548218
TCCGAATACTCGCTGG-1,visium,3214,17052,8.455317497253418,2195.0,0.4681847095489502
TCCGAATAGAAGCACC-1,visium,16129,10546,8.8062744140625,3131.0,0.47940075397491455
TCCGAATCATGTTGTC-1,visium,6415,10329,9.57734203338623,4939.0,2.9099979400634766
TCCGAATCGCAGGTTC-1,visium,12573,8687,9.8699312210083,6553.0,3.32488751411438
TCCGACCGCAAGTCCT-1,visium,17928,879,9.644068717956543,5700.0,0.9203447699546814
TCCGAGTACGACTTAG-1,visium,7032,10326,9.078179359436035,3480.0,0.7190960049629211
TCCGATGCGTATCCGG-1,visium,5516,15162,9.563810348510742,5619.0,1.706580400466919
TCCGCCAACATTGCTC-1,visium,3174,9541,9.903087615966797,6186.0,7.293281555175781
TCCGCCAAGGTCCGTT-1,visium,11490,7888,9.375431060791016,4620.0,0.6020010113716125
TCCGCCAGTGATTAAT-1,visium,8421,10586,8.679482460021973,3198.0,0.5952380895614624
TCCGCCGGTCTATTCA-1,visium,3168,8468,9.809561729431152,6241.0,4.674283027648926
TCCGCCTTGTTCTGAT-1,visium,11481,6278,9.032408714294434,4031.0,0.8364201784133911
TCCGGCTATGCTCAGT-1,visium,11484,6815,9.033961296081543,4287.0,1.0021474361419678
TCCGGCTCTATGGACA-1,visium,8752,14877,9.909370422363281,6229.0,3.285778284072876
TCCGGTACGTGGCCTC-1,visium,5162,6580,8.777092933654785,2800.0,0.6324232816696167
TCCGGTTCCGTTCTAG-1,visium,13956,7875,9.893134117126465,6570.0,3.3850350379943848
TCCGTACTATCCTGCT-1,visium,16859,2762,9.377294540405273,5629.0,2.208869457244873
TCCGTCATAAGATGAC-1,visium,1222,19477,10.196269035339355,7655.0,1.358107566833496
TCCGTCCACTCGGAGC-1,visium,15077,15648,9.634627342224121,5640.0,0.7982203960418701
TCCGTCGGTACAAGTT-1,visium,2549,7935,9.978826522827148,6550.0,4.609534740447998
TCCGTGTCTTACATAA-1,visium,7954,9784,9.406482696533203,4403.0,0.6904488205909729
TCCGTGTTCTGTTCTG-1,visium,6755,16228,9.224342346191406,4651.0,0.6114398837089539
TCCGTTGGAGCTCACT-1,visium,1986,18131,9.619132995605469,5773.0,1.1429331302642822
TCCGTTGGTTCACTCG-1,visium,17625,1954,9.255026817321777,5361.0,1.386763572692871
TCCTAAGCTTAGGTTA-1,visium,14644,21283,8.868695259094238,4120.0,0.19704434275627136
TCCTAATTGCGGCCTG-1,visium,4240,7121,9.589187622070312,5568.0,3.2454638481140137
TCCTAATTGCTCAACG-1,visium,14613,15382,9.969743728637695,7040.0,3.495718240737915
TCCTACAAGCTCGAAC-1,visium,14262,7336,9.917193412780762,6760.0,3.018495559692383
TCCTACCGATCGTGGC-1,visium,4534,4437,9.370927810668945,4600.0,1.7630524635314941
TCCTACGTAAGCCAGA-1,visium,15481,4648,9.573524475097656,6093.0,1.10585618019104
TCCTAGGTATCTGATG-1,visium,2427,14105,9.24609375,4472.0,2.026440143585205
TCCTATCCTCGAATCA-1,visium,10772,17817,9.41654109954834,5433.0,0.7811864614486694
TCCTATCCTGTCAATA-1,visium,10314,18624,10.14372444152832,7518.0,2.095949649810791
TCCTATGAGGATTGTT-1,visium,3641,10344,9.652009010314941,5647.0,6.597222328186035
TCCTATTGACTGTTGA-1,visium,1494,12501,9.674640655517578,6192.0,2.545888900756836
TCCTCAAGCGAGGTCC-1,visium,16183,20739,10.323479652404785,8566.0,1.8562322854995728
TCCTCAATGAGGAACG-1,visium,10723,8696,9.267098426818848,4263.0,0.7275819778442383
TCCTCAATGCTAAGGC-1,visium,14636,19674,9.932512283325195,7162.0,1.0637264251708984
TCCTCACGTGTAGACG-1,visium,11832,14324,8.514389038085938,2492.0,1.2637914419174194
TCCTCAGTCGGATGCG-1,visium,1822,16255,9.788021087646484,6183.0,4.214838981628418
TCCTCATCGTGCTGGA-1,visium,13210,12439,9.261223793029785,5075.0,0.9029560089111328
TCCTCATGGCACCGTT-1,visium,1151,6065,10.181157112121582,6965.0,6.76893949508667
TCCTGAAGCGTGCACT-1,visium,4580,13021,8.794522285461426,2956.0,0.4850689768791199
TCCTGACACTTCACGG-1,visium,12927,17269,9.21034049987793,4155.0,0.40004003047943115
TCCTGATAAGTGCCGT-1,visium,13069,14854,9.934162139892578,7108.0,2.7009990215301514
TCCTGCCGTGTCTAAG-1,visium,7920,3346,8.622273445129395,3260.0,0.48622366786003113
TCCTGGTGCGAGGCCT-1,visium,15860,18058,9.619797706604004,5998.0,0.6175708770751953
TCCTGGTGGCAATAGC-1,visium,7499,11128,8.617219924926758,3278.0,0.7963801026344299
TCCTTACTCGCAATGA-1,visium,15685,14035,10.129386901855469,7224.0,2.692676067352295
TCCTTCCAACCGCAAC-1,visium,11236,18082,9.571853637695312,5720.0,0.5434025526046753
TCCTTGAACAGGACCA-1,visium,1338,12233,10.0338134765625,7064.0,4.937892436981201
TCCTTGGCTCAAGAGT-1,visium,3038,13029,9.892729759216309,6366.0,3.8968915939331055
TCGAACAGGTTGCACG-1,visium,2523,3107,8.86163330078125,3053.0,0.5244507193565369
TCGAATCTTGCGTTAC-1,visium,7773,4688,8.961365699768066,3801.0,0.6542655825614929
TCGAATGGTTCCACGC-1,visium,5773,5504,9.289982795715332,4408.0,1.0251200199127197
TCGAATTAGTTACTCC-1,visium,3485,10076,9.71081256866455,5968.0,6.141627311706543
TCGAATTGTACACTAT-1,visium,2577,13300,9.993876457214355,6658.0,4.453885078430176
TCGACCAATCCGGTTG-1,visium,17501,7588,8.684908866882324,3323.0,0.30446547269821167
TCGACGAAGAGCAAGT-1,visium,13832,13508,9.997614860534668,6752.0,4.84685754776001
TCGACGAAGCAGCTCA-1,visium,13400,19144,9.900934219360352,6755.0,1.1379586458206177
TCGACTCAGGTTAACC-1,visium,4056,1489,9.440499305725098,5528.0,1.9623421430587769
TCGACTGCAATTCTCG-1,visium,18400,2754,10.237993240356445,8033.0,2.912968873977661
TCGACTTATTAATCCT-1,visium,16400,3570,9.713356018066406,6481.0,2.7999515533447266
TCGAGCTGGTTGCCGA-1,visium,18296,12144,7.789868354797363,1484.0,1.2422360181808472
TCGAGTGGTAGGTCAC-1,visium,12423,9492,9.786785125732422,6147.0,2.8208584785461426
TCGATAGGAGCTGCAG-1,visium,13711,19679,9.863134384155273,6681.0,0.9423156976699829
TCGATATTAGACATAC-1,visium,3972,14634,8.911933898925781,3532.0,0.5391562581062317
TCGATATTGTCCTAAC-1,visium,16873,5445,9.195125579833984,4785.0,1.2794475555419922
TCGATCCAACGTCCTT-1,visium,17636,4100,9.52835750579834,5862.0,1.2879284620285034
TCGATCCAGTCTGTAG-1,visium,9032,9510,9.257319450378418,3714.0,0.6011450290679932
TCGATCGCACCTAATC-1,visium,16887,8127,7.381502151489258,1016.0,0.5607476234436035
TCGATCGTATAACGAC-1,visium,16800,20735,10.303069114685059,8198.0,1.733561396598816
TCGATCGTGAGGCGCC-1,visium,15394,17256,9.460086822509766,5442.0,0.5531318187713623
TCGATCGTTGTCTGAA-1,visium,10472,19428,10.321013450622559,7889.0,2.4009485244750977
TCGATCTAATGTTAGT-1,visium,4877,10873,9.887307167053223,6132.0,6.870616912841797
TCGATCTAGCCGATTC-1,visium,5321,7384,9.570947647094727,5728.0,3.033261299133301
TCGCAATAGTGACGCA-1,visium,7153,4155,9.086023330688477,4044.0,0.6115515232086182
TCGCAATGATAGTTCA-1,visium,16878,6518,8.808518409729004,3632.0,0.4932735562324524
TCGCACGATTCGGTGG-1,visium,13241,18340,9.804882049560547,6489.0,0.6677335500717163
TCGCACTCTTGGACAG-1,visium,7066,16763,9.434523582458496,5355.0,0.8711637258529663
TCGCACTGCTGTGCTC-1,visium,6099,8721,9.677151679992676,5709.0,4.815650939941406
TCGCACTGTACGGCGA-1,visium,8429,12196,9.645816802978516,5796.0,3.0473601818084717
TCGCACTTACTGAAGT-1,visium,5015,7922,9.811481475830078,5986.0,6.644372463226318
TCGCACTTCAGTGACA-1,visium,6675,1207,8.84101390838623,3392.0,0.8392418026924133
TCGCACTTGGTCCGTC-1,visium,854,8212,10.0260591506958,6449.0,2.8265581130981445
TCGCCAGGCATGCCTC-1,visium,15009,2772,9.028099060058594,4486.0,0.9960398077964783
TCGCCGGAAGGCAGGA-1,visium,18870,4093,9.804882049560547,6674.0,3.437999963760376
TCGCCGTATCATGCTT-1,visium,13020,5734,9.319822311401367,5250.0,1.210111141204834
TCGCCGTTGTTACAAG-1,visium,1748,2306,8.95363998413086,3091.0,0.2973497211933136
TCGCCTAATGACCGGT-1,visium,7753,933,9.558246612548828,5861.0,2.4152541160583496
TCGCCTAGATAATTAA-1,visium,5674,15966,8.842026710510254,2547.0,0.3324660360813141
TCGCCTATCGACTCCT-1,visium,8110,10052,9.329545021057129,5024.0,1.278295636177063
TCGCCTGACGGCCACT-1,visium,7493,10055,9.50680923461914,5427.0,2.3271377086639404
TCGCCTGCGTGCGTGG-1,visium,1182,11966,10.055479049682617,6872.0,5.5923027992248535
TCGCCTGCTATCAGTC-1,visium,16938,17784,9.569132804870605,5895.0,0.6426824927330017
TCGCCTGGTGGATTCT-1,visium,14313,16993,9.907479286193848,7132.0,1.6435080766677856
TCGCGACGTGGTAAGT-1,visium,10378,1724,9.078521728515625,4105.0,0.5020538568496704
TCGCGGAAGCACCACG-1,visium,15461,892,9.502562522888184,6038.0,1.1871873140335083
TCGCGGAGTACAACCA-1,visium,3295,3371,8.868131637573242,3139.0,0.3943106532096863
TCGCGGAGTTAGACTT-1,visium,289,17872,9.877553939819336,6558.0,2.263047218322754
TCGCGGTCCGGATCAG-1,visium,5598,1481,9.58617115020752,5499.0,4.106860637664795
TCGCGTTACGCAGAAT-1,visium,19042,7579,9.080573081970215,4560.0,0.5465725660324097
TCGCTTACTCGCAAGT-1,visium,9926,3604,8.674367904663086,3468.0,0.5299145579338074
TCGGAACGTCTGCAAG-1,visium,14596,12163,9.040263175964355,4291.0,0.6046236157417297
TCGGAATCAGCCTAAC-1,visium,9694,18091,9.325899124145508,5124.0,1.113684892654419
TCGGACATTCTATGAG-1,visium,5032,11141,9.937744140625,6495.0,6.26207971572876
TCGGACCAACCATACA-1,visium,15772,1427,9.344871520996094,5635.0,1.5385960340499878
TCGGACCAGATTCAAT-1,visium,3753,2564,9.53560733795166,5857.0,1.531459927558899
TCGGACCAGGATCGCC-1,visium,17065,12687,8.69751262664795,3392.0,0.8351428508758545
TCGGACGTTGCCTCAG-1,visium,7389,19444,7.8407063484191895,1669.0,0.19677293300628662
TCGGACTGCCACCTCC-1,visium,9329,7363,9.75121021270752,6044.0,1.787585973739624
TCGGAGCGTTACCTCG-1,visium,12251,6006,9.446439743041992,5629.0,1.516348123550415
TCGGAGCTGAGTCGGA-1,visium,15100,19940,10.375614166259766,8684.0,2.1174416542053223
TCGGAGGCTGTAGTTG-1,visium,7139,1473,9.34285831451416,5239.0,1.9533988237380981
TCGGAGTGGTACTTGC-1,visium,543,7677,9.995884895324707,6997.0,4.5224528312683105
TCGGAGTTGTCTTGTT-1,visium,5677,16502,8.872206687927246,3944.0,0.5469845533370972
TCGGCACTGGCGCCGA-1,visium,4865,8728,9.556833267211914,5238.0,4.497878074645996
TCGGCGCAGAATGTCT-1,visium,11654,9765,9.835369110107422,6120.0,2.8423080444335938
TCGGCGCAGATAGATA-1,visium,6729,11400,9.631875991821289,5498.0,3.044219970703125
TCGGCGCTATCACGTG-1,visium,14160,17262,9.732876777648926,6597.0,1.3699442148208618
TCGGCGGAACATACGC-1,visium,12019,20492,9.831400871276855,6530.0,0.5857695937156677
TCGGTAATTACGTGGA-1,visium,15504,8939,9.597166061401367,5918.0,2.560793399810791
TCGGTAGGCATCACGC-1,visium,15357,10281,9.273033142089844,4755.0,0.7420627474784851
TCGGTATCGTAATTGG-1,visium,4381,4706,9.559446334838867,5472.0,3.928899049758911
TCGGTATCTAGTATAC-1,visium,7136,936,9.358588218688965,5311.0,1.1640942096710205
TCGGTGATCGCCGGCC-1,visium,4096,9000,9.737433433532715,5708.0,7.485683917999268
TCGGTGTCAACAGGCA-1,visium,15167,3576,9.176473617553711,4752.0,0.6828057169914246
TCGGTGTCTAACCAAG-1,visium,12299,15126,9.691902160644531,6366.0,2.527031183242798
TCGTAAGGCGTTCAGG-1,visium,8158,19172,9.037652015686035,3522.0,0.2258409559726715
TCGTATACAAGACGAG-1,visium,4684,3632,9.5960111618042,4710.0,0.8568513989448547
TCGTATAGGAGCCTAT-1,visium,2456,19470,8.720133781433105,3632.0,0.44088828563690186
TCGTATCAACAGCACC-1,visium,12008,18347,9.903587341308594,7127.0,1.7499125003814697
TCGTATCACGTTATGA-1,visium,9057,14338,9.540075302124023,3662.0,0.5393742918968201
TCGTATGCCGGACGTT-1,visium,13798,7071,9.878682136535645,6612.0,2.537290573120117
TCGTATGTCGTGCCTA-1,visium,566,11969,10.149331092834473,7150.0,5.24381160736084
TCGTATGTGGCCATTA-1,visium,16950,19930,10.642205238342285,9203.0,3.090961217880249
TCGTATTAGATCCGGT-1,visium,8842,2805,9.566965103149414,5914.0,4.33351993560791
TCGTATTCTGAGTGGC-1,visium,9940,6286,8.665958404541016,2996.0,1.327357292175293
TCGTCAAGCCTAATCT-1,visium,10152,17283,9.017119407653809,4313.0,0.7643775939941406
TCGTCAAGTCCAGGTT-1,visium,16101,5181,9.052047729492188,4429.0,0.5741066336631775
TCGTCACGATGTTCGA-1,visium,4082,6317,9.552013397216797,5532.0,5.763217926025391
TCGTCAGAACAGCCAG-1,visium,719,11700,10.113018989562988,6998.0,5.458010673522949
TCGTCATCGTACCAAT-1,visium,6525,2013,9.054855346679688,4359.0,1.9628461599349976
TCGTCCAGCATGGCTT-1,visium,9807,10311,8.87388801574707,2853.0,0.19602352380752563
TCGTGCCTCGGTAGTT-1,visium,15371,12964,9.454854011535645,5426.0,1.5819562673568726
TCGTTAGCCAGGCCAG-1,visium,1330,10624,10.016012191772461,6331.0,7.479558944702148
TCTAACAAGCCAATCC-1,visium,3513,15441,8.98469352722168,3223.0,0.42611855268478394
TCTAACTCTATGTTCT-1,visium,11541,17544,8.629807472229004,3275.0,0.4825737476348877
TCTACAACTGGAACTT-1,visium,16446,12153,8.86911678314209,3582.0,0.8159819841384888
TCTACACTAATTACTC-1,visium,10870,7354,9.276409149169922,4574.0,0.6646695733070374
TCTACACTCCGGCTCC-1,visium,17855,16170,9.880270004272461,6984.0,3.0399181842803955
TCTACACTGAGCTTCT-1,visium,11233,17546,9.19013786315918,4367.0,0.6123073697090149
TCTACAGCACCGAACC-1,visium,4209,1220,9.358674049377441,5219.0,0.8363511562347412
TCTACAGCACGTCCGA-1,visium,4110,11682,9.028219223022461,3307.0,0.863930881023407
TCTACAGCTGAATCAA-1,visium,18457,13484,9.296792984008789,5163.0,3.714914560317993
TCTACAGGTACGCAGT-1,visium,9796,8165,9.469314575195312,5079.0,1.358548879623413
TCTACATAGACGTGAG-1,visium,14794,20478,10.17648696899414,7908.0,1.2786847352981567
TCTACATGAACTATAC-1,visium,3805,12220,9.886595726013184,6419.0,5.299023628234863
TCTACATGAATCTGAT-1,visium,7468,5227,8.744966506958008,2985.0,0.6052882671356201
TCTACATGTCCGACTT-1,visium,11496,8961,9.93134593963623,6424.0,3.3748297691345215
TCTACATTCGATCGCC-1,visium,16327,18860,10.17198657989502,7422.0,1.173592209815979
TCTACATTGGAGTAAT-1,visium,540,7141,10.277359008789062,7415.0,6.437074184417725
TCTACCGGTCAATAGC-1,visium,2367,2839,8.832733154296875,3115.0,0.641960859298706
TCTACTCCGACTCGGC-1,visium,10568,8429,8.903950691223145,3028.0,0.3396739065647125
TCTACTCGTTCATCGC-1,visium,18036,21265,9.807912826538086,6758.0,0.6216989159584045
TCTACTGTCTCAATGA-1,visium,7487,8982,9.892780303955078,6129.0,3.3205296993255615
TCTACTTAACCGGCCT-1,visium,15878,21277,8.9386625289917,4199.0,0.24934382736682892
TCTACTTAGGTTCTTA-1,visium,6127,14086,9.810275077819824,5869.0,3.156045913696289
TCTACTTAGTATTAGT-1,visium,1609,5258,9.912199974060059,6402.0,5.199761867523193
TCTACTTCACCGTGGA-1,visium,6240,6306,9.574219703674316,5401.0,1.702807903289795
TCTAGAACTTCTTGCA-1,visium,1926,6865,9.897318840026855,6201.0,8.729120254516602
TCTAGAATTGCGGTTG-1,visium,16904,11346,7.124478340148926,920.0,0.5640612244606018
TCTAGACGGTGGCTGA-1,visium,15872,20204,10.25512981414795,8287.0,1.9664403200149536
TCTAGAGTCTCCACGC-1,visium,6531,3086,8.900548934936523,4007.0,0.7361963391304016
TCTAGATAAGGTTAGC-1,visium,12565,7077,9.835583686828613,6278.0,3.3554532527923584
TCTAGCAGCGGATCAG-1,visium,16703,2495,9.117457389831543,4772.0,0.9657594561576843
TCTAGCGGAATGGATC-1,visium,4212,1757,9.654641151428223,6083.0,3.4246134757995605
TCTAGCTCCGAGGACC-1,visium,1589,1502,9.001469612121582,4259.0,1.0722209215164185
TCTAGCTTATTCGCCA-1,visium,6837,2547,8.316544532775879,2684.0,0.5134474635124207
TCTAGGCGGAAGGCAC-1,visium,8738,12194,9.522812843322754,5454.0,2.2755541801452637
TCTAGGCTTAAGACTG-1,visium,17857,16706,9.250041961669922,5033.0,0.451749324798584
TCTATGATCGGTGCCT-1,visium,14426,9213,9.903237342834473,6594.0,1.8505550622940063
TCTATTCCTTCCGGAA-1,visium,6381,3891,9.664024353027344,5643.0,0.7369758486747742
TCTATTCTGCATTGGC-1,visium,12440,12711,9.38957405090332,5253.0,1.5047650337219238
TCTATTGATGCATGCC-1,visium,16025,19935,10.421805381774902,8089.0,1.4650269746780396
TCTATTGGCTTCGATC-1,visium,16474,17518,8.784774780273438,3612.0,0.413286417722702
TCTGAGCGTAATTGTC-1,visium,4531,3901,8.94089126586914,3283.0,0.5630483627319336
TCTGAGTCAGATCTTG-1,visium,6424,11938,9.862092971801758,6431.0,3.465707540512085
TCTGATCATAATGATT-1,visium,7762,2543,9.219993591308594,4788.0,1.6145007610321045
TCTGCAAGGACGGCAA-1,visium,9332,7899,9.574150085449219,5272.0,1.7585320472717285
TCTGCAATTCACAAGA-1,visium,7804,10590,8.733755111694336,3511.0,0.579896867275238
TCTGCCTGGATGTCAG-1,visium,3024,10347,9.926959991455078,6051.0,9.226335525512695
TCTGCGAGGTGCACGT-1,visium,16177,19666,10.642969131469727,8092.0,1.2340079545974731
TCTGCGCTTGCAGATA-1,visium,7236,19713,7.269616603851318,1070.0,0.3484320640563965
TCTGCGTGCTATTCTA-1,visium,13363,12170,9.121071815490723,4678.0,0.7107709050178528
TCTGCGTGCTTCAGAC-1,visium,12271,9761,9.687567710876465,5865.0,2.879304885864258
TCTGGATATTAACCTA-1,visium,8291,15147,9.430118560791016,4615.0,1.9105722904205322
TCTGGTAATCGTCCAA-1,visium,18264,6242,9.517457008361816,5680.0,1.029866099357605
TCTGGTATCTGTAGCC-1,visium,16302,14032,10.130743026733398,7187.0,3.916022539138794
TCTGGTCACTATCTGT-1,visium,18564,4631,9.893538475036621,6983.0,3.2018582820892334
TCTGGTCCTCCACTGT-1,visium,2894,14908,8.878776550292969,3110.0,0.5016023516654968
TCTGTACGCTGTCCTC-1,visium,13057,12708,9.69437026977539,6244.0,3.0693373680114746
TCTGTCACCGTTAATA-1,visium,16910,12419,8.28071117401123,2603.0,1.0390268564224243
TCTTACATTACTTCGC-1,visium,5782,7113,9.472935676574707,3581.0,0.4076296091079712
TCTTACCATTCTAAGC-1,visium,17708,17512,9.042158126831055,4533.0,0.5206484198570251
TCTTACCGCACTGAAT-1,visium,3595,1760,9.560293197631836,5922.0,2.2341248989105225
TCTTACCGCTCGTATG-1,visium,14276,10019,9.886290550231934,6784.0,3.6422829627990723
TCTTACCGGATCCGCT-1,visium,990,4724,10.027297019958496,7057.0,2.540313720703125
TCTTACGAATCAGTGC-1,visium,9380,17019,8.32820987701416,2480.0,0.7733204364776611
TCTTACGAGGAATAAG-1,visium,4116,12755,9.180809020996094,4499.0,3.1005356311798096
TCTTACGAGGCCGACA-1,visium,7075,18373,9.709781646728516,5113.0,0.35200580954551697
TCTTACGGCCGCAACA-1,visium,4730,12215,9.173365592956543,3938.0,0.425487756729126
TCTTACTCTGTATGCG-1,visium,8268,10855,9.213933944702148,4976.0,2.222222328186035
TCTTACTGAGACTAGT-1,visium,14290,12701,9.513920783996582,5577.0,2.0817954540252686
TCTTAGATGCCTCCGA-1,visium,5513,14626,9.898575782775879,6610.0,3.4571125507354736
TCTTAGGCCTGGCGTA-1,visium,18887,7312,8.701845169067383,3522.0,0.6818559765815735
TCTTAGGCGACAGTCA-1,visium,3312,6590,9.182866096496582,4607.0,1.3466283082962036
TCTTAGTCGCGGCAGA-1,visium,1514,16256,9.81421947479248,6510.0,2.3672845363616943
TCTTAGTCGTCTCGGC-1,visium,9813,11384,8.685246467590332,2886.0,0.4058166742324829
TCTTCGAACAGCGTTA-1,visium,13032,7879,10.025616645812988,7214.0,3.1906890869140625
TCTTCGAATTGTATAC-1,visium,2693,6057,9.636131286621094,5598.0,6.454563140869141
TCTTCGCCATTCGAAT-1,visium,11818,11641,8.718990325927734,2739.0,0.17982670664787292
TCTTGAGCGGCAACGC-1,visium,9911,922,9.020148277282715,3987.0,0.7378734350204468
TCTTGAGTCATTATAC-1,visium,13985,13239,9.984790802001953,6849.0,4.738855838775635
TCTTGAGTCTCCGAAT-1,visium,18471,16166,9.865110397338867,6949.0,2.3381481170654297
TCTTGCACCAATCTAT-1,visium,5923,4698,8.759825706481934,3474.0,1.1927181482315063
TCTTGCACGTATGGAC-1,visium,19263,20186,10.944540977478027,9799.0,2.4345462322235107
TCTTGCACTATTCAGA-1,visium,7821,13809,9.863238334655762,6235.0,4.154086589813232
TCTTGCACTGGTGCTC-1,visium,8848,3878,9.395075798034668,4991.0,0.8313934206962585
TCTTGCAGACTGCGAG-1,visium,1672,17060,9.33503246307373,3903.0,0.7062770128250122
TCTTGCCACGTTCACT-1,visium,15951,5986,9.090542793273926,4461.0,0.3833145499229431
TCTTGCCATCGTTGTA-1,visium,5934,6844,9.005650520324707,2832.0,0.3681885004043579
TCTTGCCGGAGCCAGA-1,visium,9450,1192,9.708870887756348,5872.0,2.830761671066284
TCTTGCCGGCAGTCTA-1,visium,8254,8173,9.692890167236328,5677.0,3.5923707485198975
TCTTGCTCCGTCGGCA-1,visium,4591,15167,8.956221580505371,3250.0,0.3352675437927246
TCTTGTTACCGGTTAC-1,visium,15102,20476,9.925444602966309,6851.0,0.5772146582603455
TCTTGTTATTCTTGAT-1,visium,15340,7063,9.283125877380371,5033.0,1.3948297500610352
TGAACCAATGTTGAGC-1,visium,17405,18586,10.234013557434082,8210.0,2.091042995452881
TGAACGAATCTTAATT-1,visium,17331,4638,9.357725143432617,5345.0,1.3722275495529175
TGAACGGACACGTATC-1,visium,7190,11129,8.7327880859375,3087.0,0.7578200697898865
TGAACGGACATTGAGT-1,visium,15775,1963,9.242711067199707,5002.0,0.8810998797416687
TGAACGGATCTGGTAC-1,visium,5810,12478,9.8347806930542,6358.0,3.5081140995025635
TGAACTCAAGGTCGGT-1,visium,676,3653,10.24654483795166,6953.0,2.568833351135254
TGAAGATACAATCTGC-1,visium,552,9287,10.423916816711426,7449.0,6.771854877471924
TGAAGCACCGTCATGA-1,visium,10110,9236,9.275191307067871,4032.0,0.9372949600219727
TGAAGTATGATCGTGC-1,visium,10588,12184,9.378985404968262,4232.0,1.2081784009933472
TGAATACAGACTGCTC-1,visium,18638,18580,10.251535415649414,7970.0,1.122683048248291
TGAATATGGCCTGCCA-1,visium,17722,20194,10.64611530303955,8991.0,3.5476348400115967
TGAATGCGGTTATGGA-1,visium,1652,13305,9.351926803588867,5335.0,1.5104166269302368
TGAATGGTGCTTCGAT-1,visium,1064,18673,10.093156814575195,7435.0,2.527299642562866
TGAATGTACCTTCGTC-1,visium,16452,13226,9.487138748168945,5757.0,1.819836139678955
TGAATGTTGACATCGT-1,visium,13988,13776,9.871893882751465,6750.0,3.7725138664245605
TGAATTATGCCGCAGT-1,visium,4122,13828,9.199178695678711,3909.0,0.920307457447052
TGAATTCGTGGTATAA-1,visium,14285,11628,8.99677562713623,4182.0,0.5200594067573547
TGACAGTACTATTCTA-1,visium,11940,5471,9.119430541992188,4624.0,0.777656078338623
TGACATTACAACGCCG-1,visium,6283,14353,9.97208023071289,6281.0,2.1943135261535645
TGACCAACAGATAGGT-1,visium,5989,17037,9.031213760375977,4332.0,0.5024524331092834
TGACCAAGCTGCACAT-1,visium,9533,16750,7.8902082443237305,1482.0,0.33707866072654724
TGACCAATCAGCCACG-1,visium,12293,14053,9.871429443359375,6479.0,4.724287509918213
TGACCAGCACTCCAGC-1,visium,14123,10288,9.819072723388672,6413.0,2.812839984893799
TGACCAGGCTCATGCA-1,visium,5844,18916,8.592857360839844,2712.0,0.5378338694572449
TGACCATCCATCTGCT-1,visium,10228,2529,9.48630428314209,5305.0,1.1762919425964355
TGACCATGTACACTCA-1,visium,710,10091,10.225643157958984,7125.0,6.286004066467285
TGACCTCACGCACGAG-1,visium,456,20286,10.106101989746094,7830.0,0.853374719619751
TGACCTCACTCCTTAT-1,visium,18485,18849,10.481111526489258,8071.0,1.4424021244049072
TGACCTCCTTCAGATT-1,visium,7934,6029,8.593042373657227,2565.0,0.6675319671630859
TGACCTGTCTATCTCG-1,visium,9156,3876,9.617870330810547,5338.0,0.7784431576728821
TGACGCTCACCAAGCC-1,visium,9075,17557,8.64365005493164,3443.0,0.5288207530975342
TGACGCTCGCGGTAGT-1,visium,3346,13028,9.81514835357666,6097.0,4.664627552032471
TGACGCTGCAGCTCAT-1,visium,1754,3379,9.989803314208984,6693.0,3.8161635398864746
TGACGCTGCGATAGTA-1,visium,14152,15653,9.568714141845703,6040.0,2.718568801879883
TGACGCTTACTAGACA-1,visium,2902,16517,9.362460136413574,4470.0,0.4896066188812256
TGACGGAGCGCTATAC-1,visium,15823,11084,9.16993522644043,3738.0,0.37488284707069397
TGACGGCAGCCAGACC-1,visium,18016,17510,8.889307975769043,4112.0,0.3998345732688904
TGACTCCAAGTCTACC-1,visium,15965,8669,8.531490325927734,3002.0,0.31551963090896606
TGACTCGGCCGACCGA-1,visium,704,9018,10.240102767944336,7168.0,5.55654764175415
TGACTCGGTGTCATCG-1,visium,19096,17772,9.37169361114502,5316.0,0.5531914830207825
TGACTCTGCTCGCACG-1,visium,9021,7364,10.045854568481445,6662.0,2.623704433441162
TGACTTAATGCGTTGG-1,visium,849,7139,10.34167766571045,7392.0,6.416749954223633
TGACTTCGGCGTAACA-1,visium,5202,14091,9.676837921142578,4803.0,0.7840431332588196
TGACTTGCACTCACGG-1,visium,8916,16753,8.224967956542969,1965.0,0.535905659198761
TGAGAACGAGTTCTGT-1,visium,18420,6510,9.274816513061523,4951.0,0.9001407027244568
TGAGACAAGGACGACC-1,visium,13343,8414,10.21869945526123,7363.0,3.5352063179016113
TGAGACAGAAGTGCTC-1,visium,11821,12178,9.221379280090332,3434.0,0.2176063358783722
TGAGACCTGAGCCGAG-1,visium,17475,2759,9.85087776184082,6948.0,4.131970405578613
TGAGACGTGAACGGTC-1,visium,18878,5702,9.543449401855469,5835.0,1.3259748220443726
TGAGACTATTGAATCT-1,visium,9015,6291,9.488199234008789,5029.0,1.9996970891952515
TGAGATGCTCTAATGA-1,visium,5527,17308,8.369853019714355,2333.0,0.6026889085769653
TGAGCACCTCGACGTT-1,visium,15555,18596,9.972173690795898,6880.0,0.784277081489563
TGAGCATAGTCTTATT-1,visium,1983,17595,9.817221641540527,6292.0,1.4226534366607666
TGAGCCGCGTGATCAT-1,visium,707,9554,10.189268112182617,7006.0,7.172646999359131
TGAGGAATCCATAGAA-1,visium,2554,9008,9.958732604980469,6384.0,5.9427490234375
TGAGGTAGGACTACTG-1,visium,9510,12458,9.09638786315918,2929.0,0.3362474739551544
TGAGTAAGCGCAATCC-1,visium,5009,6849,9.370672225952148,4627.0,1.6953485012054443
TGAGTACGCTGCTCAG-1,visium,9917,1995,9.77928352355957,5941.0,1.1266489028930664
TGAGTATTCTAGGACT-1,visium,15971,9742,9.277905464172363,4801.0,0.4767245948314667
TGAGTGACCTACTCGT-1,visium,3963,13024,9.489108085632324,5387.0,4.381716251373291
TGAGTGAGATCGCTAA-1,visium,10147,16210,9.498372077941895,5202.0,2.2868711948394775
TGAGTGAGGCACGCCT-1,visium,15354,9745,9.556267738342285,5743.0,1.8185677528381348
TGAGTTCGCTTGACCT-1,visium,1607,4721,9.365204811096191,5029.0,1.5076237916946411
TGAGTTGTCCTCGCTT-1,visium,2297,18666,9.838521957397461,6611.0,1.920922040939331
TGAGTTGTTAGCACCG-1,visium,17337,5711,8.800113677978516,3909.0,0.497437447309494
TGATAAGCAGTAAGAA-1,visium,15509,10012,9.34775161743164,4643.0,0.6014643907546997
TGATAGGAGCATCAAC-1,visium,7179,8984,9.85623836517334,6107.0,2.1492974758148193
TGATCCGCACTCCTTA-1,visium,2566,11154,9.985021591186523,6547.0,5.212461948394775
TGATCGGACCTGGATG-1,visium,11337,8157,9.165552139282227,4012.0,0.8158142566680908
TGATCTTGCCTATTGT-1,visium,917,20015,10.150776863098145,7854.0,0.7770402431488037
TGATGGAACTAACGAA-1,visium,14556,4652,8.764366149902344,3589.0,0.5311670303344727
TGATGGATGATCACGG-1,visium,3773,6319,9.498897552490234,5689.0,2.900179862976074
TGATGGCCGGCATCGC-1,visium,8107,9515,9.445016860961914,4366.0,0.7513445615768433
TGATGGCTAATCCATA-1,visium,17320,2492,9.23249340057373,5132.0,1.5357526540756226
TGATGGCTGCGACGAT-1,visium,5779,6577,9.565984725952148,3504.0,0.3854239583015442
TGATGGTTCCACTGAT-1,visium,16881,7054,9.313889503479004,5180.0,0.8205590844154358
TGATTAGAATGACATA-1,visium,8130,13807,9.951610565185547,6494.0,3.998094081878662
TGATTCAACGACAAGG-1,visium,14797,21014,9.691160202026367,6219.0,0.25350892543792725
TGATTCAAGATCGAGC-1,visium,2441,16788,9.195125579833984,3741.0,0.8428106904029846
TGATTCGTCTGGATCT-1,visium,7012,6570,8.76499080657959,2843.0,0.49960967898368835
TGCAACAGTGAAGCTC-1,visium,8447,15415,9.426338195800781,5279.0,2.514101505279541
TGCAACGTTACCTGGT-1,visium,11193,10035,9.4784574508667,5420.0,2.41701078414917
TGCACCGGTCACCTCC-1,visium,3522,17050,8.196436882019043,1940.0,0.3308519423007965
TGCACGAATGTACTAA-1,visium,1686,19743,10.030560493469238,7128.0,0.9115328788757324
TGCACGAGTAGAGTTA-1,visium,11388,17813,9.35547924041748,5064.0,0.7352305054664612
TGCACGAGTGTCAGCC-1,visium,13654,8949,10.131977081298828,7053.0,3.147256851196289
TGCACGCTCCTATCCG-1,visium,2897,15444,9.023407936096191,3962.0,0.5907885432243347
TGCACGGCTGAGACTT-1,visium,4880,11410,9.847763061523438,6520.0,4.641818523406982
TGCACGGCTGGTAAGG-1,visium,10845,2526,9.259130477905273,4194.0,0.5143347382545471
TGCACGTAGTTCGAAG-1,visium,11651,9228,9.949703216552734,6460.0,3.2370493412017822
TGCACGTGATTATCAA-1,visium,17348,7857,8.934060096740723,3942.0,0.8437706232070923
TGCACTCCAGCTACTC-1,visium,16763,13761,10.155062675476074,7691.0,3.5886471271514893
TGCAGAACTATCAACT-1,visium,1284,2040,9.512442588806152,4732.0,0.6062397956848145
TGCAGAAGCAGTAGGC-1,visium,1522,17866,10.126871109008789,7264.0,2.231553792953491
TGCAGAATCGGAGGCT-1,visium,15161,2503,9.134754180908203,4690.0,0.8952648639678955
TGCAGACAATACTGTT-1,visium,9649,9507,10.01449203491211,6557.0,2.1479392051696777
TGCAGAGCCTTGCCGG-1,visium,11920,1716,8.03463077545166,1816.0,0.42139384150505066
TGCAGAGGTCGTAATT-1,visium,16276,9204,8.120291709899902,2040.0,0.4165426790714264
TGCAGATGAGATCTAG-1,visium,2065,3914,9.961709022521973,6418.0,4.321162223815918
TGCAGTACAACGAGTG-1,visium,1785,9280,10.091460227966309,6659.0,6.7909674644470215
TGCAGTCGAGCACCAA-1,visium,11790,6277,9.381094932556152,5068.0,1.1044600009918213
TGCAGTTATTCCACTC-1,visium,8896,12998,9.295692443847656,3939.0,0.4958677589893341
TGCAGTTGTCGGAGCG-1,visium,15094,18867,10.017396926879883,7320.0,1.3921114206314087
TGCATTAATGGCCACC-1,visium,13682,14314,10.146512031555176,7652.0,3.121446371078491
TGCATTCACGTGTACT-1,visium,14850,1968,8.754318237304688,3636.0,0.7258955240249634
TGCATTCGCCAGCGAT-1,visium,2125,15180,9.122928619384766,4301.0,2.2920758724212646
TGCATTCGCTACAATG-1,visium,8554,6562,9.865266799926758,6424.0,2.192321538925171
TGCATTCGTCTACAGG-1,visium,19189,6237,7.419980049133301,1125.0,1.3189448118209839
TGCATTCTTACGGAGG-1,visium,1943,10084,9.890300750732422,6077.0,8.187667846679688
TGCATTGCTGTCGGCG-1,visium,10576,10038,8.29379940032959,2264.0,0.4752376079559326
TGCCAATCCATGTCTA-1,visium,9216,15142,10.133606910705566,7055.0,4.456979274749756
TGCCACAATGCTACCG-1,visium,2741,15177,8.88002872467041,3508.0,0.48705819249153137
TGCCACCTATTACATT-1,visium,3448,3102,9.06114387512207,3948.0,0.5456867814064026
TGCCACTATCAGGCAG-1,visium,6073,3893,9.187173843383789,4586.0,0.8597748279571533
TGCCACTCAACCGGCC-1,visium,4594,15703,8.642062187194824,2886.0,0.33545199036598206
TGCCACTTAAGTGATG-1,visium,1154,6601,9.928668022155762,6557.0,5.84133768081665
TGCCAGACGAGTTAGG-1,visium,16944,18857,10.03797435760498,7216.0,0.9834775924682617
TGCCAGCTATTGTAGA-1,visium,15046,9747,9.965005874633789,6910.0,2.5296220779418945
TGCCAGGATGAGGTTC-1,visium,14293,13238,9.890554428100586,6765.0,3.844595432281494
TGCCAGTGATTCGTGC-1,visium,7188,10593,8.921323776245117,3381.0,0.33382293581962585
TGCCAGTGCAGAGTAT-1,visium,15566,20742,10.078028678894043,7375.0,0.7096964120864868
TGCCAGTTATGCAGCT-1,visium,18703,1680,9.392328262329102,5586.0,0.7919965982437134
TGCCGAATCAAGCGTC-1,visium,7078,18909,9.062419891357422,4365.0,0.12755101919174194
TGCCGACGATGAACTG-1,visium,14239,3045,9.069812774658203,4523.0,0.8057090640068054
TGCCGAGTTAAGAACG-1,visium,9482,7094,9.796792984008789,6203.0,2.2364394664764404
TGCCGGAACTTAGGCA-1,visium,3018,9274,9.815475463867188,6154.0,6.677951812744141
TGCCGGCATTATAGAT-1,visium,14253,5727,8.65014934539795,3507.0,0.4903677701950073
TGCCTAAGTTAATTAT-1,visium,10277,11650,9.499197006225586,4306.0,1.2885825634002686
TGCCTACGCAGGCTGC-1,visium,18451,12411,8.265135765075684,2546.0,1.441441535949707
TGCCTATCAATGCCAT-1,visium,16138,12155,9.038483619689941,4193.0,1.0332541465759277
TGCCTATCGGCTATGT-1,visium,3658,13562,9.710084915161133,5796.0,4.441208839416504
TGCCTATGGACTGGTC-1,visium,10073,2262,9.680343627929688,6051.0,1.5438464879989624
TGCCTTAGGCGTCTAT-1,visium,9778,4946,8.246695518493652,2228.0,0.36706867814064026
TGCGAACATATCGGCT-1,visium,753,18138,10.128589630126953,7344.0,2.1279144287109375
TGCGAATTCTCCGCAC-1,visium,13360,11633,9.342683792114258,5332.0,1.5332049131393433
TGCGACTACGTGCGAG-1,visium,2857,7933,9.904287338256836,6237.0,4.736447811126709
TGCGAGCCAGACGAAT-1,visium,15083,16721,9.980957984924316,7010.0,1.661267876625061
TGCGATCGGATTCACT-1,visium,19164,1409,9.573246002197266,5995.0,0.7791846394538879
TGCGATCTTGCTCGAT-1,visium,15639,5451,8.859931945800781,3980.0,0.4259548485279083
TGCGATGTGCCTTGGC-1,visium,1061,18136,10.129985809326172,7327.0,2.220627546310425
TGCGATTAGCTCCGCC-1,visium,15829,12157,8.842893600463867,3888.0,0.6932408809661865
TGCGCAATTGATCATA-1,visium,12175,20760,9.649755477905273,6078.0,0.5606753826141357
TGCGCCGAACGGACTC-1,visium,15195,8941,10.120613098144531,7186.0,3.356271982192993
TGCGCCGATCGCGAAG-1,visium,7527,16493,9.05193042755127,4417.0,0.5390204191207886
TGCGCCTCTGGCTACA-1,visium,17232,15100,8.771215438842773,3483.0,0.44996118545532227
TGCGCCTCTTCGGCGA-1,visium,7148,3082,8.652597427368164,3275.0,0.5590496063232422
TGCGCTCATAGAACGA-1,visium,13193,9220,9.97329330444336,6648.0,2.443459987640381
TGCGGACATTCGCCGG-1,visium,19241,15894,10.512192726135254,8537.0,1.3384113311767578
TGCGGACGATACGGAC-1,visium,17175,4370,9.265585899353027,5031.0,0.7002933621406555
TGCGGACTCACGTGAT-1,visium,10438,12990,9.581282615661621,3998.0,0.6763284802436829
TGCGGACTTAACTTCC-1,visium,3923,5514,9.633121490478516,5806.0,4.6982502937316895
TGCGGACTTCTGTCGC-1,visium,8706,6293,9.785548210144043,6068.0,2.6105546951293945
TGCGGAGGCTGGACCG-1,visium,2670,1765,9.768412590026855,6513.0,2.7873167991638184
TGCGGATCATCCTAGA-1,visium,14005,16995,10.172636032104492,7933.0,2.66656494140625
TGCGGATCGGATCTTA-1,visium,2871,10616,9.748878479003906,5765.0,6.764328479766846
TGCGTATCTTGTACCG-1,visium,3035,12493,9.792500495910645,6224.0,3.626103401184082
TGCGTCCTAAGTTCCA-1,visium,17778,1685,9.24483871459961,5297.0,1.0144927501678467
TGCGTCTGGATCGGAT-1,visium,1811,14109,9.462032318115234,5550.0,4.517533779144287
TGCGTGTCAGCCAGTG-1,visium,8395,5758,8.640295028686523,2610.0,1.167315125465393
TGCGTGTCGGCGGATA-1,visium,14443,12432,9.038246154785156,4424.0,1.0810168981552124
TGCGTTAGCACGTACC-1,visium,3935,7659,9.72220516204834,5888.0,4.993106842041016
TGCGTTATGTTCCGGA-1,visium,12435,11638,8.689464569091797,3077.0,0.21889206767082214
TGCGTTATTGTTGCGA-1,visium,14383,1166,8.274612426757812,2581.0,0.8414074778556824
TGCGTTGTATTGCCTG-1,visium,4707,7924,9.742202758789062,5998.0,5.2232666015625
TGCTACATCACCGGAT-1,visium,12483,20758,9.769899368286133,6418.0,0.6400731205940247
TGCTACTTGTGGCTGG-1,visium,5657,12747,9.59301471710205,5640.0,2.503239870071411
TGCTATCCATGTAATA-1,visium,11207,12718,9.9630765914917,6346.0,2.2612709999084473
TGCTATCCTAAGACGA-1,visium,9700,19164,9.587406158447266,5981.0,0.9054118990898132
TGCTATGGTTGCGACA-1,visium,13083,17536,9.086929321289062,4147.0,0.6109979748725891
TGCTATTGCGGCGTGG-1,visium,1655,13841,9.47147274017334,5625.0,2.7882614135742188
TGCTATTGGTAAGTTC-1,visium,19040,7043,9.144841194152832,4663.0,0.92899090051651
TGCTATTGTCAAGGAG-1,visium,4229,4975,9.539068222045898,5396.0,4.470520496368408
TGCTCAGATTGGTAGC-1,visium,15328,4917,9.379070281982422,5514.0,1.115147352218628
TGCTCCTAACGGAAGA-1,visium,851,7676,9.754929542541504,6194.0,4.008585453033447
TGCTGTATTAGCGGTC-1,visium,14550,3579,9.411728858947754,5124.0,0.5641863942146301
TGCTGTCAGAACGAAG-1,visium,6894,13277,9.812906265258789,5695.0,1.9762413501739502
TGCTGTCTTGTTAATG-1,visium,13181,7074,10.020203590393066,6699.0,3.661846399307251
TGCTGTGAAGTCAAGA-1,visium,2249,9546,9.99026107788086,6317.0,7.780121326446533
TGCTGTTCTGTAGACC-1,visium,18941,17505,9.295692443847656,5159.0,0.6703397631645203
TGCTGTTCTTGTCCAA-1,visium,18929,15359,9.626283645629883,6103.0,0.7389324903488159
TGCTTACTCACCGGTC-1,visium,15846,15375,10.02508544921875,7068.0,3.170245885848999
TGCTTAGCTCCTGGCT-1,visium,6752,15692,8.8004150390625,3077.0,0.4219409227371216
TGCTTAGTTGACTTAC-1,visium,7615,3885,9.14963436126709,4260.0,0.7226355075836182
TGCTTATGACGCTGGC-1,visium,13037,8952,9.798849105834961,6099.0,3.1367976665496826
TGCTTATGCGGTTCTG-1,visium,13086,18073,9.691407203674316,6014.0,0.6490696668624878
TGGAAGACGTGAGTAG-1,visium,1361,16525,9.655858993530273,6143.0,4.233922958374023
TGGAAGACTAGTCTTG-1,visium,14864,4651,8.636397361755371,3435.0,0.3728693127632141
TGGAAGCCATAACAGT-1,visium,3678,17318,7.24992561340332,887.0,0.6396588683128357
TGGAAGCTAGTAATAC-1,visium,614,21089,9.071078300476074,4205.0,0.3908495306968689
TGGAAGCTCCATCGAC-1,visium,1802,12499,9.59926986694336,5992.0,2.9078831672668457
TGGAAGGTTCGCTTGC-1,visium,16256,5448,9.169414520263672,4506.0,0.43759116530418396
TGGAAGTCCGCAGTCT-1,visium,18559,3558,9.836599349975586,6921.0,2.924351692199707
TGGAAGTCTGGACTAA-1,visium,16550,2764,9.205126762390137,4884.0,1.347139835357666
TGGACGCCTGCGACCG-1,visium,7977,14076,10.01341724395752,6525.0,3.906285047531128
TGGACTGACGTACCAC-1,visium,3064,17858,8.473241806030273,2764.0,0.29264214634895325
TGGACTGAGTACCTAG-1,visium,4263,11413,9.714564323425293,6162.0,2.639526605606079
TGGACTTCGCGGAACT-1,visium,13719,21288,9.826282501220703,6324.0,0.22146598994731903
TGGAGTCGGCAAGCTC-1,visium,3909,2831,9.237857818603516,4831.0,1.2453784942626953
TGGAGTGAACGCGGTC-1,visium,2583,14373,9.033364295959473,3540.0,0.7639966607093811
TGGAGTGATGGCTCTT-1,visium,3188,12224,9.79668140411377,6161.0,4.7515716552734375
TGGAGTGCTCCTGATC-1,visium,15527,13231,9.32259750366211,5157.0,1.1531240940093994
TGGAGTTGAGTCGACA-1,visium,12322,19418,10.11107063293457,7699.0,2.3767926692962646
TGGAGTTGGTGAATCA-1,visium,16564,5447,9.243485450744629,4957.0,0.9384675025939941
TGGATCATTGTAACGG-1,visium,5954,10599,9.956648826599121,6467.0,5.812906265258789
TGGATCCAGTCACTTC-1,visium,13976,11630,8.908559799194336,3922.0,0.5004057288169861
TGGATCGGCCTCCATG-1,visium,3439,1492,9.257224082946777,4991.0,1.4409772157669067
TGGATTAGTACATTGC-1,visium,11711,20494,9.923093795776367,6668.0,0.6227016448974609
TGGCAAGCGACACTTA-1,visium,2102,10888,10.060064315795898,6626.0,6.532985687255859
TGGCATCGATCAATTG-1,visium,3061,17321,8.6767578125,2292.0,0.35811731219291687
TGGCATGCGTTCACGC-1,visium,5216,16773,9.173157691955566,4109.0,0.6539339423179626
TGGCATGTTCGAACAG-1,visium,1661,14914,9.02316665649414,4035.0,1.1336227655410767
TGGCCAACATTCTGAG-1,visium,8297,16220,7.929846286773682,1631.0,0.39596831798553467
TGGCCAAGCGTACAAG-1,visium,18154,14558,9.19796371459961,4562.0,1.2758201360702515
TGGCCACTCCGCGGAC-1,visium,15343,7599,9.923486709594727,6609.0,2.4898300170898438
TGGCCAGAATCACTTG-1,visium,14175,19945,9.708566665649414,6373.0,0.5225740075111389
TGGCCAGAGTATCTCC-1,visium,16149,14301,9.981558799743652,6926.0,2.6915783882141113
TGGCCAGATCCGGACA-1,visium,11340,8693,9.779454231262207,6095.0,2.8472771644592285
TGGCCGTCTATCAGGA-1,visium,388,7410,10.232107162475586,7460.0,5.507559299468994
TGGCCTGACATACTCA-1,visium,9040,11120,9.28424072265625,4898.0,1.4211405515670776
TGGCCTGGCACTGTGG-1,visium,7182,9520,9.922162055969238,6332.0,3.3078129291534424
TGGCGAATTCTATGGT-1,visium,8992,1999,9.845911026000977,6529.0,2.5264830589294434
TGGCGACACTGCCGGA-1,visium,9374,15946,9.757999420166016,6111.0,3.3774797916412354
TGGCGACAGCACGGCC-1,visium,15948,5450,9.111734390258789,4465.0,0.49668875336647034
TGGCGACATACGCTCA-1,visium,18714,3826,9.922162055969238,7168.0,2.9250097274780273
TGGCGATGAGTGGCAG-1,visium,4678,2559,9.431802749633789,5446.0,2.011540412902832
TGGCTCACTCAATCAC-1,visium,292,18409,9.421168327331543,5164.0,0.5183865427970886
TGGCTCCGCATCAGAT-1,visium,11371,14594,9.038840293884277,3998.0,0.8429300785064697
TGGCTGGAGTTATTGT-1,visium,18853,874,9.58472728729248,5695.0,0.763411283493042
TGGTACAAGACACTGA-1,visium,9009,5218,8.73953628540039,3234.0,0.4644458591938019
TGGTACAAGACCAATC-1,visium,2837,4178,9.956270217895508,6446.0,4.406393527984619
TGGTACCAATACTTAC-1,visium,385,6874,10.175040245056152,7108.0,6.269293785095215
TGGTACCAGATTGTTA-1,visium,8464,18634,9.911208152770996,5664.0,0.28778403997421265
TGGTACGGACGTAGTT-1,visium,12291,13517,8.556798934936523,3033.0,5.133627891540527
TGGTACGGTCGGCGAA-1,visium,6447,16230,9.202812194824219,4639.0,0.8162031769752502
TGGTACGTGCTGTTGA-1,visium,16160,16447,10.038891792297363,7099.0,1.9389493465423584
TGGTACTGACCGCTGC-1,visium,11459,1986,8.347590446472168,2102.0,0.4266413748264313
TGGTACTGGTATCTTG-1,visium,5525,16771,8.890961647033691,3750.0,0.619408130645752
TGGTAGCATCAAGTCT-1,visium,9663,12189,8.964568138122559,2695.0,0.40920716524124146
TGGTAGCCAGTTGACA-1,visium,10608,15940,9.822819709777832,6425.0,2.325329303741455
TGGTATGCAAGTCTAT-1,visium,12449,14321,9.900884628295898,6683.0,2.727227210998535
TGGTATTAGCTAGACC-1,visium,3160,6859,9.50532054901123,5382.0,5.428145885467529
TGGTATTCCTAGTCCA-1,visium,8274,11928,9.715590476989746,5940.0,4.115127086639404
TGGTATTGAGTTGTAA-1,visium,7479,7372,9.70783805847168,5563.0,4.597141742706299
TGGTCGCCGGCTTACT-1,visium,10112,9773,9.018816947937012,4214.0,1.4292635917663574
TGGTCTCAGAATGCAC-1,visium,18002,14828,8.923591613769531,3964.0,0.8526512384414673
TGGTCTGCTCAGGTTG-1,visium,9945,7359,9.499870300292969,5163.0,1.7968107461929321
TGGTGCACGACCTTAG-1,visium,6274,12744,9.946355819702148,6456.0,4.3017964363098145
TGGTGCAGACCGAAGT-1,visium,8568,9244,9.90897274017334,6155.0,2.5510964393615723
TGGTGCAGTACCATGC-1,visium,16109,6790,8.671114921569824,3404.0,0.3429943323135376
TGGTGCATTGTAATCC-1,visium,410,11702,10.23595142364502,7350.0,5.041775703430176
TGGTGCCGCTGCAACA-1,visium,886,14114,9.987506866455078,6468.0,2.6480324268341064
TGGTGCCTAGCACGGC-1,visium,14585,10017,9.973153114318848,6797.0,3.7449865341186523
TGGTGCCTTCCGCTAA-1,visium,17402,18050,10.563440322875977,8059.0,1.3077300786972046
TGGTGCGAACGTGGCG-1,visium,1367,17598,9.97385311126709,6870.0,2.0086684226989746
TGGTGCGAATCCTGCT-1,visium,1375,19208,10.099753379821777,7434.0,1.6477646827697754
TGGTGCGAGGTCGTAT-1,visium,12610,15661,8.97512435913086,4035.0,0.37960267066955566
TGGTGCTTCTAGGCAA-1,visium,15153,894,9.406318664550781,5663.0,0.9207497239112854
TGGTTGAACACGCCAA-1,visium,7816,12736,9.408781051635742,4847.0,2.082991600036621
TGGTTGCCTCCGGCTT-1,visium,8133,14343,9.865785598754883,6148.0,2.663689613342285
TGGTTGGATTGAGCTG-1,visium,14641,20747,10.059721946716309,7451.0,0.7613019347190857
TGGTTGGCGAAGCCTT-1,visium,18607,12678,8.547916412353516,2949.0,1.5130940675735474
TGGTTGGTATCGGCAT-1,visium,8995,2536,9.68396282196045,6182.0,4.278507709503174
TGTAAGATCTTCACAT-1,visium,12124,11103,9.054972648620605,3439.0,0.5373831987380981
TGTAAGGTGAGCGACC-1,visium,9954,8969,9.067739486694336,3162.0,0.46136099100112915
TGTAAGTGATCAGACC-1,visium,1601,3648,9.984883308410645,6633.0,3.0283474922180176
TGTAATACTACACGGT-1,visium,359,2045,8.630165100097656,2956.0,1.07200288772583
TGTAATAGCCGATTAT-1,visium,18146,12949,9.56612491607666,5851.0,2.725616693496704
TGTAATCATATGAGAC-1,visium,5802,10869,9.7806978225708,5879.0,4.534147262573242
TGTAATCGAGACTGGC-1,visium,6376,2818,9.081597328186035,4590.0,1.433284044265747
TGTAATGCCTAACACC-1,visium,6995,3351,8.612685203552246,3021.0,0.6181818246841431
TGTAATTGTATCCTCG-1,visium,14619,16455,9.821843147277832,6574.0,1.2533231973648071
TGTACCAACTACGCAT-1,visium,16152,14837,8.888481140136719,3730.0,0.8279288411140442
TGTACCACATACTGGT-1,visium,17057,11077,7.133296012878418,996.0,0.7987220883369446
TGTACCTGCAGGAACA-1,visium,4362,951,9.717338562011719,6204.0,1.0902299880981445
TGTAGCCGTACATAAC-1,visium,9300,1998,9.819453239440918,5817.0,1.1149181127548218
TGTAGGAGCTTCAATA-1,visium,15405,19402,10.289803504943848,8322.0,1.9401971101760864
TGTAGGATCAGAGCGT-1,visium,4246,8194,9.573176383972168,5506.0,4.557155609130859
TGTAGGCACGTACCTC-1,visium,1058,17600,10.044986724853516,6973.0,1.6710795164108276
TGTAGGCAGGTCTAGC-1,visium,10995,1721,8.002359390258789,1971.0,0.7030465006828308
TGTAGGTCACTACATG-1,visium,15362,11354,8.53365707397461,2748.0,0.5116096138954163
TGTAGGTCTGAACGCA-1,visium,2090,8742,9.94328498840332,6323.0,5.453846454620361
TGTAGGTTCTGGCTTA-1,visium,6291,15963,9.293394088745117,4177.0,0.506212592124939
TGTATCACGGTGGAAC-1,visium,15475,3575,9.412628173828125,5765.0,1.0783432722091675
TGTATCGGCGGTCGCA-1,visium,1666,15987,9.967307090759277,6671.0,3.241544246673584
TGTATGATTGTAGGTG-1,visium,7770,4152,9.00245475769043,4002.0,0.4555528163909912
TGTATGCAGGATTCAC-1,visium,15003,1699,8.843759536743164,4025.0,0.9523810148239136
TGTATGCCTATCTTAT-1,visium,15934,2767,9.119868278503418,4788.0,1.105758786201477
TGTATGCTCGCCTAGT-1,visium,16095,4108,9.822060585021973,6664.0,2.3270952701568604
TGTATGGAACTACGCA-1,visium,14178,20481,10.208948135375977,8009.0,0.968906581401825
TGTATGGTGCCAAGGT-1,visium,5793,9259,10.493078231811523,7807.0,5.717613220214844
TGTATGTCGAGGAAGC-1,visium,18403,3291,9.774971961975098,6723.0,2.871438980102539
TGTCAACTCATCAACG-1,visium,7677,15687,9.372714042663574,4915.0,0.6546505689620972
TGTCAAGCGGATCGGT-1,visium,15187,7332,10.041203498840332,7065.0,2.540083646774292
TGTCACAGACGTATCC-1,visium,9153,3340,9.224440574645996,4677.0,0.8283207416534424
TGTCACTAGCTCAGAC-1,visium,7911,1737,9.205930709838867,4921.0,1.0346559286117554
TGTCAGAAGTTGTAAC-1,visium,6430,13011,9.875448226928711,6485.0,4.314512252807617
TGTCAGACGAAGCACC-1,visium,2687,4984,9.895455360412598,6311.0,4.632289886474609
TGTCAGTGGCTTCCAT-1,visium,9943,6823,9.368284225463867,3796.0,0.45260462164878845
TGTCATCCAAGCTGCG-1,visium,18774,15092,9.043340682983398,4098.0,0.7918685674667358
TGTCATGCATGAGCAC-1,visium,16293,12422,8.996528625488281,4121.0,0.916522204875946
TGTCATGTGACACGCT-1,visium,1378,19744,10.027915000915527,7239.0,1.165614366531372
TGTCCATGTATGGAAT-1,visium,14607,14309,9.34548282623291,5244.0,1.0571378469467163
TGTCCGATAGTCACAG-1,visium,3442,2029,9.634757995605469,6068.0,2.067251205444336
TGTCCGGATGGCAGTT-1,visium,2987,3373,8.888481140136719,2851.0,0.3863667845726013
TGTCGAGTGCGTTAGC-1,visium,4291,16778,9.296609878540039,3699.0,0.3669724762439728
TGTCGATTCACGTAGT-1,visium,6701,6035,9.512221336364746,5111.0,0.976114809513092
TGTCGCGGAAGAGCTA-1,visium,4384,5243,9.192277908325195,4485.0,5.549898147583008
TGTCGTTCATACGATA-1,visium,6237,5770,9.268325805664062,4854.0,0.7833144664764404
TGTCTACTAGATTGCC-1,visium,1460,6063,10.05147647857666,6727.0,5.567294597625732
TGTCTGGCTTGTCTGT-1,visium,16324,18324,10.021759033203125,6966.0,0.7996446490287781
TGTCTGTAAGCGAACT-1,visium,11383,16740,8.18339729309082,2171.0,0.16759775578975677
TGTCTTGCGACTAATT-1,visium,7349,11933,9.769670486450195,6198.0,3.4583284854888916
TGTCTTGGAATTGGCA-1,visium,6571,10596,9.148890495300293,3470.0,0.6806338429450989
TGTTAAGGAAGTCTTA-1,visium,14415,7067,10.083013534545898,7111.0,3.1213438510894775
TGTTACCTATTGGACA-1,visium,8865,7097,9.863966941833496,6279.0,2.725759506225586
TGTTCACTCACGGTAA-1,visium,18633,17507,9.17585277557373,4942.0,0.7556935548782349
TGTTCACTGTCTTCCT-1,visium,1663,15451,9.539644241333008,5178.0,2.5901143550872803
TGTTCAGAACGGTGTA-1,visium,6413,9792,9.179675102233887,3581.0,0.9281221032142639
TGTTCAGATAACGGTC-1,visium,18095,3292,9.711175918579102,6282.0,2.018181800842285
TGTTCAGCGAGGCAGT-1,visium,2684,4447,9.925200462341309,6464.0,5.196203231811523
TGTTCATAGTATGACG-1,visium,4710,8460,9.752199172973633,5510.0,3.4029436111450195
TGTTCATTGGTCCAAG-1,visium,14876,6797,9.910562515258789,6635.0,2.264038562774658
TGTTCCTCACATTAAT-1,visium,15057,11892,9.050054550170898,4216.0,0.6574313044548035
TGTTCGCAACCGCCAA-1,visium,16544,1691,9.244355201721191,5066.0,0.8893185257911682
TGTTCGTGACCAGTAG-1,visium,17622,1417,9.146121978759766,4767.0,1.4183640480041504
TGTTCTGCTCTGTCGT-1,visium,5649,11138,10.022736549377441,6633.0,6.235576152801514
TGTTGCGTCCAAGATT-1,visium,9640,7897,9.673571586608887,5652.0,2.1521615982055664
TGTTGGAACCTTCCGC-1,visium,5038,12214,9.344783782958984,3467.0,0.40216824412345886
TGTTGGAACGAGGTCA-1,visium,10752,14061,9.623575210571289,4499.0,0.8930933475494385
TGTTGGAAGCTCGGTA-1,visium,14336,21285,9.50136661529541,5957.0,0.5158107280731201
TGTTGGATGGACTTCT-1,visium,7844,18100,9.789590835571289,5485.0,0.3530202805995941
TGTTGGCCAGACCTAC-1,visium,6868,8449,9.845593452453613,5877.0,1.9603688716888428
TGTTGGCCTACACGTG-1,visium,19218,11602,7.718685626983643,1631.0,1.2449977397918701
